{
  "type": "FeatureCollection",
  "features": [
    {
      "type": "Feature",
      "properties": {
        "name": "Ballerup",
        "number": "20",
        "source": "Dataforsyningen opstillingskredse"
      },
      "geometry": {
        "type": "Polygon",
        "coordinates": [
          [
            [
              12.3889737,
              55.7589578
            ],
            [
              12.39241836,
              55.75891967
            ],
            [
              12.3923992,
              55.75931014
            ],
            [
              12.39332202,
              55.75931835
            ],
            [
              12.39334298,
              55.75842955
            ],
            [
              12.39429156,
              55.75830127
            ],
            [
              12.39357306,
              55.75525077
            ],
            [
              12.39377736,
              55.75473245
            ],
            [
              12.39348039,
              55.75469094
            ],
            [
              12.39367089,
              55.75427244
            ],
            [
              12.39357781,
              55.75410032
            ],
            [
              12.39381474,
              55.75271031
            ],
            [
              12.39337347,
              55.75125399
            ],
            [
              12.39728693,
              55.74624641
            ],
            [
              12.3987426,
              55.74524478
            ],
            [
              12.39972479,
              55.74359306
            ],
            [
              12.40006203,
              55.74279628
            ],
            [
              12.40018339,
              55.74022451
            ],
            [
              12.39998262,
              55.74007669
            ],
            [
              12.40037691,
              55.73768923
            ],
            [
              12.40529859,
              55.73832187
            ],
            [
              12.40582299,
              55.73685309
            ],
            [
              12.40641724,
              55.73619499
            ],
            [
              12.40759871,
              55.73566678
            ],
            [
              12.40935406,
              55.7353822
            ],
            [
              12.40951911,
              55.73462757
            ],
            [
              12.40927685,
              55.73391482
            ],
            [
              12.40835683,
              55.73308442
            ],
            [
              12.4076279,
              55.7317826
            ],
            [
              12.40734525,
              55.7307285
            ],
            [
              12.40674724,
              55.73039751
            ],
            [
              12.40654186,
              55.72993693
            ],
            [
              12.40731114,
              55.72920248
            ],
            [
              12.40793764,
              55.72907288
            ],
            [
              12.40888539,
              55.72920507
            ],
            [
              12.4108303,
              55.72891438
            ],
            [
              12.41164716,
              55.72839761
            ],
            [
              12.41196017,
              55.72790949
            ],
            [
              12.41258522,
              55.72795343
            ],
            [
              12.41355802,
              55.72753526
            ],
            [
              12.41353827,
              55.72733099
            ],
            [
              12.41311546,
              55.72709064
            ],
            [
              12.41310052,
              55.72686852
            ],
            [
              12.41426788,
              55.72627401
            ],
            [
              12.4147577,
              55.72539417
            ],
            [
              12.41475039,
              55.72515008
            ],
            [
              12.41605363,
              55.72442868
            ],
            [
              12.416567,
              55.72403397
            ],
            [
              12.41674386,
              55.72362606
            ],
            [
              12.4174493,
              55.72318904
            ],
            [
              12.41837449,
              55.72334678
            ],
            [
              12.4191993,
              55.72314731
            ],
            [
              12.41931455,
              55.72238685
            ],
            [
              12.41966817,
              55.72204235
            ],
            [
              12.41980848,
              55.72164687
            ],
            [
              12.42171727,
              55.72080117
            ],
            [
              12.42214812,
              55.72023287
            ],
            [
              12.4235999,
              55.71904293
            ],
            [
              12.42489725,
              55.71873663
            ],
            [
              12.42604282,
              55.71719124
            ],
            [
              12.42617912,
              55.71670002
            ],
            [
              12.42598432,
              55.71619835
            ],
            [
              12.42617474,
              55.71458702
            ],
            [
              12.42555643,
              55.71380515
            ],
            [
              12.42412547,
              55.71033024
            ],
            [
              12.42483114,
              55.70867917
            ],
            [
              12.4264476,
              55.70846581
            ],
            [
              12.42861863,
              55.70758931
            ],
            [
              12.42744839,
              55.70648423
            ],
            [
              12.42739041,
              55.70588254
            ],
            [
              12.42794749,
              55.69973107
            ],
            [
              12.4278968,
              55.69905994
            ],
            [
              12.42900438,
              55.69449648
            ],
            [
              12.42872204,
              55.69370874
            ],
            [
              12.42885846,
              55.69209729
            ],
            [
              12.42905949,
              55.69197209
            ],
            [
              12.42897455,
              55.69165823
            ],
            [
              12.42920697,
              55.69060668
            ],
            [
              12.43236082,
              55.68872596
            ],
            [
              12.43121042,
              55.68713082
            ],
            [
              12.42853544,
              55.6811767
            ],
            [
              12.42434701,
              55.67517661
            ],
            [
              12.42332639,
              55.67325986
            ],
            [
              12.42299166,
              55.6717126
            ],
            [
              12.42427918,
              55.67039973
            ],
            [
              12.42465437,
              55.66951852
            ],
            [
              12.41893078,
              55.66876637
            ],
            [
              12.41864397,
              55.66858789
            ],
            [
              12.41882254,
              55.66794911
            ],
            [
              12.41721094,
              55.66675893
            ],
            [
              12.41569802,
              55.66596657
            ],
            [
              12.41522131,
              55.66538718
            ],
            [
              12.41509559,
              55.66460483
            ],
            [
              12.41575667,
              55.66214951
            ],
            [
              12.41548875,
              55.66153961
            ],
            [
              12.4145015,
              55.66104514
            ],
            [
              12.41298236,
              55.65972496
            ],
            [
              12.41013382,
              55.65995664
            ],
            [
              12.40834435,
              55.6594974
            ],
            [
              12.40787325,
              55.65851119
            ],
            [
              12.40798114,
              55.65847584
            ],
            [
              12.40778949,
              55.65824946
            ],
            [
              12.4074394,
              55.65828777
            ],
            [
              12.40722693,
              55.65795256
            ],
            [
              12.40610597,
              55.65811291
            ],
            [
              12.40498898,
              55.65863396
            ],
            [
              12.40194786,
              55.65891876
            ],
            [
              12.40025832,
              55.65952735
            ],
            [
              12.39937364,
              55.65933781
            ],
            [
              12.39942875,
              55.65961006
            ],
            [
              12.39730419,
              55.65994003
            ],
            [
              12.39589181,
              55.66045136
            ],
            [
              12.39479475,
              55.66034599
            ],
            [
              12.39446169,
              55.66086139
            ],
            [
              12.38985677,
              55.66075971
            ],
            [
              12.38966788,
              55.66097169
            ],
            [
              12.38184002,
              55.66018693
            ],
            [
              12.38158425,
              55.66087422
            ],
            [
              12.37880397,
              55.66053106
            ],
            [
              12.37880979,
              55.66030911
            ],
            [
              12.37674392,
              55.660152
            ],
            [
              12.37545964,
              55.66026124
            ],
            [
              12.37123917,
              55.6601498
            ],
            [
              12.37105973,
              55.66159763
            ],
            [
              12.37142136,
              55.66172761
            ],
            [
              12.37164452,
              55.66382942
            ],
            [
              12.37150866,
              55.66459408
            ],
            [
              12.36943942,
              55.66609249
            ],
            [
              12.36950433,
              55.6665774
            ],
            [
              12.3678075,
              55.66832405
            ],
            [
              12.36957489,
              55.66839491
            ],
            [
              12.36934838,
              55.66868694
            ],
            [
              12.36950602,
              55.66889237
            ],
            [
              12.37116629,
              55.66936337
            ],
            [
              12.37494919,
              55.67003135
            ],
            [
              12.37448803,
              55.67188275
            ],
            [
              12.37654842,
              55.67205541
            ],
            [
              12.37868359,
              55.67148043
            ],
            [
              12.37958326,
              55.67082938
            ],
            [
              12.38068082,
              55.67102094
            ],
            [
              12.38047258,
              55.67129793
            ],
            [
              12.38422647,
              55.67353176
            ],
            [
              12.38467076,
              55.67347748
            ],
            [
              12.38474294,
              55.67394438
            ],
            [
              12.38454518,
              55.6739555
            ],
            [
              12.38498102,
              55.67714045
            ],
            [
              12.38720676,
              55.67678741
            ],
            [
              12.39118793,
              55.6754215
            ],
            [
              12.39121269,
              55.67562105
            ],
            [
              12.39270142,
              55.67515548
            ],
            [
              12.39437025,
              55.67489963
            ],
            [
              12.39506561,
              55.67652801
            ],
            [
              12.39551703,
              55.67986023
            ],
            [
              12.39605248,
              55.67978849
            ],
            [
              12.39606058,
              55.68050378
            ],
            [
              12.39560379,
              55.68052299
            ],
            [
              12.39627171,
              55.6856505
            ],
            [
              12.39393128,
              55.68943979
            ],
            [
              12.39227667,
              55.69057205
            ],
            [
              12.38797056,
              55.69438517
            ],
            [
              12.38667555,
              55.69688998
            ],
            [
              12.38756796,
              55.6970181
            ],
            [
              12.38744868,
              55.6973413
            ],
            [
              12.38210723,
              55.69880363
            ],
            [
              12.37910233,
              55.69991817
            ],
            [
              12.37567203,
              55.70142233
            ],
            [
              12.371661,
              55.70223421
            ],
            [
              12.37087925,
              55.70269445
            ],
            [
              12.36548281,
              55.7046045
            ],
            [
              12.36388804,
              55.70476072
            ],
            [
              12.36288054,
              55.7051933
            ],
            [
              12.35169315,
              55.70848724
            ],
            [
              12.341327971293662,
              55.71132797129366
            ],
            [
              12.3889737,
              55.7589578
            ]
          ],
          [
            [
              12.41026492,
              55.70943712
            ],
            [
              12.41026499,
              55.7094371
            ],
            [
              12.41026524,
              55.70943711
            ],
            [
              12.41026492,
              55.70943712
            ]
          ]
        ]
      }
    },
    {
      "type": "Feature",
      "properties": {
        "name": "Bispebjerg",
        "number": "6",
        "source": "Dataforsyningen opstillingskredse"
      },
      "geometry": {
        "type": "Polygon",
        "coordinates": [
          [
            [
              12.5212826,
              55.72786451
            ],
            [
              12.52524161,
              55.72734082
            ],
            [
              12.52558704,
              55.7268199
            ],
            [
              12.52624511,
              55.72710634
            ],
            [
              12.52744257,
              55.72682682
            ],
            [
              12.52935012,
              55.7271399
            ],
            [
              12.53573066,
              55.72704846
            ],
            [
              12.53946332,
              55.72613052
            ],
            [
              12.53987624,
              55.72579581
            ],
            [
              12.54085795,
              55.72419854
            ],
            [
              12.54205997,
              55.72370761
            ],
            [
              12.54358636,
              55.7236371
            ],
            [
              12.5437807,
              55.72395312
            ],
            [
              12.54469651,
              55.72417141
            ],
            [
              12.54761428,
              55.72385915
            ],
            [
              12.54900639,
              55.72382923
            ],
            [
              12.54936872,
              55.72395075
            ],
            [
              12.54955057,
              55.723734
            ],
            [
              12.55033093,
              55.723857
            ],
            [
              12.55203481,
              55.72343938
            ],
            [
              12.55404563,
              55.72342476
            ],
            [
              12.55445436,
              55.72294041
            ],
            [
              12.55505698,
              55.72303607
            ],
            [
              12.56135147,
              55.72274706
            ],
            [
              12.56158845,
              55.72236163
            ],
            [
              12.56339287,
              55.72189211
            ],
            [
              12.56740224,
              55.72174018
            ],
            [
              12.56376006,
              55.71848465
            ],
            [
              12.55915522,
              55.71519482
            ],
            [
              12.55903007,
              55.71544734
            ],
            [
              12.55321115,
              55.71148856
            ],
            [
              12.55162047,
              55.71075999
            ],
            [
              12.5445401,
              55.70835692
            ],
            [
              12.54203625,
              55.70674924
            ],
            [
              12.54163204,
              55.70662747
            ],
            [
              12.54140737,
              55.70672442
            ],
            [
              12.54163304,
              55.70657871
            ],
            [
              12.53940797,
              55.70435366
            ],
            [
              12.53859685,
              55.70306923
            ],
            [
              12.53792835,
              55.70151434
            ],
            [
              12.53769019,
              55.70067321
            ],
            [
              12.53776637,
              55.70039758
            ],
            [
              12.53764212,
              55.70048856
            ],
            [
              12.53723828,
              55.69932931
            ],
            [
              12.53618319,
              55.69749972
            ],
            [
              12.5321496,
              55.69713085
            ],
            [
              12.5322532,
              55.69667901
            ],
            [
              12.53063666,
              55.69671638
            ],
            [
              12.52972538,
              55.69583418
            ],
            [
              12.52747692,
              55.69557238
            ],
            [
              12.52567256,
              55.69671567
            ],
            [
              12.51780794,
              55.70304496
            ],
            [
              12.51710781,
              55.70393398
            ],
            [
              12.51571433,
              55.70669019
            ],
            [
              12.51462167,
              55.70729354
            ],
            [
              12.51158679,
              55.70825372
            ],
            [
              12.51237969,
              55.70910643
            ],
            [
              12.51266302,
              55.70971298
            ],
            [
              12.51265185,
              55.71053891
            ],
            [
              12.51211888,
              55.71179868
            ],
            [
              12.51302606,
              55.71258932
            ],
            [
              12.51566157,
              55.71389565
            ],
            [
              12.51653005,
              55.71585025
            ],
            [
              12.51684753,
              55.71619937
            ],
            [
              12.51871225,
              55.71683448
            ],
            [
              12.51657199,
              55.71711335
            ],
            [
              12.51428052,
              55.71768442
            ],
            [
              12.51297188,
              55.7177156
            ],
            [
              12.51326443,
              55.71867193
            ],
            [
              12.51300689,
              55.71984587
            ],
            [
              12.5135734,
              55.71997036
            ],
            [
              12.51356887,
              55.72047465
            ],
            [
              12.51445538,
              55.72152887
            ],
            [
              12.51472577,
              55.72214055
            ],
            [
              12.51461981,
              55.7228898
            ],
            [
              12.51529411,
              55.72286778
            ],
            [
              12.51790194,
              55.7263412
            ],
            [
              12.51943187,
              55.72749383
            ],
            [
              12.5212826,
              55.72786451
            ]
          ]
        ]
      }
    },
    {
      "type": "Feature",
      "properties": {
        "name": "Br\u00f8ndby",
        "number": "18",
        "source": "Dataforsyningen opstillingskredse"
      },
      "geometry": {
        "type": "Polygon",
        "coordinates": [
          [
            [
              12.33,
              55.63646981551712
            ],
            [
              12.3325504,
              55.63601286
            ],
            [
              12.33595809,
              55.6365587
            ],
            [
              12.33734757,
              55.63652825
            ],
            [
              12.33929313,
              55.63604873
            ],
            [
              12.34067272,
              55.636072
            ],
            [
              12.34662457,
              55.63758134
            ],
            [
              12.34607961,
              55.63821957
            ],
            [
              12.34133408,
              55.64195946
            ],
            [
              12.34273118,
              55.64405413
            ],
            [
              12.34310375,
              55.64425634
            ],
            [
              12.345781,
              55.64690362
            ],
            [
              12.34709685,
              55.64774387
            ],
            [
              12.34939833,
              55.6487229
            ],
            [
              12.35420833,
              55.64925546
            ],
            [
              12.35371989,
              55.65044683
            ],
            [
              12.35417951,
              55.65049441
            ],
            [
              12.35432111,
              55.65060679
            ],
            [
              12.3542883,
              55.65089603
            ],
            [
              12.3540902,
              55.65097257
            ],
            [
              12.35274737,
              55.65485945
            ],
            [
              12.35464089,
              55.65507136
            ],
            [
              12.3548438,
              55.65448426
            ],
            [
              12.35928685,
              55.65497327
            ],
            [
              12.35908257,
              55.65556221
            ],
            [
              12.36498335,
              55.65621462
            ],
            [
              12.36430677,
              55.65690495
            ],
            [
              12.36342441,
              55.65856996
            ],
            [
              12.36633796,
              55.65896564
            ],
            [
              12.36706086,
              55.65931266
            ],
            [
              12.37545964,
              55.66026124
            ],
            [
              12.37674392,
              55.660152
            ],
            [
              12.37880979,
              55.66030911
            ],
            [
              12.37880397,
              55.66053106
            ],
            [
              12.38158425,
              55.66087422
            ],
            [
              12.38184002,
              55.66018693
            ],
            [
              12.38966788,
              55.66097169
            ],
            [
              12.38985677,
              55.66075971
            ],
            [
              12.39452609,
              55.66085235
            ],
            [
              12.39479475,
              55.66034599
            ],
            [
              12.39589179,
              55.66045138
            ],
            [
              12.39730419,
              55.65994003
            ],
            [
              12.39942875,
              55.65961006
            ],
            [
              12.39937364,
              55.65933781
            ],
            [
              12.40025832,
              55.65952735
            ],
            [
              12.40194786,
              55.65891876
            ],
            [
              12.40498898,
              55.65863396
            ],
            [
              12.40610597,
              55.65811291
            ],
            [
              12.40722695,
              55.65795256
            ],
            [
              12.40743947,
              55.65828778
            ],
            [
              12.40778953,
              55.65824946
            ],
            [
              12.40798114,
              55.65847584
            ],
            [
              12.40787321,
              55.65851121
            ],
            [
              12.40834435,
              55.6594974
            ],
            [
              12.41013384,
              55.65995663
            ],
            [
              12.41298242,
              55.65972496
            ],
            [
              12.41450155,
              55.66104511
            ],
            [
              12.4154888,
              55.66153964
            ],
            [
              12.4157567,
              55.66214951
            ],
            [
              12.41509559,
              55.66460483
            ],
            [
              12.41522138,
              55.66538716
            ],
            [
              12.41569806,
              55.66596659
            ],
            [
              12.41721093,
              55.66675891
            ],
            [
              12.41882254,
              55.66794911
            ],
            [
              12.41863403,
              55.66856335
            ],
            [
              12.41893078,
              55.66876637
            ],
            [
              12.43156333,
              55.67044641
            ],
            [
              12.43399789,
              55.67100477
            ],
            [
              12.4426589,
              55.67152985
            ],
            [
              12.44298681,
              55.67009839
            ],
            [
              12.44425774,
              55.67021178
            ],
            [
              12.44441542,
              55.66994426
            ],
            [
              12.44705222,
              55.67017767
            ],
            [
              12.44735412,
              55.66705727
            ],
            [
              12.44837971,
              55.66656223
            ],
            [
              12.44851994,
              55.66503272
            ],
            [
              12.4517754,
              55.66498643
            ],
            [
              12.451773,
              55.66485989
            ],
            [
              12.45293904,
              55.66483875
            ],
            [
              12.45314123,
              55.66456098
            ],
            [
              12.45572263,
              55.66455199
            ],
            [
              12.45464114,
              55.65999597
            ],
            [
              12.45459809,
              55.65879701
            ],
            [
              12.45476431,
              55.65750026
            ],
            [
              12.45500317,
              55.65694811
            ],
            [
              12.45485488,
              55.65692756
            ],
            [
              12.45490543,
              55.65672707
            ],
            [
              12.45530666,
              55.65552018
            ],
            [
              12.45601687,
              55.65409894
            ],
            [
              12.459955,
              55.64818497
            ],
            [
              12.45308986,
              55.6477158
            ],
            [
              12.44480916,
              55.64669108
            ],
            [
              12.43557104,
              55.6450138
            ],
            [
              12.4272816,
              55.64292178
            ],
            [
              12.42711263,
              55.64280567
            ],
            [
              12.42723954,
              55.64234976
            ],
            [
              12.42697069,
              55.64176565
            ],
            [
              12.42590762,
              55.64042662
            ],
            [
              12.42846942,
              55.63428684
            ],
            [
              12.42935799,
              55.63275332
            ],
            [
              12.43019837,
              55.63181817
            ],
            [
              12.43203209,
              55.63043504
            ],
            [
              12.43349961,
              55.62944139
            ],
            [
              12.43615391,
              55.6280289
            ],
            [
              12.43775571,
              55.62684881
            ],
            [
              12.43934686,
              55.62532176
            ],
            [
              12.44233306,
              55.62189482
            ],
            [
              12.43858344,
              55.62093031
            ],
            [
              12.44094244,
              55.61736554
            ],
            [
              12.4416583,
              55.61568203
            ],
            [
              12.44242393,
              55.61561358
            ],
            [
              12.44274817,
              55.61540513
            ],
            [
              12.44286643,
              55.61511966
            ],
            [
              12.44353436,
              55.61516545
            ],
            [
              12.44332962,
              55.61478925
            ],
            [
              12.44413093,
              55.61288285
            ],
            [
              12.44417249,
              55.61234984
            ],
            [
              12.44452574,
              55.61204157
            ],
            [
              12.44660115,
              55.60691025
            ],
            [
              12.44602349,
              55.607153
            ],
            [
              12.44220669,
              55.60665716
            ],
            [
              12.44020162,
              55.60696775
            ],
            [
              12.4405001,
              55.60739761
            ],
            [
              12.43879024,
              55.60899357
            ],
            [
              12.43866437,
              55.61179801
            ],
            [
              12.43698309,
              55.61209965
            ],
            [
              12.43331956,
              55.61249575
            ],
            [
              12.43206916,
              55.6124299
            ],
            [
              12.43053375,
              55.61268735
            ],
            [
              12.42670034,
              55.61286026
            ],
            [
              12.42491947,
              55.6127848
            ],
            [
              12.42195327,
              55.61303816
            ],
            [
              12.42001745,
              55.61286347
            ],
            [
              12.41800282,
              55.61301688
            ],
            [
              12.41344468,
              55.61302231
            ],
            [
              12.40839872,
              55.61268957
            ],
            [
              12.40515907,
              55.61228387
            ],
            [
              12.40269077,
              55.61169555
            ],
            [
              12.40034874,
              55.61089525
            ],
            [
              12.4004199,
              55.61010852
            ],
            [
              12.40014831,
              55.60991645
            ],
            [
              12.40035199,
              55.6095373
            ],
            [
              12.40099258,
              55.60931883
            ],
            [
              12.39954499,
              55.60828186
            ],
            [
              12.3992163,
              55.60745947
            ],
            [
              12.39937143,
              55.6068461
            ],
            [
              12.40079248,
              55.60444933
            ],
            [
              12.39970139,
              55.60614075
            ],
            [
              12.39890179,
              55.60623001
            ],
            [
              12.3978917,
              55.60619967
            ],
            [
              12.39554009,
              55.60574455
            ],
            [
              12.39095425,
              55.60461351
            ],
            [
              12.3811268,
              55.60132354
            ],
            [
              12.37714894,
              55.59978347
            ],
            [
              12.37557287,
              55.59899514
            ],
            [
              12.37513952,
              55.59866083
            ],
            [
              12.37657275,
              55.59623111
            ],
            [
              12.37590913,
              55.59725039
            ],
            [
              12.37409114,
              55.59706392
            ],
            [
              12.36684831,
              55.59516494
            ],
            [
              12.3632346,
              55.59403791
            ],
            [
              12.36154357,
              55.59567575
            ],
            [
              12.36000617,
              55.59602417
            ],
            [
              12.35938182,
              55.59747223
            ],
            [
              12.3574931,
              55.59903938
            ],
            [
              12.3604944,
              55.60030314
            ],
            [
              12.36062449,
              55.60067837
            ],
            [
              12.36042345,
              55.60078054
            ],
            [
              12.3566674,
              55.60104652
            ],
            [
              12.35598112,
              55.60140798
            ],
            [
              12.35536759,
              55.6022659
            ],
            [
              12.3450611,
              55.60362928
            ],
            [
              12.34299898,
              55.60496239
            ],
            [
              12.34251591,
              55.6058923
            ],
            [
              12.34200798,
              55.60632694
            ],
            [
              12.34120324,
              55.60660729
            ],
            [
              12.33945178,
              55.60677283
            ],
            [
              12.3384227,
              55.60705271
            ],
            [
              12.33705352,
              55.60787592
            ],
            [
              12.33570755,
              55.60781592
            ],
            [
              12.33411978,
              55.60751388
            ],
            [
              12.3326035,
              55.60817353
            ],
            [
              12.33,
              55.608432069315064
            ],
            [
              12.33,
              55.63646981551712
            ]
          ],
          [
            [
              12.3694083,
              55.65296005
            ],
            [
              12.36940836,
              55.65296005
            ],
            [
              12.36913018,
              55.65317032
            ],
            [
              12.3694083,
              55.65296005
            ]
          ],
          [
            [
              12.36960872,
              55.65285248
            ],
            [
              12.36961555,
              55.65285527
            ],
            [
              12.36961551,
              55.65285529
            ],
            [
              12.36960872,
              55.65285248
            ]
          ],
          [
            [
              12.36985187,
              55.65266619
            ],
            [
              12.36967054,
              55.65281363
            ],
            [
              12.36966077,
              55.6528097
            ],
            [
              12.36969579,
              55.6527842
            ],
            [
              12.36985187,
              55.65266619
            ]
          ],
          [
            [
              12.37161124,
              55.65125614
            ],
            [
              12.37151704,
              55.65131974
            ],
            [
              12.37129292,
              55.65148603
            ],
            [
              12.37151698,
              55.65131973
            ],
            [
              12.37161124,
              55.65125614
            ]
          ],
          [
            [
              12.37314956,
              55.6500617
            ],
            [
              12.37294479,
              55.65021459
            ],
            [
              12.37280628,
              55.65033536
            ],
            [
              12.37294472,
              55.65021456
            ],
            [
              12.37314956,
              55.6500617
            ]
          ],
          [
            [
              12.37620484,
              55.64673364
            ],
            [
              12.37607651,
              55.64684302
            ],
            [
              12.37594707,
              55.64697533
            ],
            [
              12.37607648,
              55.64684299
            ],
            [
              12.37620484,
              55.64673364
            ]
          ],
          [
            [
              12.37725397,
              55.64584778
            ],
            [
              12.37706154,
              55.64599261
            ],
            [
              12.37671579,
              55.64629271
            ],
            [
              12.37706148,
              55.64599263
            ],
            [
              12.37725397,
              55.64584778
            ]
          ],
          [
            [
              12.37856685,
              55.64500323
            ],
            [
              12.37845052,
              55.64507648
            ],
            [
              12.37812694,
              55.64527563
            ],
            [
              12.37845048,
              55.64507646
            ],
            [
              12.37856685,
              55.64500323
            ]
          ],
          [
            [
              12.38125743,
              55.64277088
            ],
            [
              12.38081427,
              55.64330022
            ],
            [
              12.38070389,
              55.64343204
            ],
            [
              12.38081422,
              55.64330018
            ],
            [
              12.38125743,
              55.64277088
            ]
          ],
          [
            [
              12.38238916,
              55.64105651
            ],
            [
              12.38225125,
              55.64128184
            ],
            [
              12.38220155,
              55.64136444
            ],
            [
              12.3822512,
              55.64128186
            ],
            [
              12.38238916,
              55.64105651
            ]
          ]
        ]
      }
    },
    {
      "type": "Feature",
      "properties": {
        "name": "Br\u00f8nsh\u00f8j",
        "number": "7",
        "source": "Dataforsyningen opstillingskredse"
      },
      "geometry": {
        "type": "Polygon",
        "coordinates": [
          [
            [
              12.4843166,
              55.72476505
            ],
            [
              12.48870212,
              55.72449181
            ],
            [
              12.49031827,
              55.72381259
            ],
            [
              12.4923136,
              55.72269023
            ],
            [
              12.49414059,
              55.72297576
            ],
            [
              12.50098531,
              55.72044403
            ],
            [
              12.50268334,
              55.72051911
            ],
            [
              12.50435707,
              55.71985405
            ],
            [
              12.50503897,
              55.71998311
            ],
            [
              12.50589224,
              55.71983816
            ],
            [
              12.50671149,
              55.71992678
            ],
            [
              12.50805195,
              55.72027591
            ],
            [
              12.51300689,
              55.71984587
            ],
            [
              12.51326443,
              55.71867193
            ],
            [
              12.51297188,
              55.7177156
            ],
            [
              12.51428052,
              55.71768442
            ],
            [
              12.51657199,
              55.71711335
            ],
            [
              12.51871225,
              55.71683448
            ],
            [
              12.51684753,
              55.71619937
            ],
            [
              12.51653005,
              55.71585025
            ],
            [
              12.51566157,
              55.71389565
            ],
            [
              12.51302606,
              55.71258932
            ],
            [
              12.51211888,
              55.71179868
            ],
            [
              12.51265185,
              55.71053891
            ],
            [
              12.51266302,
              55.70971298
            ],
            [
              12.51237969,
              55.70910643
            ],
            [
              12.51158679,
              55.70825372
            ],
            [
              12.51462167,
              55.70729354
            ],
            [
              12.51571433,
              55.70669019
            ],
            [
              12.51710781,
              55.70393398
            ],
            [
              12.51780794,
              55.70304496
            ],
            [
              12.52567256,
              55.69671567
            ],
            [
              12.52747692,
              55.69557238
            ],
            [
              12.52496783,
              55.6951579
            ],
            [
              12.52250422,
              55.69424364
            ],
            [
              12.52203287,
              55.69401234
            ],
            [
              12.52010795,
              55.69235488
            ],
            [
              12.51752528,
              55.69085123
            ],
            [
              12.51038791,
              55.68910492
            ],
            [
              12.5040464,
              55.68826537
            ],
            [
              12.5023816,
              55.68775797
            ],
            [
              12.50141218,
              55.68708799
            ],
            [
              12.49803227,
              55.68543128
            ],
            [
              12.49784483,
              55.68531956
            ],
            [
              12.49802996,
              55.68521123
            ],
            [
              12.49591817,
              55.68406254
            ],
            [
              12.49597687,
              55.68454165
            ],
            [
              12.49567862,
              55.6845363
            ],
            [
              12.49476563,
              55.68330189
            ],
            [
              12.49432326,
              55.68296203
            ],
            [
              12.49395847,
              55.68306162
            ],
            [
              12.49304984,
              55.6821229
            ],
            [
              12.49151451,
              55.67917452
            ],
            [
              12.4894467,
              55.67812589
            ],
            [
              12.48733774,
              55.67745362
            ],
            [
              12.48459808,
              55.6759749
            ],
            [
              12.48434232,
              55.67567034
            ],
            [
              12.4839599,
              55.67392958
            ],
            [
              12.48370996,
              55.67372412
            ],
            [
              12.48193235,
              55.67299541
            ],
            [
              12.48089508,
              55.67278003
            ],
            [
              12.47846078,
              55.67276036
            ],
            [
              12.4784919,
              55.67256796
            ],
            [
              12.47430415,
              55.67263832
            ],
            [
              12.47364267,
              55.67392161
            ],
            [
              12.4729933,
              55.67456339
            ],
            [
              12.47273099,
              55.67606933
            ],
            [
              12.47216401,
              55.67687447
            ],
            [
              12.4720019,
              55.67762679
            ],
            [
              12.4703974,
              55.67879497
            ],
            [
              12.469423,
              55.68022376
            ],
            [
              12.46940255,
              55.68119605
            ],
            [
              12.46779463,
              55.6823927
            ],
            [
              12.46792336,
              55.68280572
            ],
            [
              12.46751861,
              55.68387239
            ],
            [
              12.46699684,
              55.68666738
            ],
            [
              12.46602529,
              55.68999208
            ],
            [
              12.46622002,
              55.6908769
            ],
            [
              12.46672184,
              55.69144752
            ],
            [
              12.46722427,
              55.69150381
            ],
            [
              12.46692516,
              55.69170136
            ],
            [
              12.46682186,
              55.69273469
            ],
            [
              12.46637741,
              55.69340848
            ],
            [
              12.46346886,
              55.69627681
            ],
            [
              12.46345519,
              55.69685435
            ],
            [
              12.46407986,
              55.69902414
            ],
            [
              12.46376935,
              55.70080744
            ],
            [
              12.4642894,
              55.70071984
            ],
            [
              12.46411519,
              55.70102525
            ],
            [
              12.46429291,
              55.70212581
            ],
            [
              12.46419265,
              55.70248425
            ],
            [
              12.46338696,
              55.70301106
            ],
            [
              12.46073414,
              55.70326369
            ],
            [
              12.45711642,
              55.70430979
            ],
            [
              12.45579605,
              55.70501424
            ],
            [
              12.45508488,
              55.70610991
            ],
            [
              12.45410364,
              55.70701501
            ],
            [
              12.4536739,
              55.70720675
            ],
            [
              12.4529976,
              55.71221553
            ],
            [
              12.45485894,
              55.71333335
            ],
            [
              12.45711101,
              55.71401431
            ],
            [
              12.45782538,
              55.71445777
            ],
            [
              12.45870149,
              55.71623962
            ],
            [
              12.45863717,
              55.71681976
            ],
            [
              12.46306361,
              55.71754395
            ],
            [
              12.46467954,
              55.71806838
            ],
            [
              12.46621085,
              55.71887221
            ],
            [
              12.47286322,
              55.7188722
            ],
            [
              12.47430391,
              55.7198496
            ],
            [
              12.47711113,
              55.72103436
            ],
            [
              12.47751114,
              55.72209983
            ],
            [
              12.4843166,
              55.72476505
            ]
          ]
        ]
      }
    },
    {
      "type": "Feature",
      "properties": {
        "name": "Egedal",
        "number": "25",
        "source": "Dataforsyningen opstillingskredse"
      },
      "geometry": {
        "type": "MultiPolygon",
        "coordinates": [
          [
            [
              [
                12.341327971293662,
                55.71132797129366
              ],
              [
                12.34229959,
                55.7110736
              ],
              [
                12.34181416,
                55.71021227
              ],
              [
                12.34180976,
                55.70907612
              ],
              [
                12.34153793,
                55.7082933
              ],
              [
                12.34166522,
                55.70755402
              ],
              [
                12.3413492,
                55.7066005
              ],
              [
                12.34054784,
                55.70600087
              ],
              [
                12.33933792,
                55.704741
              ],
              [
                12.33746189,
                55.70333372
              ],
              [
                12.33656855,
                55.70147495
              ],
              [
                12.33512471,
                55.70028227
              ],
              [
                12.33450373,
                55.70016015
              ],
              [
                12.330458754198053,
                55.70045875419806
              ],
              [
                12.341327971293662,
                55.71132797129366
              ]
            ]
          ],
          [
            [
              [
                12.41513123225358,
                55.785131232253576
              ],
              [
                12.41503978,
                55.78352642
              ],
              [
                12.41613721,
                55.78111136
              ],
              [
                12.41524139,
                55.77979426
              ],
              [
                12.41471893,
                55.77825107
              ],
              [
                12.41335463,
                55.77733783
              ],
              [
                12.41437971,
                55.77678506
              ],
              [
                12.4132863,
                55.77567637
              ],
              [
                12.41567713,
                55.77478828
              ],
              [
                12.41728277,
                55.77447252
              ],
              [
                12.42048716,
                55.7755134
              ],
              [
                12.42135604,
                55.77565311
              ],
              [
                12.42314758,
                55.77555813
              ],
              [
                12.42465922,
                55.77499495
              ],
              [
                12.42696525,
                55.774928
              ],
              [
                12.42945057,
                55.77573939
              ],
              [
                12.43417353,
                55.77666144
              ],
              [
                12.43716112,
                55.77688032
              ],
              [
                12.4378575,
                55.77668352
              ],
              [
                12.43894605,
                55.77671749
              ],
              [
                12.43818388,
                55.77594852
              ],
              [
                12.42535202,
                55.77187744
              ],
              [
                12.42200901,
                55.77284954
              ],
              [
                12.41930603,
                55.77298139
              ],
              [
                12.41728463,
                55.77037979
              ],
              [
                12.41689266,
                55.76023878
              ],
              [
                12.41618483,
                55.75299262
              ],
              [
                12.41323524,
                55.75307458
              ],
              [
                12.41016833,
                55.75238667
              ],
              [
                12.40756792,
                55.75263295
              ],
              [
                12.40583234,
                55.75331031
              ],
              [
                12.40460546,
                55.75438084
              ],
              [
                12.40125117,
                55.75679685
              ],
              [
                12.39776883,
                55.7580615
              ],
              [
                12.39578875,
                55.75903598
              ],
              [
                12.39511257,
                55.75986334
              ],
              [
                12.3948426,
                55.75972758
              ],
              [
                12.39429156,
                55.75830127
              ],
              [
                12.39334298,
                55.75842955
              ],
              [
                12.39332202,
                55.75931835
              ],
              [
                12.3923992,
                55.75931014
              ],
              [
                12.39241836,
                55.75891967
              ],
              [
                12.38897739,
                55.75894889
              ],
              [
                12.41513123225358,
                55.785131232253576
              ]
            ]
          ]
        ]
      }
    },
    {
      "type": "Feature",
      "properties": {
        "name": "Falkoner",
        "number": "10",
        "source": "Dataforsyningen opstillingskredse"
      },
      "geometry": {
        "type": "Polygon",
        "coordinates": [
          [
            [
              12.53704289,
              55.69652731
            ],
            [
              12.5357972,
              55.69569679
            ],
            [
              12.53552693,
              55.69506321
            ],
            [
              12.53476384,
              55.69444239
            ],
            [
              12.53574621,
              55.69380606
            ],
            [
              12.53586559,
              55.69313472
            ],
            [
              12.53552535,
              55.69240829
            ],
            [
              12.53567867,
              55.69204214
            ],
            [
              12.5377741,
              55.68978892
            ],
            [
              12.54049631,
              55.68842473
            ],
            [
              12.54118106,
              55.68770874
            ],
            [
              12.54222209,
              55.68713782
            ],
            [
              12.54472883,
              55.68628734
            ],
            [
              12.54661285,
              55.68532651
            ],
            [
              12.55324014,
              55.68487417
            ],
            [
              12.55461981,
              55.68440366
            ],
            [
              12.55526752,
              55.68385276
            ],
            [
              12.55369246,
              55.68161353
            ],
            [
              12.55418746,
              55.68149847
            ],
            [
              12.55734109,
              55.68174889
            ],
            [
              12.55517709,
              55.67354511
            ],
            [
              12.55406654,
              55.6734721
            ],
            [
              12.54992696,
              55.67443967
            ],
            [
              12.54995088,
              55.67270097
            ],
            [
              12.54752994,
              55.67306696
            ],
            [
              12.54707358,
              55.67281194
            ],
            [
              12.53951137,
              55.67063734
            ],
            [
              12.5394047,
              55.67020873
            ],
            [
              12.53831912,
              55.67029275
            ],
            [
              12.53482148,
              55.66929315
            ],
            [
              12.53503499,
              55.66897067
            ],
            [
              12.53493175,
              55.66881917
            ],
            [
              12.53017155,
              55.66776376
            ],
            [
              12.5341051,
              55.68118935
            ],
            [
              12.53477629,
              55.68195875
            ],
            [
              12.53790351,
              55.68472153
            ],
            [
              12.53773141,
              55.68482307
            ],
            [
              12.53858711,
              55.68540478
            ],
            [
              12.52751949,
              55.68793053
            ],
            [
              12.52466923,
              55.68426658
            ],
            [
              12.51977972,
              55.68529709
            ],
            [
              12.51951032,
              55.68522696
            ],
            [
              12.5192893,
              55.68541511
            ],
            [
              12.51464692,
              55.6864073
            ],
            [
              12.51439175,
              55.68635554
            ],
            [
              12.51253938,
              55.68962723
            ],
            [
              12.51752528,
              55.69085123
            ],
            [
              12.52034385,
              55.69251922
            ],
            [
              12.52203287,
              55.69401234
            ],
            [
              12.52496783,
              55.6951579
            ],
            [
              12.52972538,
              55.69583418
            ],
            [
              12.53063666,
              55.69671638
            ],
            [
              12.5322532,
              55.69667901
            ],
            [
              12.5321496,
              55.69713085
            ],
            [
              12.53829871,
              55.6976716
            ],
            [
              12.53826911,
              55.69711371
            ],
            [
              12.53704289,
              55.69652731
            ]
          ]
        ]
      }
    },
    {
      "type": "Feature",
      "properties": {
        "name": "Gentofte",
        "number": "13",
        "source": "Dataforsyningen opstillingskredse"
      },
      "geometry": {
        "type": "MultiPolygon",
        "coordinates": [
          [
            [
              [
                12.59284024,
                55.77937128
              ],
              [
                12.59255037,
                55.77849866
              ],
              [
                12.59255056,
                55.77805212
              ],
              [
                12.59274055,
                55.77770722
              ],
              [
                12.59247531,
                55.77770796
              ],
              [
                12.59225097,
                55.77677237
              ],
              [
                12.59238704,
                55.77468832
              ],
              [
                12.59267739,
                55.77457408
              ],
              [
                12.59285081,
                55.77407716
              ],
              [
                12.59327791,
                55.77377809
              ],
              [
                12.59548159,
                55.77271036
              ],
              [
                12.59665199,
                55.77189029
              ],
              [
                12.59656829,
                55.77166759
              ],
              [
                12.59686239,
                55.77091094
              ],
              [
                12.59673585,
                55.76829957
              ],
              [
                12.59694753,
                55.76738286
              ],
              [
                12.59761692,
                55.7659589
              ],
              [
                12.5983844,
                55.76493508
              ],
              [
                12.60275938,
                55.76307683
              ],
              [
                12.60368619,
                55.76241265
              ],
              [
                12.60413432,
                55.7617546
              ],
              [
                12.60425378,
                55.76136102
              ],
              [
                12.60413929,
                55.76117646
              ],
              [
                12.60362613,
                55.76221983
              ],
              [
                12.60269793,
                55.76295014
              ],
              [
                12.60015853,
                55.76294515
              ],
              [
                12.60002312,
                55.76086527
              ],
              [
                12.60126867,
                55.76086264
              ],
              [
                12.60127985,
                55.76049814
              ],
              [
                12.60002801,
                55.76049476
              ],
              [
                12.60002473,
                55.7595999
              ],
              [
                12.60305914,
                55.7596024
              ],
              [
                12.60371152,
                55.76017582
              ],
              [
                12.60402438,
                55.7608474
              ],
              [
                12.60418204,
                55.76086058
              ],
              [
                12.60422534,
                55.76070779
              ],
              [
                12.60371148,
                55.75989563
              ],
              [
                12.60262379,
                55.75910831
              ],
              [
                12.59780762,
                55.75737999
              ],
              [
                12.59207891,
                55.75058713
              ],
              [
                12.59106082,
                55.74983509
              ],
              [
                12.59075076,
                55.74979902
              ],
              [
                12.5905637,
                55.74929735
              ],
              [
                12.58989414,
                55.74852773
              ],
              [
                12.58966354,
                55.74722986
              ],
              [
                12.58935502,
                55.74692749
              ],
              [
                12.58918946,
                55.74569525
              ],
              [
                12.58892153,
                55.74545967
              ],
              [
                12.58877306,
                55.74470799
              ],
              [
                12.58798914,
                55.74422089
              ],
              [
                12.58775379,
                55.74351041
              ],
              [
                12.58738838,
                55.74306377
              ],
              [
                12.58713658,
                55.74301052
              ],
              [
                12.58703219,
                55.74265318
              ],
              [
                12.58559711,
                55.74094622
              ],
              [
                12.58541452,
                55.74051114
              ],
              [
                12.58520805,
                55.74051744
              ],
              [
                12.5846497,
                55.73998588
              ],
              [
                12.5846386,
                55.73979549
              ],
              [
                12.58445135,
                55.73982524
              ],
              [
                12.58421356,
                55.73960487
              ],
              [
                12.58279933,
                55.73609127
              ],
              [
                12.58240875,
                55.73452578
              ],
              [
                12.58247306,
                55.73285845
              ],
              [
                12.58230177,
                55.73213566
              ],
              [
                12.58253077,
                55.73158308
              ],
              [
                12.58168699,
                55.73148731
              ],
              [
                12.58158457,
                55.73082554
              ],
              [
                12.58138399,
                55.73056866
              ],
              [
                12.58198368,
                55.72909017
              ],
              [
                12.58317789,
                55.72877341
              ],
              [
                12.58410614,
                55.72874315
              ],
              [
                12.58084534,
                55.72760001
              ],
              [
                12.58093732,
                55.72740751
              ],
              [
                12.5831115,
                55.72822667
              ],
              [
                12.58408707,
                55.72765453
              ],
              [
                12.58452735,
                55.72712509
              ],
              [
                12.5848246,
                55.7271834
              ],
              [
                12.58462775,
                55.72746232
              ],
              [
                12.58339087,
                55.72832965
              ],
              [
                12.58421567,
                55.72870389
              ],
              [
                12.58598248,
                55.72860722
              ],
              [
                12.58688477,
                55.72832027
              ],
              [
                12.58865668,
                55.72693129
              ],
              [
                12.58838913,
                55.72678697
              ],
              [
                12.58792285,
                55.72719049
              ],
              [
                12.58626135,
                55.72639914
              ],
              [
                12.58539938,
                55.72718063
              ],
              [
                12.58494365,
                55.72699622
              ],
              [
                12.5848536,
                55.72713831
              ],
              [
                12.58359861,
                55.72679165
              ],
              [
                12.58366717,
                55.72669317
              ],
              [
                12.5834896,
                55.72663154
              ],
              [
                12.5839806,
                55.726207
              ],
              [
                12.58457587,
                55.726228
              ],
              [
                12.58100684,
                55.7256867
              ],
              [
                12.58116993,
                55.72534358
              ],
              [
                12.58479771,
                55.72592111
              ],
              [
                12.58500742,
                55.72575484
              ],
              [
                12.58611077,
                55.72592149
              ],
              [
                12.58624239,
                55.72609011
              ],
              [
                12.58683844,
                55.72602763
              ],
              [
                12.58716346,
                55.72582616
              ],
              [
                12.58871788,
                55.7263034
              ],
              [
                12.58871375,
                55.72644927
              ],
              [
                12.58916959,
                55.72600865
              ],
              [
                12.58964845,
                55.72607539
              ],
              [
                12.58980693,
                55.72563249
              ],
              [
                12.58840115,
                55.7253892
              ],
              [
                12.58822677,
                55.72510557
              ],
              [
                12.5883618,
                55.72493114
              ],
              [
                12.58787452,
                55.7247482
              ],
              [
                12.58799452,
                55.72446217
              ],
              [
                12.58643487,
                55.72410413
              ],
              [
                12.586605,
                55.72385557
              ],
              [
                12.58587813,
                55.72347128
              ],
              [
                12.58599829,
                55.72313651
              ],
              [
                12.58507957,
                55.7228732
              ],
              [
                12.5852054,
                55.72261757
              ],
              [
                12.58419637,
                55.72236642
              ],
              [
                12.58312976,
                55.72184161
              ],
              [
                12.58049455,
                55.7221142
              ],
              [
                12.57795846,
                55.72209341
              ],
              [
                12.57774261,
                55.72223449
              ],
              [
                12.57796899,
                55.72294283
              ],
              [
                12.5778646,
                55.72324871
              ],
              [
                12.57704323,
                55.72562365
              ],
              [
                12.57607263,
                55.72761574
              ],
              [
                12.57651815,
                55.72894945
              ],
              [
                12.56819573,
                55.73008085
              ],
              [
                12.56767015,
                55.73125463
              ],
              [
                12.56773559,
                55.73179501
              ],
              [
                12.5672261,
                55.73185739
              ],
              [
                12.56706226,
                55.73247143
              ],
              [
                12.56579133,
                55.73271149
              ],
              [
                12.56608019,
                55.73129149
              ],
              [
                12.56363557,
                55.73153731
              ],
              [
                12.56170883,
                55.72540983
              ],
              [
                12.56135147,
                55.72274706
              ],
              [
                12.55505698,
                55.72303607
              ],
              [
                12.55445436,
                55.72294041
              ],
              [
                12.55404563,
                55.72342476
              ],
              [
                12.55206246,
                55.72343697
              ],
              [
                12.55025223,
                55.72386575
              ],
              [
                12.54955057,
                55.723734
              ],
              [
                12.54936872,
                55.72395075
              ],
              [
                12.54900639,
                55.72382923
              ],
              [
                12.54761428,
                55.72385915
              ],
              [
                12.54531482,
                55.72415562
              ],
              [
                12.54398261,
                55.72404331
              ],
              [
                12.54358636,
                55.7236371
              ],
              [
                12.54205997,
                55.72370761
              ],
              [
                12.54085795,
                55.72419854
              ],
              [
                12.53987624,
                55.72579581
              ],
              [
                12.53946332,
                55.72613052
              ],
              [
                12.53573066,
                55.72704846
              ],
              [
                12.52935012,
                55.7271399
              ],
              [
                12.52744257,
                55.72682682
              ],
              [
                12.52624511,
                55.72710634
              ],
              [
                12.52558704,
                55.7268199
              ],
              [
                12.52524161,
                55.72734082
              ],
              [
                12.52148126,
                55.72783417
              ],
              [
                12.52133822,
                55.72932341
              ],
              [
                12.52117211,
                55.72970627
              ],
              [
                12.51992431,
                55.73109638
              ],
              [
                12.52012808,
                55.73126587
              ],
              [
                12.51989851,
                55.73140436
              ],
              [
                12.52001149,
                55.73140786
              ],
              [
                12.51929894,
                55.73314038
              ],
              [
                12.5190513,
                55.73463882
              ],
              [
                12.51783821,
                55.73575331
              ],
              [
                12.51787246,
                55.736431
              ],
              [
                12.51806419,
                55.73674786
              ],
              [
                12.51755046,
                55.73790622
              ],
              [
                12.51836342,
                55.73912707
              ],
              [
                12.51779336,
                55.74009382
              ],
              [
                12.51766391,
                55.7409252
              ],
              [
                12.51842412,
                55.74181101
              ],
              [
                12.51838228,
                55.74241527
              ],
              [
                12.51731981,
                55.74334479
              ],
              [
                12.51619965,
                55.74389615
              ],
              [
                12.5138684,
                55.74441456
              ],
              [
                12.51007352,
                55.74413004
              ],
              [
                12.50635232,
                55.74546455
              ],
              [
                12.50609661,
                55.74578916
              ],
              [
                12.50417031,
                55.74681535
              ],
              [
                12.50070541,
                55.74748922
              ],
              [
                12.5009463,
                55.74785046
              ],
              [
                12.50040746,
                55.74794972
              ],
              [
                12.50168055,
                55.7502573
              ],
              [
                12.49868713,
                55.75086642
              ],
              [
                12.49865674,
                55.75169441
              ],
              [
                12.49894387,
                55.75168901
              ],
              [
                12.49924393,
                55.75235455
              ],
              [
                12.50018919,
                55.75227976
              ],
              [
                12.50022457,
                55.75255344
              ],
              [
                12.50051505,
                55.75705743
              ],
              [
                12.50012989,
                55.75762022
              ],
              [
                12.49945343,
                55.75808368
              ],
              [
                12.49939806,
                55.75837847
              ],
              [
                12.49974269,
                55.7587774
              ],
              [
                12.50029533,
                55.75898859
              ],
              [
                12.50030716,
                55.7593801
              ],
              [
                12.50097143,
                55.75999299
              ],
              [
                12.50170127,
                55.76025585
              ],
              [
                12.50367138,
                55.76039377
              ],
              [
                12.50620038,
                55.76131926
              ],
              [
                12.50653776,
                55.76162387
              ],
              [
                12.50728498,
                55.7618203
              ],
              [
                12.50890736,
                55.7625999
              ],
              [
                12.51244872,
                55.76296951
              ],
              [
                12.51253264,
                55.76250216
              ],
              [
                12.51321874,
                55.76291367
              ],
              [
                12.51735856,
                55.76318617
              ],
              [
                12.51985315,
                55.76242835
              ],
              [
                12.51877546,
                55.76337144
              ],
              [
                12.51914247,
                55.76345155
              ],
              [
                12.51960888,
                55.76287082
              ],
              [
                12.51980893,
                55.76291229
              ],
              [
                12.52024768,
                55.76371533
              ],
              [
                12.52131822,
                55.76386329
              ],
              [
                12.52174155,
                55.76462046
              ],
              [
                12.52329701,
                55.76403607
              ],
              [
                12.5243437,
                55.76498817
              ],
              [
                12.52618558,
                55.76628356
              ],
              [
                12.52674969,
                55.76796343
              ],
              [
                12.52635071,
                55.76841089
              ],
              [
                12.52912435,
                55.76944912
              ],
              [
                12.53101414,
                55.76946672
              ],
              [
                12.53917413,
                55.77366524
              ],
              [
                12.54201442,
                55.77339326
              ],
              [
                12.54529365,
                55.77355631
              ],
              [
                12.54642748,
                55.77346809
              ],
              [
                12.54742715,
                55.77325354
              ],
              [
                12.54954851,
                55.77220243
              ],
              [
                12.55161403,
                55.77171838
              ],
              [
                12.55605499,
                55.77158121
              ],
              [
                12.55675451,
                55.77111469
              ],
              [
                12.55696706,
                55.77118379
              ],
              [
                12.55715472,
                55.77079279
              ],
              [
                12.55820748,
                55.77088538
              ],
              [
                12.5593324,
                55.77053096
              ],
              [
                12.56091542,
                55.77081649
              ],
              [
                12.56368211,
                55.77076212
              ],
              [
                12.56418352,
                55.77107018
              ],
              [
                12.56538093,
                55.77135066
              ],
              [
                12.56838178,
                55.77246082
              ],
              [
                12.57172701,
                55.77323421
              ],
              [
                12.57149457,
                55.7741575
              ],
              [
                12.57640994,
                55.77451175
              ],
              [
                12.58013575,
                55.77511037
              ],
              [
                12.58136495,
                55.77504116
              ],
              [
                12.58370059,
                55.77551494
              ],
              [
                12.58709233,
                55.77715886
              ],
              [
                12.58629771,
                55.77808412
              ],
              [
                12.58972004,
                55.77868556
              ],
              [
                12.58995876,
                55.77884205
              ],
              [
                12.59041595,
                55.77830752
              ],
              [
                12.59093219,
                55.77836778
              ],
              [
                12.59139191,
                55.77889869
              ],
              [
                12.59159937,
                55.77944157
              ],
              [
                12.59284024,
                55.77937128
              ]
            ]
          ],
          [
            [
              [
                12.58963547,
                55.72626711
              ],
              [
                12.58957099,
                55.72655728
              ],
              [
                12.58969854,
                55.72660327
              ],
              [
                12.58973871,
                55.72632254
              ],
              [
                12.58963547,
                55.72626711
              ]
            ]
          ],
          [
            [
              [
                12.58998188,
                55.72727854
              ],
              [
                12.59058923,
                55.727025
              ],
              [
                12.59077037,
                55.72658953
              ],
              [
                12.59060406,
                55.72659683
              ],
              [
                12.59049868,
                55.72694816
              ],
              [
                12.5902092,
                55.72711498
              ],
              [
                12.58901389,
                55.72736827
              ],
              [
                12.58998188,
                55.72727854
              ]
            ]
          ],
          [
            [
              [
                12.5920085,
                55.74912515
              ],
              [
                12.59184298,
                55.74914384
              ],
              [
                12.59203763,
                55.74915064
              ],
              [
                12.5920085,
                55.74912515
              ]
            ]
          ],
          [
            [
              [
                12.59199593,
                55.74963148
              ],
              [
                12.59213522,
                55.74946978
              ],
              [
                12.59192926,
                55.74960511
              ],
              [
                12.59118096,
                55.74962467
              ],
              [
                12.59199593,
                55.74963148
              ]
            ]
          ],
          [
            [
              [
                12.60558793,
                55.76101396
              ],
              [
                12.60541429,
                55.7604774
              ],
              [
                12.60546342,
                55.7616082
              ],
              [
                12.60558793,
                55.76101396
              ]
            ]
          ]
        ]
      }
    },
    {
      "type": "Feature",
      "properties": {
        "name": "Gladsaxe",
        "number": "15",
        "source": "Dataforsyningen opstillingskredse"
      },
      "geometry": {
        "type": "Polygon",
        "coordinates": [
          [
            [
              12.47809697,
              55.77477807
            ],
            [
              12.48144185,
              55.77448169
            ],
            [
              12.48256234,
              55.77343659
            ],
            [
              12.48427956,
              55.77282969
            ],
            [
              12.48657861,
              55.77267056
            ],
            [
              12.48757589,
              55.77274734
            ],
            [
              12.48548414,
              55.77089706
            ],
            [
              12.48474615,
              55.77060465
            ],
            [
              12.48455255,
              55.77032647
            ],
            [
              12.48499182,
              55.76949606
            ],
            [
              12.48426132,
              55.76873355
            ],
            [
              12.48345833,
              55.7682699
            ],
            [
              12.48254171,
              55.76870411
            ],
            [
              12.4820395,
              55.76836329
            ],
            [
              12.48097582,
              55.76870824
            ],
            [
              12.480303,
              55.76824798
            ],
            [
              12.48034268,
              55.76841922
            ],
            [
              12.47991491,
              55.7684317
            ],
            [
              12.4798822,
              55.76809177
            ],
            [
              12.48009756,
              55.76769526
            ],
            [
              12.48132631,
              55.7666497
            ],
            [
              12.48146389,
              55.76631294
            ],
            [
              12.4814551,
              55.76539571
            ],
            [
              12.48126897,
              55.76488956
            ],
            [
              12.47994643,
              55.76311762
            ],
            [
              12.4795163,
              55.76038061
            ],
            [
              12.48152897,
              55.76031725
            ],
            [
              12.48152585,
              55.76015001
            ],
            [
              12.48161981,
              55.76033806
            ],
            [
              12.49060017,
              55.75997677
            ],
            [
              12.49057084,
              55.75970408
            ],
            [
              12.49180652,
              55.75967047
            ],
            [
              12.49184233,
              55.76000834
            ],
            [
              12.50052663,
              55.75956203
            ],
            [
              12.50030716,
              55.7593801
            ],
            [
              12.50029533,
              55.75898859
            ],
            [
              12.49974269,
              55.7587774
            ],
            [
              12.49939806,
              55.75837847
            ],
            [
              12.49945343,
              55.75808368
            ],
            [
              12.50012989,
              55.75762022
            ],
            [
              12.50051505,
              55.75705743
            ],
            [
              12.50019206,
              55.75228328
            ],
            [
              12.49924393,
              55.75235455
            ],
            [
              12.49894387,
              55.75168901
            ],
            [
              12.49865674,
              55.75169441
            ],
            [
              12.49864515,
              55.75152237
            ],
            [
              12.4987515,
              55.75152069
            ],
            [
              12.49868713,
              55.75086642
            ],
            [
              12.50168055,
              55.7502573
            ],
            [
              12.50040746,
              55.74794972
            ],
            [
              12.5009463,
              55.74785046
            ],
            [
              12.50070541,
              55.74748922
            ],
            [
              12.50417031,
              55.74681535
            ],
            [
              12.50609661,
              55.74578916
            ],
            [
              12.50635232,
              55.74546455
            ],
            [
              12.51007352,
              55.74413004
            ],
            [
              12.5138684,
              55.74441456
            ],
            [
              12.51619965,
              55.74389615
            ],
            [
              12.51731981,
              55.74334479
            ],
            [
              12.51838228,
              55.74241527
            ],
            [
              12.51842412,
              55.74181101
            ],
            [
              12.51766391,
              55.7409252
            ],
            [
              12.51779336,
              55.74009382
            ],
            [
              12.51836342,
              55.73912707
            ],
            [
              12.51755046,
              55.73790622
            ],
            [
              12.51806419,
              55.73674786
            ],
            [
              12.51787246,
              55.736431
            ],
            [
              12.51783821,
              55.73575331
            ],
            [
              12.5190513,
              55.73463882
            ],
            [
              12.51929894,
              55.73314038
            ],
            [
              12.52001149,
              55.73140786
            ],
            [
              12.51989851,
              55.73140436
            ],
            [
              12.52012808,
              55.73126587
            ],
            [
              12.51992431,
              55.73109638
            ],
            [
              12.52117211,
              55.72970627
            ],
            [
              12.52133822,
              55.72932341
            ],
            [
              12.52148126,
              55.72783417
            ],
            [
              12.51960418,
              55.72756891
            ],
            [
              12.51828644,
              55.72673632
            ],
            [
              12.51529411,
              55.72286778
            ],
            [
              12.51461981,
              55.7228898
            ],
            [
              12.51472577,
              55.72214055
            ],
            [
              12.51421831,
              55.72116719
            ],
            [
              12.51356887,
              55.72047465
            ],
            [
              12.51347579,
              55.71986805
            ],
            [
              12.51222668,
              55.71982316
            ],
            [
              12.51134787,
              55.72007373
            ],
            [
              12.50805195,
              55.72027591
            ],
            [
              12.50671149,
              55.71992678
            ],
            [
              12.50589224,
              55.71983816
            ],
            [
              12.50503897,
              55.71998311
            ],
            [
              12.50435707,
              55.71985405
            ],
            [
              12.50268334,
              55.72051911
            ],
            [
              12.50098531,
              55.72044403
            ],
            [
              12.50018871,
              55.72067239
            ],
            [
              12.49414059,
              55.72297576
            ],
            [
              12.4923136,
              55.72269023
            ],
            [
              12.49031827,
              55.72381259
            ],
            [
              12.48870212,
              55.72449181
            ],
            [
              12.4843166,
              55.72476505
            ],
            [
              12.47751114,
              55.72209983
            ],
            [
              12.47711113,
              55.72103436
            ],
            [
              12.47430391,
              55.7198496
            ],
            [
              12.47286322,
              55.7188722
            ],
            [
              12.46621085,
              55.71887221
            ],
            [
              12.46467954,
              55.71806838
            ],
            [
              12.46306361,
              55.71754395
            ],
            [
              12.45863717,
              55.71681976
            ],
            [
              12.45750179,
              55.71879362
            ],
            [
              12.45598278,
              55.72028006
            ],
            [
              12.45333262,
              55.72343277
            ],
            [
              12.45367919,
              55.72529591
            ],
            [
              12.45305563,
              55.72608221
            ],
            [
              12.45311856,
              55.72684677
            ],
            [
              12.45350285,
              55.7278402
            ],
            [
              12.45294848,
              55.72997272
            ],
            [
              12.45204347,
              55.73025785
            ],
            [
              12.45140544,
              55.73066692
            ],
            [
              12.45091679,
              55.7322732
            ],
            [
              12.44997068,
              55.73358259
            ],
            [
              12.44920613,
              55.73431197
            ],
            [
              12.44880407,
              55.73503762
            ],
            [
              12.44864235,
              55.73588636
            ],
            [
              12.44885022,
              55.73657132
            ],
            [
              12.44857143,
              55.7370779
            ],
            [
              12.44708424,
              55.73846685
            ],
            [
              12.44546122,
              55.74030825
            ],
            [
              12.44559456,
              55.74273404
            ],
            [
              12.44716082,
              55.74503967
            ],
            [
              12.4461195,
              55.74606964
            ],
            [
              12.44571761,
              55.74738079
            ],
            [
              12.44572827,
              55.74849523
            ],
            [
              12.44635085,
              55.74983094
            ],
            [
              12.44591436,
              55.75011814
            ],
            [
              12.44471542,
              55.75049985
            ],
            [
              12.44210351,
              55.75107708
            ],
            [
              12.44009052,
              55.75176505
            ],
            [
              12.44069921,
              55.75238565
            ],
            [
              12.44078414,
              55.75271622
            ],
            [
              12.44033012,
              55.75350543
            ],
            [
              12.4402197,
              55.75461346
            ],
            [
              12.43997893,
              55.75517784
            ],
            [
              12.4386917,
              55.75539778
            ],
            [
              12.43676552,
              55.7553707
            ],
            [
              12.43641119,
              55.75510019
            ],
            [
              12.43636709,
              55.75398876
            ],
            [
              12.43664948,
              55.75331163
            ],
            [
              12.43533991,
              55.75230414
            ],
            [
              12.42964316,
              55.75229736
            ],
            [
              12.42564207,
              55.75287186
            ],
            [
              12.42082553,
              55.75307145
            ],
            [
              12.41618483,
              55.75299262
            ],
            [
              12.41689266,
              55.76023878
            ],
            [
              12.41728463,
              55.77037979
            ],
            [
              12.41930603,
              55.77298139
            ],
            [
              12.42200901,
              55.77284954
            ],
            [
              12.42535202,
              55.77187744
            ],
            [
              12.43818388,
              55.77594852
            ],
            [
              12.43894605,
              55.77671749
            ],
            [
              12.44018006,
              55.77637067
            ],
            [
              12.44170842,
              55.77539914
            ],
            [
              12.44372294,
              55.77484886
            ],
            [
              12.44417622,
              55.77436384
            ],
            [
              12.44819814,
              55.77337665
            ],
            [
              12.44960248,
              55.77356765
            ],
            [
              12.45110981,
              55.77405362
            ],
            [
              12.45214833,
              55.7740327
            ],
            [
              12.4553362,
              55.773216
            ],
            [
              12.45718134,
              55.7730113
            ],
            [
              12.45836788,
              55.77269197
            ],
            [
              12.45853734,
              55.77144388
            ],
            [
              12.45922614,
              55.77072666
            ],
            [
              12.46279561,
              55.76902757
            ],
            [
              12.46513196,
              55.77119222
            ],
            [
              12.4655236,
              55.77171534
            ],
            [
              12.46550298,
              55.77259123
            ],
            [
              12.46685476,
              55.77316826
            ],
            [
              12.46733544,
              55.77402693
            ],
            [
              12.4677752,
              55.77444106
            ],
            [
              12.46936392,
              55.77521314
            ],
            [
              12.47056862,
              55.77516093
            ],
            [
              12.47304003,
              55.77546294
            ],
            [
              12.47465267,
              55.77583388
            ],
            [
              12.47771186,
              55.7751231
            ],
            [
              12.47809697,
              55.77477807
            ]
          ]
        ]
      }
    },
    {
      "type": "Feature",
      "properties": {
        "name": "Greve",
        "number": "35",
        "source": "Dataforsyningen opstillingskredse"
      },
      "geometry": {
        "type": "Polygon",
        "coordinates": [
          [
            [
              12.33000751,
              55.60842816
            ],
            [
              12.3326035,
              55.60817353
            ],
            [
              12.33411978,
              55.60751388
            ],
            [
              12.33570755,
              55.60781592
            ],
            [
              12.33705352,
              55.60787592
            ],
            [
              12.3384227,
              55.60705271
            ],
            [
              12.33945178,
              55.60677283
            ],
            [
              12.34120324,
              55.60660729
            ],
            [
              12.34200798,
              55.60632694
            ],
            [
              12.34251591,
              55.6058923
            ],
            [
              12.34299898,
              55.60496239
            ],
            [
              12.3450611,
              55.60362928
            ],
            [
              12.35536759,
              55.6022659
            ],
            [
              12.35598112,
              55.60140798
            ],
            [
              12.3566674,
              55.60104652
            ],
            [
              12.36042345,
              55.60078054
            ],
            [
              12.36062449,
              55.60067837
            ],
            [
              12.3604944,
              55.60030314
            ],
            [
              12.3574931,
              55.59903938
            ],
            [
              12.35938182,
              55.59747223
            ],
            [
              12.36000617,
              55.59602417
            ],
            [
              12.36154357,
              55.59567575
            ],
            [
              12.3632346,
              55.59403791
            ],
            [
              12.3581548,
              55.59253729
            ],
            [
              12.35597093,
              55.59165137
            ],
            [
              12.35583934,
              55.59155688
            ],
            [
              12.3566017,
              55.59058455
            ],
            [
              12.35600305,
              55.58953703
            ],
            [
              12.35524288,
              55.58935457
            ],
            [
              12.35556406,
              55.58903126
            ],
            [
              12.35513122,
              55.58889108
            ],
            [
              12.35504122,
              55.58857517
            ],
            [
              12.35502664,
              55.58888405
            ],
            [
              12.35424797,
              55.58898864
            ],
            [
              12.35177422,
              55.59076404
            ],
            [
              12.35145775,
              55.59083042
            ],
            [
              12.34454171,
              55.58951659
            ],
            [
              12.3403809,
              55.58853754
            ],
            [
              12.33,
              55.58536439802361
            ],
            [
              12.33000751,
              55.60842816
            ]
          ]
        ]
      }
    },
    {
      "type": "Feature",
      "properties": {
        "name": "Hvidovre",
        "number": "17",
        "source": "Dataforsyningen opstillingskredse"
      },
      "geometry": {
        "type": "MultiPolygon",
        "coordinates": [
          [
            [
              [
                12.47734032,
                55.666123
              ],
              [
                12.47822846,
                55.66552109
              ],
              [
                12.4783034,
                55.6645736
              ],
              [
                12.47858441,
                55.66457822
              ],
              [
                12.47854206,
                55.66402788
              ],
              [
                12.47817492,
                55.66354053
              ],
              [
                12.47806341,
                55.66152484
              ],
              [
                12.47749733,
                55.66036383
              ],
              [
                12.47732334,
                55.65937125
              ],
              [
                12.47739834,
                55.65819483
              ],
              [
                12.47784266,
                55.65702961
              ],
              [
                12.47886669,
                55.65607614
              ],
              [
                12.48165047,
                55.6540946
              ],
              [
                12.4823094,
                55.65411149
              ],
              [
                12.48336379,
                55.65377906
              ],
              [
                12.48525062,
                55.65246788
              ],
              [
                12.48732145,
                55.65128702
              ],
              [
                12.48863761,
                55.64936621
              ],
              [
                12.48853231,
                55.64915854
              ],
              [
                12.48922822,
                55.64862549
              ],
              [
                12.49013645,
                55.64750555
              ],
              [
                12.49047586,
                55.64647103
              ],
              [
                12.49158703,
                55.64594538
              ],
              [
                12.49335471,
                55.64571833
              ],
              [
                12.49430821,
                55.64540972
              ],
              [
                12.4972123,
                55.6433144
              ],
              [
                12.49720458,
                55.64304784
              ],
              [
                12.49866333,
                55.64258172
              ],
              [
                12.50105867,
                55.6413918
              ],
              [
                12.50253797,
                55.63908375
              ],
              [
                12.50662084,
                55.63578684
              ],
              [
                12.50603366,
                55.63502255
              ],
              [
                12.5059074,
                55.63449386
              ],
              [
                12.50612682,
                55.63435954
              ],
              [
                12.50585617,
                55.63434751
              ],
              [
                12.50532963,
                55.63378459
              ],
              [
                12.50457689,
                55.63239758
              ],
              [
                12.5047802,
                55.63224665
              ],
              [
                12.50449153,
                55.63221786
              ],
              [
                12.50436647,
                55.63199943
              ],
              [
                12.50451549,
                55.63184924
              ],
              [
                12.50431422,
                55.63183269
              ],
              [
                12.50413481,
                55.63124069
              ],
              [
                12.50414309,
                55.63092422
              ],
              [
                12.5043126,
                55.63088242
              ],
              [
                12.50413347,
                55.63086452
              ],
              [
                12.50362392,
                55.62926141
              ],
              [
                12.50365334,
                55.62893067
              ],
              [
                12.5040389,
                55.62886309
              ],
              [
                12.50081719,
                55.62882839
              ],
              [
                12.50023459,
                55.62846541
              ],
              [
                12.50424176,
                55.62857387
              ],
              [
                12.5036522,
                55.62843221
              ],
              [
                12.50339608,
                55.6281839
              ],
              [
                12.50347839,
                55.62810899
              ],
              [
                12.50284353,
                55.62797608
              ],
              [
                12.50257727,
                55.62776357
              ],
              [
                12.50264125,
                55.6276596
              ],
              [
                12.50230367,
                55.62763616
              ],
              [
                12.50207026,
                55.62738927
              ],
              [
                12.50200232,
                55.62638793
              ],
              [
                12.50306067,
                55.62573609
              ],
              [
                12.49821764,
                55.62592057
              ],
              [
                12.49820432,
                55.62550033
              ],
              [
                12.49781822,
                55.62542251
              ],
              [
                12.50293494,
                55.6252571
              ],
              [
                12.50295751,
                55.62513606
              ],
              [
                12.49986181,
                55.62520474
              ],
              [
                12.49926362,
                55.62487655
              ],
              [
                12.49726709,
                55.6247949
              ],
              [
                12.49697267,
                55.62447448
              ],
              [
                12.49716929,
                55.62432527
              ],
              [
                12.49693465,
                55.62420132
              ],
              [
                12.49710106,
                55.62394678
              ],
              [
                12.49649908,
                55.62363604
              ],
              [
                12.49670271,
                55.62326598
              ],
              [
                12.49628629,
                55.6232009
              ],
              [
                12.49653716,
                55.62307559
              ],
              [
                12.49616182,
                55.62293821
              ],
              [
                12.49642143,
                55.62278792
              ],
              [
                12.49642935,
                55.62257379
              ],
              [
                12.4953125,
                55.62247474
              ],
              [
                12.49575883,
                55.62235491
              ],
              [
                12.49584132,
                55.62216967
              ],
              [
                12.49549051,
                55.62191686
              ],
              [
                12.4949891,
                55.62190706
              ],
              [
                12.49510981,
                55.6217852
              ],
              [
                12.49485588,
                55.62154598
              ],
              [
                12.49531762,
                55.62134246
              ],
              [
                12.49552405,
                55.62090039
              ],
              [
                12.49427045,
                55.62043037
              ],
              [
                12.49448799,
                55.62005048
              ],
              [
                12.49423282,
                55.61969908
              ],
              [
                12.49444272,
                55.61938514
              ],
              [
                12.49673817,
                55.61845951
              ],
              [
                12.49770737,
                55.6176485
              ],
              [
                12.49797247,
                55.61690614
              ],
              [
                12.49775671,
                55.61567803
              ],
              [
                12.49792966,
                55.61552941
              ],
              [
                12.49868064,
                55.61534566
              ],
              [
                12.49892509,
                55.61512936
              ],
              [
                12.50347829,
                55.61481348
              ],
              [
                12.50377877,
                55.61476064
              ],
              [
                12.50375283,
                55.61455728
              ],
              [
                12.50494064,
                55.61447475
              ],
              [
                12.5047451,
                55.61414954
              ],
              [
                12.50368141,
                55.61422177
              ],
              [
                12.50341468,
                55.61377164
              ],
              [
                12.50230439,
                55.61293704
              ],
              [
                12.50194417,
                55.61128929
              ],
              [
                12.50045154,
                55.61146376
              ],
              [
                12.50037575,
                55.61117316
              ],
              [
                12.50060851,
                55.61071405
              ],
              [
                12.50160797,
                55.61072065
              ],
              [
                12.50202863,
                55.61042341
              ],
              [
                12.50267054,
                55.61034311
              ],
              [
                12.50259857,
                55.61025219
              ],
              [
                12.49824037,
                55.6104848
              ],
              [
                12.49655379,
                55.61009928
              ],
              [
                12.4954285,
                55.60508676
              ],
              [
                12.49168175,
                55.60087828
              ],
              [
                12.48834286,
                55.59921961
              ],
              [
                12.48625543,
                55.59869287
              ],
              [
                12.48477904,
                55.59779293
              ],
              [
                12.48377362,
                55.59806088
              ],
              [
                12.48180924,
                55.59902273
              ],
              [
                12.4812606,
                55.59982391
              ],
              [
                12.4809943,
                55.60093483
              ],
              [
                12.4806734,
                55.60104834
              ],
              [
                12.46874853,
                55.60188949
              ],
              [
                12.46831048,
                55.60169131
              ],
              [
                12.46831941,
                55.60183924
              ],
              [
                12.467837,
                55.60195333
              ],
              [
                12.46167136,
                55.60238326
              ],
              [
                12.46114976,
                55.60233416
              ],
              [
                12.46105908,
                55.60219007
              ],
              [
                12.46107676,
                55.60234027
              ],
              [
                12.46071455,
                55.60246874
              ],
              [
                12.45642385,
                55.60358487
              ],
              [
                12.45583093,
                55.60349793
              ],
              [
                12.4546982,
                55.6029689
              ],
              [
                12.45458556,
                55.60271393
              ],
              [
                12.45403905,
                55.60256039
              ],
              [
                12.45381399,
                55.60271555
              ],
              [
                12.45408121,
                55.60295834
              ],
              [
                12.45474804,
                55.60309131
              ],
              [
                12.45568182,
                55.60361543
              ],
              [
                12.44806523,
                55.60427098
              ],
              [
                12.4476931,
                55.60448259
              ],
              [
                12.44732677,
                55.60502978
              ],
              [
                12.44452574,
                55.61204157
              ],
              [
                12.44417249,
                55.61234984
              ],
              [
                12.44413093,
                55.61288285
              ],
              [
                12.44332962,
                55.61478925
              ],
              [
                12.44353436,
                55.61516545
              ],
              [
                12.44286643,
                55.61511966
              ],
              [
                12.44274817,
                55.61540513
              ],
              [
                12.44242393,
                55.61561358
              ],
              [
                12.4416583,
                55.61568203
              ],
              [
                12.44094244,
                55.61736554
              ],
              [
                12.43858344,
                55.62093031
              ],
              [
                12.44233306,
                55.62189482
              ],
              [
                12.43934686,
                55.62532176
              ],
              [
                12.43775571,
                55.62684881
              ],
              [
                12.43615391,
                55.6280289
              ],
              [
                12.43349961,
                55.62944139
              ],
              [
                12.43203209,
                55.63043504
              ],
              [
                12.43019837,
                55.63181817
              ],
              [
                12.42935799,
                55.63275332
              ],
              [
                12.42846942,
                55.63428684
              ],
              [
                12.42590762,
                55.64042662
              ],
              [
                12.42697069,
                55.64176565
              ],
              [
                12.42723954,
                55.64234976
              ],
              [
                12.42711263,
                55.64280567
              ],
              [
                12.4272816,
                55.64292178
              ],
              [
                12.43557104,
                55.6450138
              ],
              [
                12.44480916,
                55.64669108
              ],
              [
                12.45308986,
                55.6477158
              ],
              [
                12.45995496,
                55.64818496
              ],
              [
                12.45601687,
                55.65409894
              ],
              [
                12.45530666,
                55.65552018
              ],
              [
                12.45490543,
                55.65672707
              ],
              [
                12.45485488,
                55.65692756
              ],
              [
                12.45500317,
                55.65694811
              ],
              [
                12.45476431,
                55.65750026
              ],
              [
                12.45459809,
                55.65879701
              ],
              [
                12.45464114,
                55.65999597
              ],
              [
                12.45572263,
                55.66455199
              ],
              [
                12.45314123,
                55.66456098
              ],
              [
                12.45293904,
                55.66483875
              ],
              [
                12.4548298,
                55.66475258
              ],
              [
                12.4578957,
                55.66499721
              ],
              [
                12.45996638,
                55.66494904
              ],
              [
                12.46006526,
                55.66524369
              ],
              [
                12.46046289,
                55.66523399
              ],
              [
                12.46044481,
                55.66497717
              ],
              [
                12.463235,
                55.66486449
              ],
              [
                12.46325856,
                55.66512377
              ],
              [
                12.46150452,
                55.66520001
              ],
              [
                12.46151815,
                55.66546586
              ],
              [
                12.46792373,
                55.66532179
              ],
              [
                12.47097421,
                55.66552904
              ],
              [
                12.47097024,
                55.66593845
              ],
              [
                12.47396126,
                55.66616682
              ],
              [
                12.47734032,
                55.666123
              ]
            ]
          ],
          [
            [
              [
                12.46663132,
                55.59979893
              ],
              [
                12.46645907,
                55.59983923
              ],
              [
                12.46662476,
                55.59985423
              ],
              [
                12.46663132,
                55.59979893
              ]
            ]
          ],
          [
            [
              [
                12.50693001,
                55.63414279
              ],
              [
                12.50657417,
                55.63428021
              ],
              [
                12.50662762,
                55.63448512
              ],
              [
                12.50683492,
                55.63486763
              ],
              [
                12.50720631,
                55.63488793
              ],
              [
                12.50735744,
                55.63476141
              ],
              [
                12.5073518,
                55.63432512
              ],
              [
                12.50693001,
                55.63414279
              ]
            ]
          ]
        ]
      }
    },
    {
      "type": "Feature",
      "properties": {
        "name": "Indre By",
        "number": "3",
        "source": "Dataforsyningen opstillingskredse"
      },
      "geometry": {
        "type": "MultiPolygon",
        "coordinates": [
          [
            [
              [
                12.5919911,
                55.69666865
              ],
              [
                12.59135985,
                55.69540796
              ],
              [
                12.59460407,
                55.69445959
              ],
              [
                12.59500583,
                55.69420773
              ],
              [
                12.59547399,
                55.69358706
              ],
              [
                12.59579107,
                55.69345322
              ],
              [
                12.5968486,
                55.69349631
              ],
              [
                12.59685387,
                55.69382732
              ],
              [
                12.59711793,
                55.69409689
              ],
              [
                12.59865641,
                55.69471283
              ],
              [
                12.59949794,
                55.69548446
              ],
              [
                12.60013352,
                55.69532391
              ],
              [
                12.60044086,
                55.69505134
              ],
              [
                12.60066668,
                55.69430657
              ],
              [
                12.60038755,
                55.69421774
              ],
              [
                12.6000029,
                55.69483517
              ],
              [
                12.59977121,
                55.69487443
              ],
              [
                12.59823968,
                55.69424436
              ],
              [
                12.5982228,
                55.69375264
              ],
              [
                12.59958941,
                55.69349718
              ],
              [
                12.60029683,
                55.69403984
              ],
              [
                12.60059115,
                55.69401349
              ],
              [
                12.60032338,
                55.69347887
              ],
              [
                12.59927282,
                55.69294394
              ],
              [
                12.59886667,
                55.69188592
              ],
              [
                12.59930806,
                55.69125558
              ],
              [
                12.60039431,
                55.69106814
              ],
              [
                12.6003369,
                55.6907712
              ],
              [
                12.59994842,
                55.6890211
              ],
              [
                12.59979923,
                55.68903285
              ],
              [
                12.59975557,
                55.6893974
              ],
              [
                12.5992509,
                55.68943128
              ],
              [
                12.59889509,
                55.6891003
              ],
              [
                12.5993345,
                55.68877224
              ],
              [
                12.59941532,
                55.68819376
              ],
              [
                12.59389978,
                55.68134412
              ],
              [
                12.59485502,
                55.68108979
              ],
              [
                12.59629755,
                55.68283445
              ],
              [
                12.59698061,
                55.68267657
              ],
              [
                12.59510272,
                55.68038872
              ],
              [
                12.59560511,
                55.6802499
              ],
              [
                12.59503924,
                55.67955721
              ],
              [
                12.5945354,
                55.67970102
              ],
              [
                12.59394428,
                55.67905358
              ],
              [
                12.58795774,
                55.6806586
              ],
              [
                12.58776358,
                55.68042591
              ],
              [
                12.59364015,
                55.67885586
              ],
              [
                12.59287227,
                55.67823634
              ],
              [
                12.59071051,
                55.67703307
              ],
              [
                12.58779257,
                55.67599136
              ],
              [
                12.58793114,
                55.67584874
              ],
              [
                12.58751175,
                55.67571561
              ],
              [
                12.58721965,
                55.67587073
              ],
              [
                12.58420232,
                55.67612792
              ],
              [
                12.58015923,
                55.67767107
              ],
              [
                12.57899246,
                55.67758203
              ],
              [
                12.57770194,
                55.67713656
              ],
              [
                12.5758142,
                55.67595714
              ],
              [
                12.57564194,
                55.67564781
              ],
              [
                12.57912334,
                55.6727559
              ],
              [
                12.58010817,
                55.6721095
              ],
              [
                12.57808699,
                55.67095479
              ],
              [
                12.57818318,
                55.67083742
              ],
              [
                12.57775963,
                55.67056906
              ],
              [
                12.57752884,
                55.67060115
              ],
              [
                12.57630984,
                55.66991161
              ],
              [
                12.57654566,
                55.66977795
              ],
              [
                12.57310441,
                55.6678831
              ],
              [
                12.57255881,
                55.66817352
              ],
              [
                12.57125923,
                55.66756163
              ],
              [
                12.57091126,
                55.66780718
              ],
              [
                12.57163952,
                55.66826882
              ],
              [
                12.56981097,
                55.6695879
              ],
              [
                12.56779891,
                55.67148679
              ],
              [
                12.56710824,
                55.6719961
              ],
              [
                12.56693089,
                55.67193562
              ],
              [
                12.56405896,
                55.67472683
              ],
              [
                12.56087018,
                55.6735663
              ],
              [
                12.56024459,
                55.67448202
              ],
              [
                12.55517709,
                55.67354511
              ],
              [
                12.55734109,
                55.68174889
              ],
              [
                12.56222503,
                55.68679292
              ],
              [
                12.5626669,
                55.68687009
              ],
              [
                12.56308658,
                55.68718601
              ],
              [
                12.56309468,
                55.68753375
              ],
              [
                12.56647807,
                55.69008617
              ],
              [
                12.57235804,
                55.6938626
              ],
              [
                12.57387543,
                55.69545643
              ],
              [
                12.57908235,
                55.69789468
              ],
              [
                12.58017655,
                55.6962863
              ],
              [
                12.59179474,
                55.69903854
              ],
              [
                12.59208943,
                55.6976199
              ],
              [
                12.5919911,
                55.69666865
              ]
            ]
          ],
          [
            [
              [
                12.58705713,
                55.67416811
              ],
              [
                12.58702442,
                55.67426609
              ],
              [
                12.58706911,
                55.67423979
              ],
              [
                12.58705713,
                55.67416811
              ]
            ]
          ],
          [
            [
              [
                12.59395312,
                55.67459434
              ],
              [
                12.58757243,
                55.67068524
              ],
              [
                12.5839249,
                55.67256699
              ],
              [
                12.58486126,
                55.67312832
              ],
              [
                12.58522386,
                55.67304812
              ],
              [
                12.58496633,
                55.67317749
              ],
              [
                12.58558353,
                55.67346417
              ],
              [
                12.58630162,
                55.67347995
              ],
              [
                12.58608341,
                55.67359036
              ],
              [
                12.58906641,
                55.67525406
              ],
              [
                12.59009943,
                55.67460329
              ],
              [
                12.59050645,
                55.67485834
              ],
              [
                12.58945686,
                55.67547247
              ],
              [
                12.59162577,
                55.67630922
              ],
              [
                12.59395312,
                55.67459434
              ]
            ]
          ],
          [
            [
              [
                12.58451398,
                55.67579691
              ],
              [
                12.58741623,
                55.67526018
              ],
              [
                12.58556663,
                55.67430486
              ],
              [
                12.58048626,
                55.67225968
              ],
              [
                12.57957101,
                55.67279687
              ],
              [
                12.57598924,
                55.67577247
              ],
              [
                12.57789614,
                55.6769632
              ],
              [
                12.57976029,
                55.67751789
              ],
              [
                12.58451398,
                55.67579691
              ]
            ]
          ],
          [
            [
              [
                12.59838432,
                55.67784442
              ],
              [
                12.59843601,
                55.67771081
              ],
              [
                12.5941883,
                55.67480928
              ],
              [
                12.59197338,
                55.67636728
              ],
              [
                12.59528389,
                55.67785444
              ],
              [
                12.5954301,
                55.67778128
              ],
              [
                12.59532145,
                55.67768636
              ],
              [
                12.59576234,
                55.67756436
              ],
              [
                12.59569843,
                55.67744206
              ],
              [
                12.59600303,
                55.67725689
              ],
              [
                12.59659363,
                55.677398
              ],
              [
                12.59572707,
                55.6779721
              ],
              [
                12.5966458,
                55.67838665
              ],
              [
                12.59838432,
                55.67784442
              ]
            ]
          ],
          [
            [
              [
                12.60059205,
                55.67996302
              ],
              [
                12.59847009,
                55.68054684
              ],
              [
                12.59939663,
                55.68167879
              ],
              [
                12.60157392,
                55.68109729
              ],
              [
                12.60059205,
                55.67996302
              ]
            ]
          ],
          [
            [
              [
                12.59989625,
                55.68272112
              ],
              [
                12.60211833,
                55.68212777
              ],
              [
                12.60239996,
                55.6820526
              ],
              [
                12.60168808,
                55.68122935
              ],
              [
                12.59920151,
                55.6818934
              ],
              [
                12.59989625,
                55.68272112
              ]
            ]
          ],
          [
            [
              [
                12.6058381,
                55.68283707
              ],
              [
                12.60644298,
                55.68350311
              ],
              [
                12.60673638,
                55.68342623
              ],
              [
                12.60661757,
                55.68327336
              ],
              [
                12.6079428,
                55.68290311
              ],
              [
                12.60814746,
                55.68152178
              ],
              [
                12.60737021,
                55.67937553
              ],
              [
                12.60692962,
                55.67896011
              ],
              [
                12.6071577,
                55.67887931
              ],
              [
                12.60672614,
                55.67834754
              ],
              [
                12.60596455,
                55.67854142
              ],
              [
                12.60586201,
                55.67841288
              ],
              [
                12.60655992,
                55.67818599
              ],
              [
                12.60582887,
                55.67837106
              ],
              [
                12.60573613,
                55.67825734
              ],
              [
                12.60073793,
                55.67956282
              ],
              [
                12.6042125,
                55.68373927
              ],
              [
                12.60559049,
                55.68356478
              ],
              [
                12.60521639,
                55.6830127
              ],
              [
                12.6058381,
                55.68283707
              ]
            ]
          ],
          [
            [
              [
                12.60360197,
                55.68344195
              ],
              [
                12.6025138,
                55.68218458
              ],
              [
                12.60025031,
                55.68278976
              ],
              [
                12.60076266,
                55.68337664
              ],
              [
                12.60250758,
                55.68302488
              ],
              [
                12.60240454,
                55.68318661
              ],
              [
                12.6009644,
                55.68360594
              ],
              [
                12.60136261,
                55.68406254
              ],
              [
                12.60360197,
                55.68344195
              ]
            ]
          ],
          [
            [
              [
                12.60170114,
                55.68705292
              ],
              [
                12.60164856,
                55.68707137
              ],
              [
                12.60170211,
                55.68707043
              ],
              [
                12.60170114,
                55.68705292
              ]
            ]
          ],
          [
            [
              [
                12.60199498,
                55.68899517
              ],
              [
                12.60223575,
                55.68900132
              ],
              [
                12.60308268,
                55.6889955
              ],
              [
                12.60233161,
                55.68899823
              ],
              [
                12.60199498,
                55.68899517
              ]
            ]
          ],
          [
            [
              [
                12.60438655,
                55.68899414
              ],
              [
                12.60382766,
                55.6889888
              ],
              [
                12.60438342,
                55.68899819
              ],
              [
                12.60506647,
                55.68928509
              ],
              [
                12.60438655,
                55.68899414
              ]
            ]
          ],
          [
            [
              [
                12.60733255,
                55.68946457
              ],
              [
                12.60786081,
                55.68926532
              ],
              [
                12.6078946,
                55.68922611
              ],
              [
                12.6073308,
                55.6894612
              ],
              [
                12.60665908,
                55.68955298
              ],
              [
                12.6052106,
                55.68934982
              ],
              [
                12.60666154,
                55.68955893
              ],
              [
                12.60733255,
                55.68946457
              ]
            ]
          ],
          [
            [
              [
                12.61925053,
                55.6980461
              ],
              [
                12.6296175,
                55.69736513
              ],
              [
                12.63055481,
                55.69465112
              ],
              [
                12.62539204,
                55.69273596
              ],
              [
                12.62517227,
                55.69240868
              ],
              [
                12.62559146,
                55.69231455
              ],
              [
                12.62519928,
                55.6922552
              ],
              [
                12.62507372,
                55.69179348
              ],
              [
                12.62426685,
                55.69050693
              ],
              [
                12.62407968,
                55.69044026
              ],
              [
                12.62517553,
                55.69002625
              ],
              [
                12.6232864,
                55.69038295
              ],
              [
                12.6196774,
                55.68980542
              ],
              [
                12.61971825,
                55.68967221
              ],
              [
                12.62006149,
                55.68972772
              ],
              [
                12.61970977,
                55.6896133
              ],
              [
                12.62024646,
                55.68847858
              ],
              [
                12.61972149,
                55.68840281
              ],
              [
                12.619324,
                55.6891357
              ],
              [
                12.61610091,
                55.68853966
              ],
              [
                12.6135313,
                55.68857926
              ],
              [
                12.61369829,
                55.68710218
              ],
              [
                12.61669542,
                55.6872477
              ],
              [
                12.61758583,
                55.68713062
              ],
              [
                12.61804076,
                55.68676058
              ],
              [
                12.61861743,
                55.68690686
              ],
              [
                12.61858884,
                55.68679224
              ],
              [
                12.61761612,
                55.6864975
              ],
              [
                12.61721536,
                55.68612411
              ],
              [
                12.61717884,
                55.6855274
              ],
              [
                12.6165307,
                55.68484344
              ],
              [
                12.61636028,
                55.68366908
              ],
              [
                12.61600163,
                55.68282426
              ],
              [
                12.61610311,
                55.68268063
              ],
              [
                12.61567804,
                55.6817661
              ],
              [
                12.61491718,
                55.6814614
              ],
              [
                12.61402057,
                55.68137049
              ],
              [
                12.61378307,
                55.68053899
              ],
              [
                12.61446625,
                55.68005091
              ],
              [
                12.61452035,
                55.67980438
              ],
              [
                12.61426586,
                55.67943871
              ],
              [
                12.61333163,
                55.67909308
              ],
              [
                12.61304707,
                55.67821351
              ],
              [
                12.61254443,
                55.67750034
              ],
              [
                12.61300417,
                55.67687615
              ],
              [
                12.61294,
                55.67663778
              ],
              [
                12.61261336,
                55.67636757
              ],
              [
                12.61149021,
                55.6761345
              ],
              [
                12.61090954,
                55.67538027
              ],
              [
                12.60990157,
                55.67464429
              ],
              [
                12.60996437,
                55.6741674
              ],
              [
                12.60971653,
                55.6739178
              ],
              [
                12.6088671,
                55.67382051
              ],
              [
                12.60730914,
                55.6728045
              ],
              [
                12.60452624,
                55.67170167
              ],
              [
                12.6043561,
                55.67125339
              ],
              [
                12.60344709,
                55.67121842
              ],
              [
                12.60278868,
                55.67098465
              ],
              [
                12.60077767,
                55.67007548
              ],
              [
                12.60025404,
                55.66956807
              ],
              [
                12.59930443,
                55.66968119
              ],
              [
                12.59677029,
                55.66914951
              ],
              [
                12.59560173,
                55.66943556
              ],
              [
                12.59524326,
                55.66935391
              ],
              [
                12.59411169,
                55.6685887
              ],
              [
                12.58972913,
                55.66790522
              ],
              [
                12.58682478,
                55.66798034
              ],
              [
                12.58233281,
                55.66874389
              ],
              [
                12.57981746,
                55.6700103
              ],
              [
                12.58355125,
                55.67233514
              ],
              [
                12.5875548,
                55.67034164
              ],
              [
                12.59623296,
                55.6756352
              ],
              [
                12.59903239,
                55.67751293
              ],
              [
                12.60082587,
                55.67692184
              ],
              [
                12.60093036,
                55.67663058
              ],
              [
                12.60108234,
                55.6766602
              ],
              [
                12.60110871,
                55.67718383
              ],
              [
                12.60098229,
                55.67731109
              ],
              [
                12.59769546,
                55.67842483
              ],
              [
                12.59781498,
                55.6785375
              ],
              [
                12.59675887,
                55.67889857
              ],
              [
                12.59795601,
                55.68022779
              ],
              [
                12.60043778,
                55.67951247
              ],
              [
                12.5991938,
                55.67815741
              ],
              [
                12.59946225,
                55.67803263
              ],
              [
                12.60072707,
                55.67935471
              ],
              [
                12.60724539,
                55.67767559
              ],
              [
                12.60637374,
                55.67653111
              ],
              [
                12.60382157,
                55.67484311
              ],
              [
                12.60209904,
                55.67486864
              ],
              [
                12.60149628,
                55.67650669
              ],
              [
                12.60132986,
                55.67653118
              ],
              [
                12.60122767,
                55.67639076
              ],
              [
                12.6018045,
                55.67483737
              ],
              [
                12.60246077,
                55.67448521
              ],
              [
                12.60366181,
                55.67455089
              ],
              [
                12.60428624,
                55.67474493
              ],
              [
                12.6074872,
                55.67686136
              ],
              [
                12.60892679,
                55.67861981
              ],
              [
                12.60961334,
                55.68011654
              ],
              [
                12.60989656,
                55.6820625
              ],
              [
                12.60978738,
                55.68380898
              ],
              [
                12.60708678,
                55.6838693
              ],
              [
                12.60683524,
                55.68353869
              ],
              [
                12.60655261,
                55.68361166
              ],
              [
                12.60662089,
                55.68375154
              ],
              [
                12.60462458,
                55.68399179
              ],
              [
                12.60533063,
                55.68496481
              ],
              [
                12.60518534,
                55.68500316
              ],
              [
                12.60557119,
                55.68546488
              ],
              [
                12.60576957,
                55.68550176
              ],
              [
                12.60578932,
                55.68636746
              ],
              [
                12.60516129,
                55.68637145
              ],
              [
                12.60522896,
                55.68740488
              ],
              [
                12.60579062,
                55.6875753
              ],
              [
                12.60582097,
                55.68857665
              ],
              [
                12.60388643,
                55.68857957
              ],
              [
                12.60386891,
                55.68876091
              ],
              [
                12.60582216,
                55.68886948
              ],
              [
                12.60558762,
                55.68893959
              ],
              [
                12.60555708,
                55.68913327
              ],
              [
                12.60731366,
                55.68943068
              ],
              [
                12.60781799,
                55.68923601
              ],
              [
                12.60823224,
                55.68790219
              ],
              [
                12.60807505,
                55.68763022
              ],
              [
                12.60781424,
                55.68759824
              ],
              [
                12.60923707,
                55.6840391
              ],
              [
                12.60975253,
                55.68403337
              ],
              [
                12.60835012,
                55.68721264
              ],
              [
                12.60843765,
                55.6873765
              ],
              [
                12.60971191,
                55.68757935
              ],
              [
                12.60984888,
                55.68796323
              ],
              [
                12.61019004,
                55.68795346
              ],
              [
                12.61026215,
                55.68900249
              ],
              [
                12.61046559,
                55.68919064
              ],
              [
                12.61088696,
                55.68917185
              ],
              [
                12.61063755,
                55.68926704
              ],
              [
                12.61085851,
                55.68937249
              ],
              [
                12.61039936,
                55.68960289
              ],
              [
                12.61023514,
                55.68932403
              ],
              [
                12.60642051,
                55.69003702
              ],
              [
                12.60671461,
                55.69048525
              ],
              [
                12.61007272,
                55.68986347
              ],
              [
                12.61037404,
                55.69037226
              ],
              [
                12.60673313,
                55.69104373
              ],
              [
                12.60705511,
                55.69237279
              ],
              [
                12.61105916,
                55.69164171
              ],
              [
                12.61127836,
                55.69173129
              ],
              [
                12.60707389,
                55.69258517
              ],
              [
                12.60756446,
                55.69446641
              ],
              [
                12.60952727,
                55.69414556
              ],
              [
                12.61005526,
                55.69500052
              ],
              [
                12.60773359,
                55.6954822
              ],
              [
                12.60818206,
                55.69729805
              ],
              [
                12.60873939,
                55.69712636
              ],
              [
                12.60864874,
                55.69705844
              ],
              [
                12.61050361,
                55.69582204
              ],
              [
                12.61041295,
                55.69570746
              ],
              [
                12.61267769,
                55.69529728
              ],
              [
                12.61316888,
                55.69615628
              ],
              [
                12.60995592,
                55.69681738
              ],
              [
                12.60923086,
                55.69718824
              ],
              [
                12.60980463,
                55.69727764
              ],
              [
                12.60953072,
                55.69776533
              ],
              [
                12.60982966,
                55.69728149
              ],
              [
                12.61144152,
                55.69760387
              ],
              [
                12.61925053,
                55.6980461
              ]
            ]
          ],
          [
            [
              [
                12.61280985,
                55.70390521
              ],
              [
                12.61473238,
                55.70371414
              ],
              [
                12.61533196,
                55.70312548
              ],
              [
                12.6145961,
                55.70200528
              ],
              [
                12.61620572,
                55.70173412
              ],
              [
                12.61635179,
                55.69874143
              ],
              [
                12.6160459,
                55.69848627
              ],
              [
                12.61620246,
                55.69873999
              ],
              [
                12.61608775,
                55.70168445
              ],
              [
                12.61451407,
                55.7019515
              ],
              [
                12.61375501,
                55.70161374
              ],
              [
                12.61164201,
                55.70365716
              ],
              [
                12.61176481,
                55.70379364
              ],
              [
                12.6127582,
                55.70390979
              ],
              [
                12.61324336,
                55.70493649
              ],
              [
                12.61285208,
                55.70563446
              ],
              [
                12.61255221,
                55.70659985
              ],
              [
                12.61275353,
                55.70781196
              ],
              [
                12.61274268,
                55.70629472
              ],
              [
                12.61328971,
                55.70495733
              ],
              [
                12.61280985,
                55.70390521
              ]
            ]
          ]
        ]
      }
    },
    {
      "type": "Feature",
      "properties": {
        "name": "Lyngby",
        "number": "14",
        "source": "Dataforsyningen opstillingskredse"
      },
      "geometry": {
        "type": "Polygon",
        "coordinates": [
          [
            [
              12.501473288679433,
              55.8
            ],
            [
              12.588712279913878,
              55.8
            ],
            [
              12.58947329,
              55.7980994
            ],
            [
              12.59019778,
              55.79564362
            ],
            [
              12.59195583,
              55.7932299
            ],
            [
              12.59302765,
              55.79135371
            ],
            [
              12.59437257,
              55.78995003
            ],
            [
              12.59463413,
              55.78930603
            ],
            [
              12.59513694,
              55.7887759
            ],
            [
              12.59544753,
              55.7887036
            ],
            [
              12.59551259,
              55.78850576
            ],
            [
              12.5962836,
              55.78815867
            ],
            [
              12.59640261,
              55.78740572
            ],
            [
              12.59610615,
              55.78766042
            ],
            [
              12.59613019,
              55.78810625
            ],
            [
              12.59593741,
              55.78826709
            ],
            [
              12.59562264,
              55.78835624
            ],
            [
              12.59540423,
              55.7881614
            ],
            [
              12.59543278,
              55.7877304
            ],
            [
              12.59592583,
              55.78769339
            ],
            [
              12.59545919,
              55.78767757
            ],
            [
              12.59548237,
              55.78715195
            ],
            [
              12.59691166,
              55.7874159
            ],
            [
              12.59544575,
              55.78689846
            ],
            [
              12.59538497,
              55.78607327
            ],
            [
              12.5949835,
              55.78578793
            ],
            [
              12.59411286,
              55.78464179
            ],
            [
              12.59302731,
              55.77941373
            ],
            [
              12.59159937,
              55.77944157
            ],
            [
              12.59139191,
              55.77889869
            ],
            [
              12.59093219,
              55.77836778
            ],
            [
              12.59041595,
              55.77830752
            ],
            [
              12.58995876,
              55.77884205
            ],
            [
              12.58972004,
              55.77868556
            ],
            [
              12.58629771,
              55.77808412
            ],
            [
              12.58709233,
              55.77715886
            ],
            [
              12.58370059,
              55.77551494
            ],
            [
              12.58136495,
              55.77504116
            ],
            [
              12.58013575,
              55.77511037
            ],
            [
              12.57640994,
              55.77451175
            ],
            [
              12.57149457,
              55.7741575
            ],
            [
              12.57172701,
              55.77323421
            ],
            [
              12.56838178,
              55.77246082
            ],
            [
              12.56538093,
              55.77135066
            ],
            [
              12.56418352,
              55.77107018
            ],
            [
              12.56368211,
              55.77076212
            ],
            [
              12.56091542,
              55.77081649
            ],
            [
              12.5593324,
              55.77053096
            ],
            [
              12.55820748,
              55.77088538
            ],
            [
              12.55715472,
              55.77079279
            ],
            [
              12.55696706,
              55.77118379
            ],
            [
              12.55675451,
              55.77111469
            ],
            [
              12.55605499,
              55.77158121
            ],
            [
              12.55161403,
              55.77171838
            ],
            [
              12.54954851,
              55.77220243
            ],
            [
              12.54742715,
              55.77325354
            ],
            [
              12.54642748,
              55.77346809
            ],
            [
              12.54529365,
              55.77355631
            ],
            [
              12.54201442,
              55.77339326
            ],
            [
              12.53917413,
              55.77366524
            ],
            [
              12.53101414,
              55.76946672
            ],
            [
              12.52912435,
              55.76944912
            ],
            [
              12.52635071,
              55.76841089
            ],
            [
              12.52674969,
              55.76796343
            ],
            [
              12.52618558,
              55.76628356
            ],
            [
              12.5243437,
              55.76498817
            ],
            [
              12.52329701,
              55.76403607
            ],
            [
              12.52174155,
              55.76462046
            ],
            [
              12.52131822,
              55.76386329
            ],
            [
              12.52024768,
              55.76371533
            ],
            [
              12.51980893,
              55.76291229
            ],
            [
              12.51960888,
              55.76287082
            ],
            [
              12.51914247,
              55.76345155
            ],
            [
              12.51877546,
              55.76337144
            ],
            [
              12.51985315,
              55.76242835
            ],
            [
              12.51735856,
              55.76318617
            ],
            [
              12.51321874,
              55.76291367
            ],
            [
              12.51253264,
              55.76250216
            ],
            [
              12.51244872,
              55.76296951
            ],
            [
              12.50890736,
              55.7625999
            ],
            [
              12.50552654,
              55.76105194
            ],
            [
              12.50367138,
              55.76039377
            ],
            [
              12.50170127,
              55.76025585
            ],
            [
              12.50097143,
              55.75999299
            ],
            [
              12.50052663,
              55.75956203
            ],
            [
              12.49184233,
              55.76000834
            ],
            [
              12.49180652,
              55.75967047
            ],
            [
              12.49057084,
              55.75970408
            ],
            [
              12.49060017,
              55.75997677
            ],
            [
              12.48161981,
              55.76033806
            ],
            [
              12.48152585,
              55.76015001
            ],
            [
              12.48152897,
              55.76031725
            ],
            [
              12.4795163,
              55.76038061
            ],
            [
              12.47994643,
              55.76311762
            ],
            [
              12.48126897,
              55.76488956
            ],
            [
              12.4814551,
              55.76539571
            ],
            [
              12.48146389,
              55.76631294
            ],
            [
              12.48132631,
              55.7666497
            ],
            [
              12.48009756,
              55.76769526
            ],
            [
              12.4798822,
              55.76809177
            ],
            [
              12.47991491,
              55.7684317
            ],
            [
              12.48034268,
              55.76841922
            ],
            [
              12.480303,
              55.76824798
            ],
            [
              12.48097582,
              55.76870824
            ],
            [
              12.4820395,
              55.76836329
            ],
            [
              12.48254171,
              55.76870411
            ],
            [
              12.48345833,
              55.7682699
            ],
            [
              12.48426132,
              55.76873355
            ],
            [
              12.48499182,
              55.76949606
            ],
            [
              12.48455255,
              55.77032647
            ],
            [
              12.48474615,
              55.77060465
            ],
            [
              12.48548414,
              55.77089706
            ],
            [
              12.48757589,
              55.77274734
            ],
            [
              12.48657861,
              55.77267056
            ],
            [
              12.48427956,
              55.77282969
            ],
            [
              12.48256234,
              55.77343659
            ],
            [
              12.48144185,
              55.77448169
            ],
            [
              12.47834407,
              55.77471191
            ],
            [
              12.47771186,
              55.7751231
            ],
            [
              12.47465267,
              55.77583388
            ],
            [
              12.47304003,
              55.77546294
            ],
            [
              12.47056862,
              55.77516093
            ],
            [
              12.46936392,
              55.77521314
            ],
            [
              12.4677752,
              55.77444106
            ],
            [
              12.46733544,
              55.77402693
            ],
            [
              12.46685476,
              55.77316826
            ],
            [
              12.46550298,
              55.77259123
            ],
            [
              12.4655236,
              55.77171534
            ],
            [
              12.46513196,
              55.77119222
            ],
            [
              12.46279561,
              55.76902757
            ],
            [
              12.45922614,
              55.77072666
            ],
            [
              12.45853734,
              55.77144388
            ],
            [
              12.45836788,
              55.77269197
            ],
            [
              12.45718134,
              55.7730113
            ],
            [
              12.4553362,
              55.773216
            ],
            [
              12.45214833,
              55.7740327
            ],
            [
              12.45110981,
              55.77405362
            ],
            [
              12.44960248,
              55.77356765
            ],
            [
              12.44819814,
              55.77337665
            ],
            [
              12.44417622,
              55.77436384
            ],
            [
              12.44372294,
              55.77484886
            ],
            [
              12.44170842,
              55.77539914
            ],
            [
              12.44018006,
              55.77637067
            ],
            [
              12.43894608,
              55.7767175
            ],
            [
              12.4378575,
              55.77668352
            ],
            [
              12.43716112,
              55.77688032
            ],
            [
              12.43417353,
              55.77666144
            ],
            [
              12.42945057,
              55.77573939
            ],
            [
              12.42696525,
              55.774928
            ],
            [
              12.42465922,
              55.77499495
            ],
            [
              12.42288776,
              55.77558758
            ],
            [
              12.42081899,
              55.77560828
            ],
            [
              12.41711666,
              55.77445907
            ],
            [
              12.41636196,
              55.77456989
            ],
            [
              12.4132863,
              55.77567637
            ],
            [
              12.41437971,
              55.77678506
            ],
            [
              12.41335463,
              55.77733783
            ],
            [
              12.41471893,
              55.77825107
            ],
            [
              12.41524139,
              55.77979426
            ],
            [
              12.41613721,
              55.78111136
            ],
            [
              12.41503978,
              55.78352642
            ],
            [
              12.41513123225358,
              55.785131232253576
            ],
            [
              12.429527282491646,
              55.799527282491646
            ],
            [
              12.43012414,
              55.79972597
            ],
            [
              12.431244836997001,
              55.8
            ],
            [
              12.439427238781953,
              55.8
            ],
            [
              12.43909947,
              55.79963199
            ],
            [
              12.44655983,
              55.79953088
            ],
            [
              12.44952128432226,
              55.8
            ],
            [
              12.452935829280733,
              55.8
            ],
            [
              12.45329836,
              55.79950895
            ],
            [
              12.455993370953898,
              55.8
            ],
            [
              12.45786058267411,
              55.8
            ],
            [
              12.45799562,
              55.79963224
            ],
            [
              12.45920833,
              55.7997282
            ],
            [
              12.45919662,
              55.79994702
            ],
            [
              12.45962991,
              55.79997663
            ],
            [
              12.474605462046762,
              55.8
            ],
            [
              12.47317224,
              55.79703723
            ],
            [
              12.47782727,
              55.79678252
            ],
            [
              12.47915391,
              55.79876503
            ],
            [
              12.48370826,
              55.79930517
            ],
            [
              12.48389081,
              55.79895635
            ],
            [
              12.48459939,
              55.79904945
            ],
            [
              12.4866528,
              55.79953875
            ],
            [
              12.487460557920484,
              55.8
            ],
            [
              12.489580502941736,
              55.8
            ],
            [
              12.49042079,
              55.79807458
            ],
            [
              12.49105108,
              55.79720095
            ],
            [
              12.49160429,
              55.79779952
            ],
            [
              12.49370316,
              55.79923727
            ],
            [
              12.49393598,
              55.79922048
            ],
            [
              12.49407323,
              55.79989498
            ],
            [
              12.49650417,
              55.79985772
            ],
            [
              12.4971423,
              55.79956892
            ],
            [
              12.49812518,
              55.79948266
            ],
            [
              12.50002673,
              55.79891508
            ],
            [
              12.50034999,
              55.79934367
            ],
            [
              12.501473288679433,
              55.8
            ]
          ]
        ]
      }
    },
    {
      "type": "Feature",
      "properties": {
        "name": "N\u00f8rrebro",
        "number": "5",
        "source": "Dataforsyningen opstillingskredse"
      },
      "geometry": {
        "type": "Polygon",
        "coordinates": [
          [
            [
              12.55638293,
              55.70779853
            ],
            [
              12.55766458,
              55.70385267
            ],
            [
              12.5580119,
              55.70349237
            ],
            [
              12.55884231,
              55.70316328
            ],
            [
              12.56191206,
              55.70589839
            ],
            [
              12.56254865,
              55.70629792
            ],
            [
              12.56238611,
              55.70591034
            ],
            [
              12.56136061,
              55.6969777
            ],
            [
              12.56203081,
              55.69641568
            ],
            [
              12.56953721,
              55.69208938
            ],
            [
              12.56647807,
              55.69008617
            ],
            [
              12.56309468,
              55.68753375
            ],
            [
              12.56308658,
              55.68718601
            ],
            [
              12.5626669,
              55.68687009
            ],
            [
              12.56222503,
              55.68679292
            ],
            [
              12.55734109,
              55.68174889
            ],
            [
              12.55418746,
              55.68149847
            ],
            [
              12.55369246,
              55.68161353
            ],
            [
              12.55526752,
              55.68385276
            ],
            [
              12.55489595,
              55.68424415
            ],
            [
              12.55324014,
              55.68487417
            ],
            [
              12.54678209,
              55.68528142
            ],
            [
              12.54436845,
              55.68643461
            ],
            [
              12.54222209,
              55.68713782
            ],
            [
              12.54118106,
              55.68770874
            ],
            [
              12.54049631,
              55.68842473
            ],
            [
              12.53763313,
              55.68990754
            ],
            [
              12.53567867,
              55.69204214
            ],
            [
              12.53552535,
              55.69240829
            ],
            [
              12.53586559,
              55.69313472
            ],
            [
              12.53574621,
              55.69380606
            ],
            [
              12.53476384,
              55.69444239
            ],
            [
              12.53552693,
              55.69506321
            ],
            [
              12.5357972,
              55.69569679
            ],
            [
              12.53609798,
              55.69594393
            ],
            [
              12.53826911,
              55.69711371
            ],
            [
              12.53829871,
              55.6976716
            ],
            [
              12.53618319,
              55.69749972
            ],
            [
              12.53723828,
              55.69932931
            ],
            [
              12.53764212,
              55.70048856
            ],
            [
              12.53776637,
              55.70039758
            ],
            [
              12.53769019,
              55.70067321
            ],
            [
              12.53792835,
              55.70151434
            ],
            [
              12.53859685,
              55.70306923
            ],
            [
              12.53940797,
              55.70435366
            ],
            [
              12.54163304,
              55.70657871
            ],
            [
              12.54140737,
              55.70672442
            ],
            [
              12.54163204,
              55.70662747
            ],
            [
              12.54203625,
              55.70674924
            ],
            [
              12.5445401,
              55.70835692
            ],
            [
              12.55162047,
              55.71075999
            ],
            [
              12.55314396,
              55.71145373
            ],
            [
              12.55531096,
              55.70982306
            ],
            [
              12.55638293,
              55.70779853
            ]
          ]
        ]
      }
    },
    {
      "type": "Feature",
      "properties": {
        "name": "Rudersdal",
        "number": "26",
        "source": "Dataforsyningen opstillingskredse"
      },
      "geometry": {
        "type": "MultiPolygon",
        "coordinates": [
          [
            [
              [
                12.431244836997001,
                55.8
              ],
              [
                12.43012414,
                55.79972597
              ],
              [
                12.429527282491646,
                55.799527282491646
              ],
              [
                12.43,
                55.8
              ],
              [
                12.431244836997001,
                55.8
              ]
            ]
          ],
          [
            [
              [
                12.433060966310496,
                55.8
              ],
              [
                12.43254352,
                55.79996894
              ],
              [
                12.431682689771062,
                55.8
              ],
              [
                12.433060966310496,
                55.8
              ]
            ]
          ],
          [
            [
              [
                12.44950867,
                55.79999801
              ],
              [
                12.44655983,
                55.79953088
              ],
              [
                12.43909947,
                55.79963199
              ],
              [
                12.439427238781953,
                55.8
              ],
              [
                12.44950867,
                55.79999801
              ]
            ]
          ],
          [
            [
              [
                12.455993370953898,
                55.8
              ],
              [
                12.45329836,
                55.79950895
              ],
              [
                12.452935829280733,
                55.8
              ],
              [
                12.455993370953898,
                55.8
              ]
            ]
          ],
          [
            [
              [
                12.46274864,
                55.79997488
              ],
              [
                12.45919662,
                55.79994702
              ],
              [
                12.45920833,
                55.7997282
              ],
              [
                12.45799562,
                55.79963224
              ],
              [
                12.45786058267411,
                55.8
              ],
              [
                12.46274864,
                55.79997488
              ]
            ]
          ],
          [
            [
              [
                12.4868642,
                55.79965009
              ],
              [
                12.48389081,
                55.79895635
              ],
              [
                12.48370826,
                55.79930517
              ],
              [
                12.47915391,
                55.79876503
              ],
              [
                12.47782727,
                55.79678252
              ],
              [
                12.47317224,
                55.79703723
              ],
              [
                12.474605462046762,
                55.8
              ],
              [
                12.487460557920484,
                55.8
              ],
              [
                12.4868642,
                55.79965009
              ]
            ]
          ],
          [
            [
              [
                12.501473288679433,
                55.8
              ],
              [
                12.50034999,
                55.79934367
              ],
              [
                12.50002673,
                55.79891508
              ],
              [
                12.49812518,
                55.79948266
              ],
              [
                12.4971423,
                55.79956892
              ],
              [
                12.49650417,
                55.79985772
              ],
              [
                12.49407323,
                55.79989498
              ],
              [
                12.49393598,
                55.79922048
              ],
              [
                12.49370316,
                55.79923727
              ],
              [
                12.49160429,
                55.79779952
              ],
              [
                12.49105108,
                55.79720095
              ],
              [
                12.49042079,
                55.79807458
              ],
              [
                12.489580502941736,
                55.8
              ],
              [
                12.501473288679433,
                55.8
              ]
            ]
          ],
          [
            [
              [
                12.506888639888253,
                55.8
              ],
              [
                12.50548746,
                55.79994875
              ],
              [
                12.505293490820224,
                55.8
              ],
              [
                12.506888639888253,
                55.8
              ]
            ]
          ]
        ]
      }
    },
    {
      "type": "Feature",
      "properties": {
        "name": "R\u00f8dovre",
        "number": "16",
        "source": "Dataforsyningen opstillingskredse"
      },
      "geometry": {
        "type": "Polygon",
        "coordinates": [
          [
            [
              12.40125117,
              55.75679685
            ],
            [
              12.40583234,
              55.75331031
            ],
            [
              12.40640336,
              55.75304658
            ],
            [
              12.40756792,
              55.75263295
            ],
            [
              12.40990067,
              55.75239042
            ],
            [
              12.41296863,
              55.75304306
            ],
            [
              12.41422463,
              55.7531163
            ],
            [
              12.41618483,
              55.75299262
            ],
            [
              12.42082553,
              55.75307145
            ],
            [
              12.42564207,
              55.75287186
            ],
            [
              12.42964316,
              55.75229736
            ],
            [
              12.43448139,
              55.7522823
            ],
            [
              12.43533991,
              55.75230414
            ],
            [
              12.43664948,
              55.75331163
            ],
            [
              12.43636709,
              55.75398876
            ],
            [
              12.43634341,
              55.7550021
            ],
            [
              12.43657176,
              55.75523622
            ],
            [
              12.43676552,
              55.7553707
            ],
            [
              12.4386917,
              55.75539778
            ],
            [
              12.43997893,
              55.75517784
            ],
            [
              12.4402197,
              55.75461346
            ],
            [
              12.44033012,
              55.75350543
            ],
            [
              12.44078414,
              55.75271622
            ],
            [
              12.44069921,
              55.75238565
            ],
            [
              12.44009052,
              55.75176505
            ],
            [
              12.44210351,
              55.75107708
            ],
            [
              12.44471542,
              55.75049985
            ],
            [
              12.44591436,
              55.75011814
            ],
            [
              12.44635085,
              55.74983094
            ],
            [
              12.44572827,
              55.74849523
            ],
            [
              12.44571761,
              55.74738079
            ],
            [
              12.4461195,
              55.74606964
            ],
            [
              12.44716082,
              55.74503967
            ],
            [
              12.44559456,
              55.74273404
            ],
            [
              12.44546122,
              55.74030825
            ],
            [
              12.44708424,
              55.73846685
            ],
            [
              12.44857143,
              55.7370779
            ],
            [
              12.44885022,
              55.73657132
            ],
            [
              12.44864235,
              55.73588636
            ],
            [
              12.44880407,
              55.73503762
            ],
            [
              12.44920613,
              55.73431197
            ],
            [
              12.44997068,
              55.73358259
            ],
            [
              12.45091679,
              55.7322732
            ],
            [
              12.45140544,
              55.73066692
            ],
            [
              12.45204347,
              55.73025785
            ],
            [
              12.45294848,
              55.72997272
            ],
            [
              12.45350285,
              55.7278402
            ],
            [
              12.45311856,
              55.72684677
            ],
            [
              12.45305563,
              55.72608221
            ],
            [
              12.45367919,
              55.72529591
            ],
            [
              12.45333262,
              55.72343277
            ],
            [
              12.45598278,
              55.72028006
            ],
            [
              12.45750179,
              55.71879362
            ],
            [
              12.45873057,
              55.71662776
            ],
            [
              12.45856828,
              55.71591861
            ],
            [
              12.45782538,
              55.71445777
            ],
            [
              12.45711101,
              55.71401431
            ],
            [
              12.45485894,
              55.71333335
            ],
            [
              12.4529976,
              55.71221553
            ],
            [
              12.4536739,
              55.70720675
            ],
            [
              12.45410364,
              55.70701501
            ],
            [
              12.45508488,
              55.70610991
            ],
            [
              12.45579605,
              55.70501424
            ],
            [
              12.45677681,
              55.70441817
            ],
            [
              12.46073414,
              55.70326369
            ],
            [
              12.46338696,
              55.70301106
            ],
            [
              12.46419265,
              55.70248425
            ],
            [
              12.46429291,
              55.70212581
            ],
            [
              12.46411519,
              55.70102525
            ],
            [
              12.4642894,
              55.70071984
            ],
            [
              12.46376935,
              55.70080744
            ],
            [
              12.46407986,
              55.69902414
            ],
            [
              12.46345519,
              55.69685435
            ],
            [
              12.46346886,
              55.69627681
            ],
            [
              12.46637741,
              55.69340848
            ],
            [
              12.46682186,
              55.69273469
            ],
            [
              12.46692516,
              55.69170136
            ],
            [
              12.46722427,
              55.69150381
            ],
            [
              12.46672184,
              55.69144752
            ],
            [
              12.46622002,
              55.6908769
            ],
            [
              12.46602529,
              55.68999208
            ],
            [
              12.46699684,
              55.68666738
            ],
            [
              12.46751861,
              55.68387239
            ],
            [
              12.46792336,
              55.68280572
            ],
            [
              12.46781219,
              55.68234481
            ],
            [
              12.46929017,
              55.6813412
            ],
            [
              12.469423,
              55.68022376
            ],
            [
              12.4703974,
              55.67879497
            ],
            [
              12.4720019,
              55.67762679
            ],
            [
              12.47216401,
              55.67687447
            ],
            [
              12.47273099,
              55.67606933
            ],
            [
              12.47303103,
              55.67448463
            ],
            [
              12.47364267,
              55.67392161
            ],
            [
              12.47430415,
              55.67263832
            ],
            [
              12.47452345,
              55.67264424
            ],
            [
              12.47473283,
              55.67216194
            ],
            [
              12.47852807,
              55.6720814
            ],
            [
              12.47831901,
              55.66680961
            ],
            [
              12.47812357,
              55.66600952
            ],
            [
              12.47834301,
              55.66554464
            ],
            [
              12.47734032,
              55.666123
            ],
            [
              12.47396126,
              55.66616682
            ],
            [
              12.47097024,
              55.66593845
            ],
            [
              12.47097421,
              55.66552904
            ],
            [
              12.46792373,
              55.66532179
            ],
            [
              12.46151815,
              55.66546586
            ],
            [
              12.46150452,
              55.66520001
            ],
            [
              12.46325856,
              55.66512377
            ],
            [
              12.463235,
              55.66486449
            ],
            [
              12.46044481,
              55.66497717
            ],
            [
              12.46046289,
              55.66523399
            ],
            [
              12.46006526,
              55.66524369
            ],
            [
              12.45996638,
              55.66494904
            ],
            [
              12.4578957,
              55.66499721
            ],
            [
              12.4548298,
              55.66475258
            ],
            [
              12.44851994,
              55.66503272
            ],
            [
              12.44837971,
              55.66656223
            ],
            [
              12.44735412,
              55.66705727
            ],
            [
              12.44705222,
              55.67017767
            ],
            [
              12.44441542,
              55.66994426
            ],
            [
              12.44425774,
              55.67021178
            ],
            [
              12.44298681,
              55.67009839
            ],
            [
              12.4426589,
              55.67152985
            ],
            [
              12.43399789,
              55.67100477
            ],
            [
              12.43156333,
              55.67044641
            ],
            [
              12.42465442,
              55.66951853
            ],
            [
              12.42427918,
              55.67039973
            ],
            [
              12.42299168,
              55.67171262
            ],
            [
              12.42332644,
              55.67325984
            ],
            [
              12.42434701,
              55.67517661
            ],
            [
              12.42853544,
              55.6811767
            ],
            [
              12.43121042,
              55.68713082
            ],
            [
              12.43236082,
              55.68872596
            ],
            [
              12.42920697,
              55.69060668
            ],
            [
              12.42897455,
              55.69165823
            ],
            [
              12.42905949,
              55.69197209
            ],
            [
              12.42885846,
              55.69209729
            ],
            [
              12.42872204,
              55.69370874
            ],
            [
              12.42900438,
              55.69449648
            ],
            [
              12.4278968,
              55.69905994
            ],
            [
              12.42794749,
              55.69973107
            ],
            [
              12.42739041,
              55.70588254
            ],
            [
              12.42744839,
              55.70648423
            ],
            [
              12.42861863,
              55.70758931
            ],
            [
              12.4264476,
              55.70846581
            ],
            [
              12.42483114,
              55.70867917
            ],
            [
              12.42412547,
              55.71033024
            ],
            [
              12.42555643,
              55.71380515
            ],
            [
              12.42606219,
              55.71434587
            ],
            [
              12.42619945,
              55.71472363
            ],
            [
              12.42598458,
              55.71618486
            ],
            [
              12.42617912,
              55.71670002
            ],
            [
              12.42612119,
              55.71701678
            ],
            [
              12.42542449,
              55.71787853
            ],
            [
              12.42508296,
              55.71857464
            ],
            [
              12.42459711,
              55.71885803
            ],
            [
              12.4235999,
              55.71904293
            ],
            [
              12.42214812,
              55.72023287
            ],
            [
              12.42171727,
              55.72080117
            ],
            [
              12.41980849,
              55.72164687
            ],
            [
              12.41966817,
              55.72204235
            ],
            [
              12.41931455,
              55.72238685
            ],
            [
              12.41918514,
              55.7231566
            ],
            [
              12.41837449,
              55.72334678
            ],
            [
              12.4174493,
              55.72318904
            ],
            [
              12.41674386,
              55.72362606
            ],
            [
              12.416567,
              55.72403397
            ],
            [
              12.41605363,
              55.72442868
            ],
            [
              12.41484198,
              55.72507686
            ],
            [
              12.41426788,
              55.72627401
            ],
            [
              12.41310052,
              55.72686852
            ],
            [
              12.41311546,
              55.72709064
            ],
            [
              12.41353827,
              55.72733099
            ],
            [
              12.41355802,
              55.72753526
            ],
            [
              12.41258522,
              55.72795343
            ],
            [
              12.41196017,
              55.72790949
            ],
            [
              12.41164717,
              55.72839761
            ],
            [
              12.41083031,
              55.72891438
            ],
            [
              12.40888539,
              55.72920507
            ],
            [
              12.40793764,
              55.72907288
            ],
            [
              12.40731114,
              55.72920248
            ],
            [
              12.40654186,
              55.72993693
            ],
            [
              12.40674724,
              55.73039751
            ],
            [
              12.40734524,
              55.7307285
            ],
            [
              12.4076279,
              55.7317826
            ],
            [
              12.40835683,
              55.73308442
            ],
            [
              12.40927685,
              55.73391482
            ],
            [
              12.40951911,
              55.73462757
            ],
            [
              12.40935406,
              55.7353822
            ],
            [
              12.40759871,
              55.73566678
            ],
            [
              12.40641724,
              55.73619499
            ],
            [
              12.40582299,
              55.73685309
            ],
            [
              12.40529859,
              55.73832187
            ],
            [
              12.40037691,
              55.73768923
            ],
            [
              12.39998262,
              55.74007669
            ],
            [
              12.40018339,
              55.74022451
            ],
            [
              12.40006203,
              55.74279628
            ],
            [
              12.39972479,
              55.74359306
            ],
            [
              12.3987426,
              55.74524478
            ],
            [
              12.39728693,
              55.74624641
            ],
            [
              12.39337347,
              55.75125399
            ],
            [
              12.39381474,
              55.75271031
            ],
            [
              12.39357781,
              55.75410032
            ],
            [
              12.39367089,
              55.75427244
            ],
            [
              12.39348039,
              55.75469094
            ],
            [
              12.39377736,
              55.75473245
            ],
            [
              12.39357306,
              55.75525077
            ],
            [
              12.39455436,
              55.75909925
            ],
            [
              12.3948426,
              55.75972758
            ],
            [
              12.39511257,
              55.75986334
            ],
            [
              12.39578875,
              55.75903598
            ],
            [
              12.39776883,
              55.7580615
            ],
            [
              12.40125117,
              55.75679685
            ]
          ]
        ]
      }
    },
    {
      "type": "Feature",
      "properties": {
        "name": "Slots",
        "number": "11",
        "source": "Dataforsyningen opstillingskredse"
      },
      "geometry": {
        "type": "Polygon",
        "coordinates": [
          [
            [
              12.51253938,
              55.68962723
            ],
            [
              12.51439175,
              55.68635554
            ],
            [
              12.51464692,
              55.6864073
            ],
            [
              12.5192893,
              55.68541511
            ],
            [
              12.51951032,
              55.68522696
            ],
            [
              12.51977972,
              55.68529709
            ],
            [
              12.52466923,
              55.68426658
            ],
            [
              12.52751949,
              55.68793053
            ],
            [
              12.53858711,
              55.68540478
            ],
            [
              12.53773141,
              55.68482307
            ],
            [
              12.53790351,
              55.68472153
            ],
            [
              12.53477629,
              55.68195875
            ],
            [
              12.5341051,
              55.68118935
            ],
            [
              12.53017155,
              55.66776376
            ],
            [
              12.52331292,
              55.66650584
            ],
            [
              12.523241,
              55.66672506
            ],
            [
              12.52252664,
              55.66671178
            ],
            [
              12.52031956,
              55.66721495
            ],
            [
              12.51954793,
              55.66751683
            ],
            [
              12.51733958,
              55.66795183
            ],
            [
              12.51100417,
              55.66961226
            ],
            [
              12.51095746,
              55.66950651
            ],
            [
              12.50307221,
              55.66911055
            ],
            [
              12.5026309,
              55.66936144
            ],
            [
              12.50105605,
              55.66928863
            ],
            [
              12.50102713,
              55.66912347
            ],
            [
              12.49653318,
              55.6689282
            ],
            [
              12.49544891,
              55.6723285
            ],
            [
              12.49528947,
              55.67231938
            ],
            [
              12.49521615,
              55.67252288
            ],
            [
              12.49329692,
              55.67260203
            ],
            [
              12.49259745,
              55.67761773
            ],
            [
              12.49131567,
              55.67908253
            ],
            [
              12.49151451,
              55.67917452
            ],
            [
              12.49304984,
              55.6821229
            ],
            [
              12.49395847,
              55.68306162
            ],
            [
              12.49432326,
              55.68296203
            ],
            [
              12.49476563,
              55.68330189
            ],
            [
              12.49567862,
              55.6845363
            ],
            [
              12.49597687,
              55.68454165
            ],
            [
              12.49591817,
              55.68406254
            ],
            [
              12.49802996,
              55.68521123
            ],
            [
              12.49784483,
              55.68531956
            ],
            [
              12.49803227,
              55.68543128
            ],
            [
              12.50141218,
              55.68708799
            ],
            [
              12.5023816,
              55.68775797
            ],
            [
              12.50391819,
              55.68823954
            ],
            [
              12.51038791,
              55.68910492
            ],
            [
              12.51253938,
              55.68962723
            ]
          ]
        ]
      }
    },
    {
      "type": "Feature",
      "properties": {
        "name": "Sundbyvester",
        "number": "2",
        "source": "Dataforsyningen opstillingskredse"
      },
      "geometry": {
        "type": "Polygon",
        "coordinates": [
          [
            [
              12.57981746,
              55.6700103
            ],
            [
              12.58233281,
              55.66874389
            ],
            [
              12.58682478,
              55.66798034
            ],
            [
              12.58972913,
              55.66790522
            ],
            [
              12.59411169,
              55.6685887
            ],
            [
              12.59524326,
              55.66935391
            ],
            [
              12.59560173,
              55.66943556
            ],
            [
              12.5967828,
              55.6690363
            ],
            [
              12.59747443,
              55.66909037
            ],
            [
              12.59681241,
              55.66842146
            ],
            [
              12.60176572,
              55.66322871
            ],
            [
              12.60883866,
              55.65734975
            ],
            [
              12.61098822,
              55.65420365
            ],
            [
              12.61499202,
              55.64531864
            ],
            [
              12.61738777,
              55.64046935
            ],
            [
              12.59905691,
              55.63789839
            ],
            [
              12.59231658,
              55.63796398
            ],
            [
              12.59343258,
              55.63373869
            ],
            [
              12.59190861,
              55.62286415
            ],
            [
              12.57184012,
              55.61575094
            ],
            [
              12.56902443,
              55.61549562
            ],
            [
              12.52352996,
              55.61548797
            ],
            [
              12.52057335,
              55.61435892
            ],
            [
              12.51634255,
              55.61343292
            ],
            [
              12.51608563,
              55.61287453
            ],
            [
              12.51598131,
              55.61288392
            ],
            [
              12.51617272,
              55.61347159
            ],
            [
              12.51300282,
              55.61336719
            ],
            [
              12.51352286,
              55.61377856
            ],
            [
              12.51333767,
              55.61378196
            ],
            [
              12.51066238,
              55.6137949
            ],
            [
              12.50991718,
              55.61328565
            ],
            [
              12.50886211,
              55.61285335
            ],
            [
              12.50905334,
              55.61299497
            ],
            [
              12.50878593,
              55.6131545
            ],
            [
              12.50711937,
              55.61340795
            ],
            [
              12.5060858,
              55.61340453
            ],
            [
              12.50604367,
              55.61302719
            ],
            [
              12.50551972,
              55.61375261
            ],
            [
              12.50556219,
              55.61409298
            ],
            [
              12.50474515,
              55.61414951
            ],
            [
              12.50494067,
              55.61447472
            ],
            [
              12.5056472,
              55.61442396
            ],
            [
              12.50584958,
              55.61478296
            ],
            [
              12.50650905,
              55.61525764
            ],
            [
              12.50636131,
              55.61503375
            ],
            [
              12.50670068,
              55.61487208
            ],
            [
              12.50845,
              55.61495723
            ],
            [
              12.50962852,
              55.61469257
            ],
            [
              12.51075093,
              55.61477946
            ],
            [
              12.51110141,
              55.61510804
            ],
            [
              12.51105321,
              55.61411998
            ],
            [
              12.51336125,
              55.6141182
            ],
            [
              12.51382116,
              55.61433627
            ],
            [
              12.53480457,
              55.63093504
            ],
            [
              12.55190019,
              55.6401233
            ],
            [
              12.55204299,
              55.64081683
            ],
            [
              12.55134303,
              55.64118422
            ],
            [
              12.55152033,
              55.64147911
            ],
            [
              12.55349305,
              55.64116944
            ],
            [
              12.55399082,
              55.64140084
            ],
            [
              12.55195212,
              55.64219682
            ],
            [
              12.55256996,
              55.6427409
            ],
            [
              12.55419597,
              55.64237482
            ],
            [
              12.55422072,
              55.64361577
            ],
            [
              12.55457771,
              55.64365847
            ],
            [
              12.55489226,
              55.64393627
            ],
            [
              12.56362911,
              55.6549943
            ],
            [
              12.56344206,
              55.65503777
            ],
            [
              12.5671847,
              55.65989229
            ],
            [
              12.56805679,
              55.65967728
            ],
            [
              12.56837437,
              55.66008876
            ],
            [
              12.56750208,
              55.66030342
            ],
            [
              12.56816878,
              55.66119147
            ],
            [
              12.57914298,
              55.66959021
            ],
            [
              12.57981746,
              55.6700103
            ]
          ]
        ]
      }
    },
    {
      "type": "Feature",
      "properties": {
        "name": "Sundby\u00f8ster",
        "number": "4",
        "source": "Dataforsyningen opstillingskredse"
      },
      "geometry": {
        "type": "MultiPolygon",
        "coordinates": [
          [
            [
              [
                12.63594036,
                55.68775926
              ],
              [
                12.62676687,
                55.68448861
              ],
              [
                12.62640539,
                55.68410527
              ],
              [
                12.62585915,
                55.68411899
              ],
              [
                12.62487385,
                55.68377766
              ],
              [
                12.6208533,
                55.6810762
              ],
              [
                12.62148391,
                55.68016009
              ],
              [
                12.62120345,
                55.68006668
              ],
              [
                12.62096795,
                55.68029582
              ],
              [
                12.62024457,
                55.68009202
              ],
              [
                12.62050046,
                55.67984924
              ],
              [
                12.62089321,
                55.6799558
              ],
              [
                12.62055555,
                55.67979447
              ],
              [
                12.62097317,
                55.67991351
              ],
              [
                12.62057074,
                55.67977981
              ],
              [
                12.62078272,
                55.67957501
              ],
              [
                12.62148825,
                55.67978374
              ],
              [
                12.62127627,
                55.6799988
              ],
              [
                12.62169637,
                55.68002766
              ],
              [
                12.62734883,
                55.67366078
              ],
              [
                12.62722101,
                55.6736259
              ],
              [
                12.62858161,
                55.67206329
              ],
              [
                12.62894716,
                55.67201246
              ],
              [
                12.63053322,
                55.67094203
              ],
              [
                12.63260334,
                55.67125739
              ],
              [
                12.6332664,
                55.67162493
              ],
              [
                12.63349099,
                55.67197904
              ],
              [
                12.63045669,
                55.67399501
              ],
              [
                12.62491165,
                55.68051335
              ],
              [
                12.62734293,
                55.68213123
              ],
              [
                12.63559371,
                55.68503704
              ],
              [
                12.63676408,
                55.68356254
              ],
              [
                12.63731511,
                55.68337615
              ],
              [
                12.63702598,
                55.68319689
              ],
              [
                12.63916708,
                55.68040275
              ],
              [
                12.63973427,
                55.68040093
              ],
              [
                12.63837047,
                55.68027173
              ],
              [
                12.63539248,
                55.67966615
              ],
              [
                12.63532611,
                55.67888635
              ],
              [
                12.63547958,
                55.67868136
              ],
              [
                12.63527885,
                55.67887102
              ],
              [
                12.63519261,
                55.67952065
              ],
              [
                12.63435512,
                55.67943406
              ],
              [
                12.63405535,
                55.67915349
              ],
              [
                12.63468236,
                55.67854153
              ],
              [
                12.63467478,
                55.67775036
              ],
              [
                12.63493675,
                55.67766329
              ],
              [
                12.63299462,
                55.6757061
              ],
              [
                12.6346418,
                55.67568794
              ],
              [
                12.63635135,
                55.67698543
              ],
              [
                12.63732332,
                55.67681911
              ],
              [
                12.63740924,
                55.67694748
              ],
              [
                12.63949084,
                55.67651605
              ],
              [
                12.64065605,
                55.67871553
              ],
              [
                12.64037957,
                55.67907263
              ],
              [
                12.64046731,
                55.6791416
              ],
              [
                12.64076833,
                55.6787951
              ],
              [
                12.64466829,
                55.67916175
              ],
              [
                12.64812195,
                55.67607736
              ],
              [
                12.6476655,
                55.67587504
              ],
              [
                12.6482007,
                55.67545555
              ],
              [
                12.64817439,
                55.67514413
              ],
              [
                12.64655957,
                55.6743444
              ],
              [
                12.6448438,
                55.67197746
              ],
              [
                12.6458347,
                55.67140784
              ],
              [
                12.64590465,
                55.67115947
              ],
              [
                12.64573024,
                55.67089939
              ],
              [
                12.64560958,
                55.67092609
              ],
              [
                12.64576335,
                55.67115243
              ],
              [
                12.64565014,
                55.67140793
              ],
              [
                12.64464946,
                55.67183657
              ],
              [
                12.64317876,
                55.67133519
              ],
              [
                12.64174803,
                55.67136241
              ],
              [
                12.64127083,
                55.67061433
              ],
              [
                12.63655096,
                55.67039357
              ],
              [
                12.63681176,
                55.67027226
              ],
              [
                12.64129093,
                55.67049171
              ],
              [
                12.6434735,
                55.66999192
              ],
              [
                12.64366065,
                55.67015136
              ],
              [
                12.64441116,
                55.6700028
              ],
              [
                12.64492919,
                55.67058034
              ],
              [
                12.64409566,
                55.66925739
              ],
              [
                12.64321994,
                55.66908604
              ],
              [
                12.642058,
                55.66723817
              ],
              [
                12.64178878,
                55.66706156
              ],
              [
                12.64143893,
                55.66712312
              ],
              [
                12.64188888,
                55.66723123
              ],
              [
                12.64309082,
                55.66911245
              ],
              [
                12.6429521,
                55.669193
              ],
              [
                12.64342409,
                55.66991399
              ],
              [
                12.64311469,
                55.66995564
              ],
              [
                12.64270044,
                55.66951502
              ],
              [
                12.64183076,
                55.67014764
              ],
              [
                12.64027994,
                55.67007546
              ],
              [
                12.64001348,
                55.66966344
              ],
              [
                12.63967716,
                55.66973043
              ],
              [
                12.63937235,
                55.66924969
              ],
              [
                12.63971392,
                55.66915187
              ],
              [
                12.63926166,
                55.66847633
              ],
              [
                12.63877942,
                55.66816459
              ],
              [
                12.64006521,
                55.66732721
              ],
              [
                12.64026425,
                55.66736671
              ],
              [
                12.64091262,
                55.66704235
              ],
              [
                12.63688343,
                55.66680731
              ],
              [
                12.63668284,
                55.66688978
              ],
              [
                12.63763074,
                55.66697918
              ],
              [
                12.63845,
                55.66794786
              ],
              [
                12.63870706,
                55.66806387
              ],
              [
                12.63824288,
                55.66843787
              ],
              [
                12.63804768,
                55.66839861
              ],
              [
                12.63675067,
                55.66946201
              ],
              [
                12.6366017,
                55.6701964
              ],
              [
                12.63627361,
                55.67034353
              ],
              [
                12.63397851,
                55.67022346
              ],
              [
                12.63296793,
                55.6710163
              ],
              [
                12.63077776,
                55.67067942
              ],
              [
                12.63220594,
                55.66960609
              ],
              [
                12.63152621,
                55.66939288
              ],
              [
                12.63165354,
                55.66851841
              ],
              [
                12.63340128,
                55.6666961
              ],
              [
                12.63413318,
                55.66564437
              ],
              [
                12.63490594,
                55.66498006
              ],
              [
                12.63478284,
                55.66491015
              ],
              [
                12.63440984,
                55.66528962
              ],
              [
                12.63350108,
                55.66502989
              ],
              [
                12.63055851,
                55.6646797
              ],
              [
                12.63061329,
                55.66453447
              ],
              [
                12.63225493,
                55.66465885
              ],
              [
                12.63238596,
                55.6640561
              ],
              [
                12.63249583,
                55.66406237
              ],
              [
                12.6323896,
                55.66403873
              ],
              [
                12.63275053,
                55.66365603
              ],
              [
                12.63503825,
                55.66432304
              ],
              [
                12.63485781,
                55.66473573
              ],
              [
                12.63499539,
                55.66472176
              ],
              [
                12.63558841,
                55.6632748
              ],
              [
                12.63527155,
                55.66118222
              ],
              [
                12.6360056,
                55.65995642
              ],
              [
                12.63903104,
                55.65633025
              ],
              [
                12.64229399,
                55.65078253
              ],
              [
                12.64653781,
                55.64802643
              ],
              [
                12.64847309,
                55.64787001
              ],
              [
                12.64841744,
                55.64762915
              ],
              [
                12.64988315,
                55.64745926
              ],
              [
                12.65073863,
                55.64765381
              ],
              [
                12.65020175,
                55.64739887
              ],
              [
                12.6486767,
                55.64752404
              ],
              [
                12.64820406,
                55.6469699
              ],
              [
                12.64794453,
                55.64632049
              ],
              [
                12.63432724,
                55.64440483
              ],
              [
                12.63396092,
                55.6451356
              ],
              [
                12.62836988,
                55.64429693
              ],
              [
                12.62597139,
                55.6437882
              ],
              [
                12.62729671,
                55.64141106
              ],
              [
                12.6210502,
                55.64000232
              ],
              [
                12.62091797,
                55.63964295
              ],
              [
                12.61942859,
                55.63933922
              ],
              [
                12.61890375,
                55.6399794
              ],
              [
                12.61838345,
                55.64011759
              ],
              [
                12.61811928,
                55.64059028
              ],
              [
                12.61738777,
                55.64046935
              ],
              [
                12.61499202,
                55.64531864
              ],
              [
                12.61098822,
                55.65420365
              ],
              [
                12.60873096,
                55.65749454
              ],
              [
                12.60176572,
                55.66322871
              ],
              [
                12.59681241,
                55.66842146
              ],
              [
                12.59747443,
                55.66909037
              ],
              [
                12.5967828,
                55.6690363
              ],
              [
                12.59616418,
                55.66925406
              ],
              [
                12.59677029,
                55.66914951
              ],
              [
                12.59930443,
                55.66968119
              ],
              [
                12.60025404,
                55.66956807
              ],
              [
                12.60104295,
                55.67021623
              ],
              [
                12.60344709,
                55.67121842
              ],
              [
                12.6043561,
                55.67125339
              ],
              [
                12.60452624,
                55.67170167
              ],
              [
                12.60730914,
                55.6728045
              ],
              [
                12.6088671,
                55.67382051
              ],
              [
                12.60981299,
                55.6739734
              ],
              [
                12.60997169,
                55.67425189
              ],
              [
                12.60986264,
                55.67459481
              ],
              [
                12.61090954,
                55.67538027
              ],
              [
                12.61149021,
                55.6761345
              ],
              [
                12.61261336,
                55.67636757
              ],
              [
                12.61294,
                55.67663778
              ],
              [
                12.61300417,
                55.67687615
              ],
              [
                12.61254443,
                55.67750034
              ],
              [
                12.61304707,
                55.67821351
              ],
              [
                12.61333163,
                55.67909308
              ],
              [
                12.61426586,
                55.67943871
              ],
              [
                12.61452035,
                55.67980438
              ],
              [
                12.61446625,
                55.68005091
              ],
              [
                12.61378307,
                55.68053899
              ],
              [
                12.61402057,
                55.68137049
              ],
              [
                12.61491718,
                55.6814614
              ],
              [
                12.61567804,
                55.6817661
              ],
              [
                12.61610311,
                55.68268063
              ],
              [
                12.61600163,
                55.68282426
              ],
              [
                12.61636028,
                55.68366908
              ],
              [
                12.6165307,
                55.68484344
              ],
              [
                12.61717884,
                55.6855274
              ],
              [
                12.61721536,
                55.68612411
              ],
              [
                12.61761612,
                55.6864975
              ],
              [
                12.6197071,
                55.68720614
              ],
              [
                12.61984532,
                55.68778842
              ],
              [
                12.61996759,
                55.68778176
              ],
              [
                12.61995079,
                55.68710804
              ],
              [
                12.62478687,
                55.68869182
              ],
              [
                12.62527459,
                55.68864368
              ],
              [
                12.6257534,
                55.68811788
              ],
              [
                12.62602326,
                55.68811161
              ],
              [
                12.62617436,
                55.68823753
              ],
              [
                12.62567382,
                55.68879832
              ],
              [
                12.62638621,
                55.68971629
              ],
              [
                12.62613486,
                55.68980735
              ],
              [
                12.62742272,
                55.68956937
              ],
              [
                12.62813782,
                55.68892606
              ],
              [
                12.62872893,
                55.6889904
              ],
              [
                12.63285847,
                55.69053435
              ],
              [
                12.63594036,
                55.68775926
              ]
            ]
          ],
          [
            [
              [
                12.64892079,
                55.64788608
              ],
              [
                12.6483576,
                55.64794125
              ],
              [
                12.64826073,
                55.64795114
              ],
              [
                12.64830411,
                55.64809085
              ],
              [
                12.64896275,
                55.64802592
              ],
              [
                12.64892079,
                55.64788608
              ]
            ]
          ],
          [
            [
              [
                12.64025506,
                55.66235032
              ],
              [
                12.64173662,
                55.66050539
              ],
              [
                12.64650457,
                55.65678309
              ],
              [
                12.64987158,
                55.65479985
              ],
              [
                12.6504868,
                55.6546381
              ],
              [
                12.65205374,
                55.65460797
              ],
              [
                12.65038861,
                55.65449751
              ],
              [
                12.64929177,
                55.65390747
              ],
              [
                12.64805398,
                55.65193279
              ],
              [
                12.64816715,
                55.65128478
              ],
              [
                12.64790434,
                55.65096259
              ],
              [
                12.6481673,
                55.65050237
              ],
              [
                12.64820747,
                55.64982866
              ],
              [
                12.64886792,
                55.64868121
              ],
              [
                12.64923681,
                55.64840928
              ],
              [
                12.65052171,
                55.64821859
              ],
              [
                12.65082098,
                55.64788911
              ],
              [
                12.65035682,
                55.64819824
              ],
              [
                12.64962023,
                55.64830551
              ],
              [
                12.64863229,
                55.64839634
              ],
              [
                12.64855217,
                55.64813013
              ],
              [
                12.6471128,
                55.64830489
              ],
              [
                12.64285176,
                55.65089787
              ],
              [
                12.64307316,
                55.65140626
              ],
              [
                12.64582176,
                55.65293043
              ],
              [
                12.64646689,
                55.6536012
              ],
              [
                12.64663732,
                55.65435416
              ],
              [
                12.64625318,
                55.65448689
              ],
              [
                12.64589116,
                55.65507441
              ],
              [
                12.64219494,
                55.65750848
              ],
              [
                12.6404056,
                55.65770379
              ],
              [
                12.63996883,
                55.65806835
              ],
              [
                12.63960913,
                55.65805727
              ],
              [
                12.63966561,
                55.65864808
              ],
              [
                12.64007314,
                55.65898559
              ],
              [
                12.63961739,
                55.65964592
              ],
              [
                12.63774089,
                55.66152449
              ],
              [
                12.63731489,
                55.66240999
              ],
              [
                12.63720389,
                55.66244296
              ],
              [
                12.63719715,
                55.66225549
              ],
              [
                12.63693641,
                55.6627916
              ],
              [
                12.63921536,
                55.66501442
              ],
              [
                12.63938083,
                55.6654735
              ],
              [
                12.63953181,
                55.66551469
              ],
              [
                12.63957721,
                55.66514386
              ],
              [
                12.63884954,
                55.66434054
              ],
              [
                12.63961119,
                55.6634483
              ],
              [
                12.64025506,
                55.66235032
              ]
            ]
          ]
        ]
      }
    },
    {
      "type": "Feature",
      "properties": {
        "name": "Taastrup",
        "number": "19",
        "source": "Dataforsyningen opstillingskredse"
      },
      "geometry": {
        "type": "Polygon",
        "coordinates": [
          [
            [
              12.3304916,
              55.70045822
            ],
            [
              12.33450373,
              55.70016015
            ],
            [
              12.33512471,
              55.70028227
            ],
            [
              12.33656855,
              55.70147495
            ],
            [
              12.33746189,
              55.70333372
            ],
            [
              12.33933792,
              55.704741
            ],
            [
              12.34054784,
              55.70600087
            ],
            [
              12.3413492,
              55.7066005
            ],
            [
              12.34166522,
              55.70755402
            ],
            [
              12.34153793,
              55.7082933
            ],
            [
              12.34180976,
              55.70907612
            ],
            [
              12.34181416,
              55.71021227
            ],
            [
              12.3422996,
              55.7110736
            ],
            [
              12.35169315,
              55.70848724
            ],
            [
              12.36288054,
              55.7051933
            ],
            [
              12.36388804,
              55.70476072
            ],
            [
              12.36548281,
              55.7046045
            ],
            [
              12.37087925,
              55.70269445
            ],
            [
              12.371661,
              55.70223421
            ],
            [
              12.37567203,
              55.70142233
            ],
            [
              12.37910233,
              55.69991817
            ],
            [
              12.38210723,
              55.69880363
            ],
            [
              12.38744868,
              55.6973413
            ],
            [
              12.38756796,
              55.6970181
            ],
            [
              12.38667555,
              55.69688998
            ],
            [
              12.38797056,
              55.69438517
            ],
            [
              12.39227667,
              55.69057205
            ],
            [
              12.39393128,
              55.68943979
            ],
            [
              12.39627171,
              55.6856505
            ],
            [
              12.39560379,
              55.68052299
            ],
            [
              12.39606058,
              55.68050378
            ],
            [
              12.39614477,
              55.68032594
            ],
            [
              12.39605248,
              55.67978849
            ],
            [
              12.39551703,
              55.67986023
            ],
            [
              12.3950028,
              55.67635415
            ],
            [
              12.39437025,
              55.67489963
            ],
            [
              12.39270142,
              55.67515548
            ],
            [
              12.39121269,
              55.67562105
            ],
            [
              12.39118793,
              55.6754215
            ],
            [
              12.38720676,
              55.67678741
            ],
            [
              12.38498102,
              55.67714045
            ],
            [
              12.38454521,
              55.67395552
            ],
            [
              12.38474291,
              55.67394437
            ],
            [
              12.3846734,
              55.67348955
            ],
            [
              12.38422646,
              55.67353173
            ],
            [
              12.38047261,
              55.67129794
            ],
            [
              12.38068082,
              55.67102094
            ],
            [
              12.37958326,
              55.67082938
            ],
            [
              12.3786836,
              55.67148041
            ],
            [
              12.3765485,
              55.6720554
            ],
            [
              12.37448797,
              55.67188276
            ],
            [
              12.37494922,
              55.67003138
            ],
            [
              12.37116637,
              55.66936337
            ],
            [
              12.36950602,
              55.66889237
            ],
            [
              12.36934838,
              55.66868693
            ],
            [
              12.36957487,
              55.66839491
            ],
            [
              12.3678075,
              55.66832405
            ],
            [
              12.36950433,
              55.6665774
            ],
            [
              12.36943942,
              55.66609249
            ],
            [
              12.37150866,
              55.66459408
            ],
            [
              12.37164452,
              55.66382942
            ],
            [
              12.37142137,
              55.66172761
            ],
            [
              12.37105973,
              55.66159763
            ],
            [
              12.37123917,
              55.66014978
            ],
            [
              12.37473847,
              55.66018078
            ],
            [
              12.3669511,
              55.6592981
            ],
            [
              12.36633796,
              55.65896564
            ],
            [
              12.36342442,
              55.65856996
            ],
            [
              12.36430678,
              55.65690492
            ],
            [
              12.36498335,
              55.65621462
            ],
            [
              12.35908257,
              55.65556221
            ],
            [
              12.35928685,
              55.65497327
            ],
            [
              12.3548438,
              55.65448426
            ],
            [
              12.35464089,
              55.65507136
            ],
            [
              12.35274737,
              55.65485945
            ],
            [
              12.3540902,
              55.65097257
            ],
            [
              12.3542883,
              55.65089603
            ],
            [
              12.35432111,
              55.65060679
            ],
            [
              12.35417951,
              55.65049441
            ],
            [
              12.35371989,
              55.65044683
            ],
            [
              12.35420833,
              55.64925546
            ],
            [
              12.34939833,
              55.6487229
            ],
            [
              12.34703921,
              55.64771677
            ],
            [
              12.345781,
              55.64690362
            ],
            [
              12.34310375,
              55.64425634
            ],
            [
              12.34273118,
              55.64405413
            ],
            [
              12.34133408,
              55.64195946
            ],
            [
              12.34607961,
              55.63821957
            ],
            [
              12.34662457,
              55.63758134
            ],
            [
              12.34067272,
              55.636072
            ],
            [
              12.33929313,
              55.63604873
            ],
            [
              12.33734757,
              55.63652825
            ],
            [
              12.33595809,
              55.6365587
            ],
            [
              12.3325504,
              55.63601286
            ],
            [
              12.33,
              55.63646981551712
            ],
            [
              12.33,
              55.7
            ],
            [
              12.3304916,
              55.70045822
            ]
          ]
        ]
      }
    },
    {
      "type": "Feature",
      "properties": {
        "name": "T\u00e5rnby",
        "number": "12",
        "source": "Dataforsyningen opstillingskredse"
      },
      "geometry": {
        "type": "MultiPolygon",
        "coordinates": [
          [
            [
              [
                12.6489062,
                55.64444156
              ],
              [
                12.65049872,
                55.64434054
              ],
              [
                12.65173317,
                55.64309945
              ],
              [
                12.65242936,
                55.64289068
              ],
              [
                12.65162933,
                55.64290472
              ],
              [
                12.65034735,
                55.64421412
              ],
              [
                12.64888818,
                55.6442975
              ],
              [
                12.64777858,
                55.64332603
              ],
              [
                12.64856964,
                55.64244859
              ],
              [
                12.64962393,
                55.64240092
              ],
              [
                12.65118708,
                55.64283211
              ],
              [
                12.65141233,
                55.64258926
              ],
              [
                12.65058793,
                55.64231079
              ],
              [
                12.65182512,
                55.64097691
              ],
              [
                12.65309992,
                55.64094323
              ],
              [
                12.65449453,
                55.64160474
              ],
              [
                12.65340781,
                55.64288381
              ],
              [
                12.65315483,
                55.64287346
              ],
              [
                12.65335714,
                55.64293559
              ],
              [
                12.65320526,
                55.643116
              ],
              [
                12.65243443,
                55.64335973
              ],
              [
                12.65323816,
                55.64331204
              ],
              [
                12.65493759,
                55.64161617
              ],
              [
                12.65482585,
                55.64127717
              ],
              [
                12.65338795,
                55.64047865
              ],
              [
                12.6547251,
                55.63910157
              ],
              [
                12.65644792,
                55.63887618
              ],
              [
                12.65741477,
                55.63825528
              ],
              [
                12.65672304,
                55.63693745
              ],
              [
                12.65752683,
                55.63684233
              ],
              [
                12.6578326,
                55.63667099
              ],
              [
                12.65782442,
                55.63653221
              ],
              [
                12.65726066,
                55.63681278
              ],
              [
                12.6552931,
                55.63679928
              ],
              [
                12.65520535,
                55.63557663
              ],
              [
                12.65609575,
                55.63566399
              ],
              [
                12.65662737,
                55.63632407
              ],
              [
                12.65710939,
                55.63646075
              ],
              [
                12.65797935,
                55.63579545
              ],
              [
                12.65784249,
                55.63557059
              ],
              [
                12.65688303,
                55.63537685
              ],
              [
                12.65706165,
                55.63523475
              ],
              [
                12.65670946,
                55.63532934
              ],
              [
                12.65365434,
                55.63474426
              ],
              [
                12.65371699,
                55.63465068
              ],
              [
                12.65646037,
                55.63517599
              ],
              [
                12.65652342,
                55.63507304
              ],
              [
                12.65500866,
                55.63477977
              ],
              [
                12.65508453,
                55.63465404
              ],
              [
                12.65636675,
                55.63486748
              ],
              [
                12.65651143,
                55.63470409
              ],
              [
                12.65688576,
                55.63479426
              ],
              [
                12.65687629,
                55.635175
              ],
              [
                12.65710633,
                55.635073
              ],
              [
                12.65756244,
                55.63530352
              ],
              [
                12.65751672,
                55.63518826
              ],
              [
                12.65700413,
                55.63502713
              ],
              [
                12.65678194,
                55.63439514
              ],
              [
                12.6565545,
                55.63451658
              ],
              [
                12.65532819,
                55.63435534
              ],
              [
                12.65457639,
                55.63407815
              ],
              [
                12.65483989,
                55.63387462
              ],
              [
                12.65505032,
                55.63395278
              ],
              [
                12.65490806,
                55.63382331
              ],
              [
                12.65534684,
                55.63348282
              ],
              [
                12.6555313,
                55.63342048
              ],
              [
                12.65689617,
                55.63398376
              ],
              [
                12.65662566,
                55.63430458
              ],
              [
                12.65723903,
                55.63407046
              ],
              [
                12.65981089,
                55.63383946
              ],
              [
                12.66619182,
                55.63404194
              ],
              [
                12.67163752,
                55.6336521
              ],
              [
                12.67565987,
                55.63283039
              ],
              [
                12.67777509,
                55.63208126
              ],
              [
                12.67961344,
                55.63089952
              ],
              [
                12.68069807,
                55.6296003
              ],
              [
                12.68111792,
                55.62832608
              ],
              [
                12.68148812,
                55.61361976
              ],
              [
                12.67950509,
                55.61279891
              ],
              [
                12.67979502,
                55.61179908
              ],
              [
                12.68151072,
                55.61194365
              ],
              [
                12.68133018,
                55.61067622
              ],
              [
                12.68121242,
                55.61072148
              ],
              [
                12.68128487,
                55.61185116
              ],
              [
                12.68036941,
                55.61175242
              ],
              [
                12.68045998,
                55.61148155
              ],
              [
                12.68083984,
                55.61152391
              ],
              [
                12.68065574,
                55.61147512
              ],
              [
                12.6807219,
                55.61127774
              ],
              [
                12.68002497,
                55.61120345
              ],
              [
                12.68013847,
                55.61085177
              ],
              [
                12.68074073,
                55.61088897
              ],
              [
                12.68009924,
                55.61081797
              ],
              [
                12.67994454,
                55.61116567
              ],
              [
                12.6800878,
                55.61039783
              ],
              [
                12.68130784,
                55.61026523
              ],
              [
                12.68009517,
                55.61029852
              ],
              [
                12.67909882,
                55.6091127
              ],
              [
                12.67746331,
                55.60799651
              ],
              [
                12.6753379,
                55.60691487
              ],
              [
                12.6735978,
                55.60659857
              ],
              [
                12.67019229,
                55.60655318
              ],
              [
                12.66955109,
                55.60528975
              ],
              [
                12.66989506,
                55.60388043
              ],
              [
                12.67159794,
                55.60133613
              ],
              [
                12.67234892,
                55.59771655
              ],
              [
                12.67311607,
                55.59601289
              ],
              [
                12.67452243,
                55.59485189
              ],
              [
                12.67541843,
                55.59483364
              ],
              [
                12.67590024,
                55.59451138
              ],
              [
                12.67998967,
                55.59462847
              ],
              [
                12.67704615,
                55.59437069
              ],
              [
                12.67570146,
                55.59443884
              ],
              [
                12.67453695,
                55.59416014
              ],
              [
                12.67458568,
                55.59400554
              ],
              [
                12.67591735,
                55.59419883
              ],
              [
                12.6748273,
                55.59399631
              ],
              [
                12.67485193,
                55.59387597
              ],
              [
                12.67698075,
                55.59393005
              ],
              [
                12.67569229,
                55.59372675
              ],
              [
                12.67592696,
                55.59369075
              ],
              [
                12.67597304,
                55.59342814
              ],
              [
                12.67700726,
                55.593489
              ],
              [
                12.67742629,
                55.59417547
              ],
              [
                12.67717311,
                55.59343717
              ],
              [
                12.67836984,
                55.59357999
              ],
              [
                12.6785452,
                55.59345684
              ],
              [
                12.67952756,
                55.59382002
              ],
              [
                12.67920644,
                55.59417389
              ],
              [
                12.67969673,
                55.59387482
              ],
              [
                12.68051507,
                55.59425327
              ],
              [
                12.68053269,
                55.59453267
              ],
              [
                12.68069208,
                55.59433229
              ],
              [
                12.68059948,
                55.59420505
              ],
              [
                12.68150879,
                55.5944018
              ],
              [
                12.68195168,
                55.5943679
              ],
              [
                12.68053556,
                55.59413809
              ],
              [
                12.67934515,
                55.59363918
              ],
              [
                12.67972197,
                55.59319344
              ],
              [
                12.68047922,
                55.59335224
              ],
              [
                12.67973652,
                55.59284195
              ],
              [
                12.68016901,
                55.5926108
              ],
              [
                12.68202058,
                55.59231496
              ],
              [
                12.68260212,
                55.59348562
              ],
              [
                12.68255353,
                55.59396151
              ],
              [
                12.68271058,
                55.59384466
              ],
              [
                12.68271702,
                55.59346958
              ],
              [
                12.68094487,
                55.58986624
              ],
              [
                12.6819775,
                55.59225007
              ],
              [
                12.68147626,
                55.59173415
              ],
              [
                12.68061758,
                55.59197362
              ],
              [
                12.67873429,
                55.59200529
              ],
              [
                12.67685736,
                55.59051077
              ],
              [
                12.6791064,
                55.58965334
              ],
              [
                12.6783116,
                55.58957246
              ],
              [
                12.67826447,
                55.58930492
              ],
              [
                12.67746823,
                55.58913064
              ],
              [
                12.67781968,
                55.58899914
              ],
              [
                12.67962431,
                55.58939877
              ],
              [
                12.68014802,
                55.58898072
              ],
              [
                12.68008442,
                55.58872905
              ],
              [
                12.67829215,
                55.58818311
              ],
              [
                12.6768783,
                55.58813088
              ],
              [
                12.67684335,
                55.58875995
              ],
              [
                12.67764256,
                55.58895932
              ],
              [
                12.67728415,
                55.58910119
              ],
              [
                12.67649813,
                55.58886132
              ],
              [
                12.67657416,
                55.58802473
              ],
              [
                12.67832723,
                55.58799142
              ],
              [
                12.68026429,
                55.5885661
              ],
              [
                12.68044022,
                55.58903039
              ],
              [
                12.67978507,
                55.58952666
              ],
              [
                12.67945559,
                55.58959771
              ],
              [
                12.67981856,
                55.58958249
              ],
              [
                12.68033683,
                55.58920129
              ],
              [
                12.68148453,
                55.58965579
              ],
              [
                12.6805874,
                55.58921498
              ],
              [
                12.68033306,
                55.5885375
              ],
              [
                12.67838678,
                55.58795591
              ],
              [
                12.67683855,
                55.58788947
              ],
              [
                12.67651128,
                55.58799587
              ],
              [
                12.67638057,
                55.58828044
              ],
              [
                12.67584799,
                55.58818322
              ],
              [
                12.67303215,
                55.58695583
              ],
              [
                12.67043801,
                55.58535683
              ],
              [
                12.67012455,
                55.58487013
              ],
              [
                12.66680744,
                55.5830369
              ],
              [
                12.66167718,
                55.5815515
              ],
              [
                12.65709923,
                55.58085896
              ],
              [
                12.65283322,
                55.58078443
              ],
              [
                12.6514891,
                55.5800324
              ],
              [
                12.64861312,
                55.5792672
              ],
              [
                12.6461754,
                55.57838791
              ],
              [
                12.6444957,
                55.57801322
              ],
              [
                12.64453853,
                55.57778876
              ],
              [
                12.64318839,
                55.57764514
              ],
              [
                12.6444617,
                55.57724792
              ],
              [
                12.64274471,
                55.57753182
              ],
              [
                12.64057883,
                55.57731568
              ],
              [
                12.63939187,
                55.57751283
              ],
              [
                12.63879742,
                55.57739957
              ],
              [
                12.63800919,
                55.57764842
              ],
              [
                12.63709894,
                55.57742441
              ],
              [
                12.6372083,
                55.57721857
              ],
              [
                12.63703938,
                55.57712557
              ],
              [
                12.63648277,
                55.57709354
              ],
              [
                12.63627184,
                55.57721886
              ],
              [
                12.63651968,
                55.57738091
              ],
              [
                12.63574064,
                55.57760385
              ],
              [
                12.63539037,
                55.57754942
              ],
              [
                12.63545831,
                55.57728187
              ],
              [
                12.63515974,
                55.57700209
              ],
              [
                12.63465904,
                55.5772244
              ],
              [
                12.63429205,
                55.5770818
              ],
              [
                12.63400219,
                55.57731493
              ],
              [
                12.6336989,
                55.57727762
              ],
              [
                12.6332397,
                55.57690846
              ],
              [
                12.63305893,
                55.576955
              ],
              [
                12.63304753,
                55.57718716
              ],
              [
                12.63252859,
                55.57705257
              ],
              [
                12.63256612,
                55.57689535
              ],
              [
                12.63183274,
                55.57678987
              ],
              [
                12.6318416,
                55.57612833
              ],
              [
                12.63135319,
                55.57567118
              ],
              [
                12.63011161,
                55.57522206
              ],
              [
                12.62928466,
                55.57539881
              ],
              [
                12.62821932,
                55.5747041
              ],
              [
                12.62830091,
                55.57442391
              ],
              [
                12.62771387,
                55.57437638
              ],
              [
                12.62756968,
                55.57405056
              ],
              [
                12.62708323,
                55.57387353
              ],
              [
                12.62700235,
                55.57362477
              ],
              [
                12.62718367,
                55.5733848
              ],
              [
                12.62681293,
                55.57332474
              ],
              [
                12.62652713,
                55.57289341
              ],
              [
                12.62618466,
                55.57275266
              ],
              [
                12.62610191,
                55.57248355
              ],
              [
                12.62574569,
                55.57243628
              ],
              [
                12.62409702,
                55.57132071
              ],
              [
                12.6221003,
                55.56955288
              ],
              [
                12.62143918,
                55.56862971
              ],
              [
                12.62137907,
                55.56837854
              ],
              [
                12.62156794,
                55.5682807
              ],
              [
                12.62115006,
                55.56826977
              ],
              [
                12.61956637,
                55.56699999
              ],
              [
                12.61823659,
                55.5664121
              ],
              [
                12.61797806,
                55.56613928
              ],
              [
                12.61646246,
                55.5657474
              ],
              [
                12.61554902,
                55.56526507
              ],
              [
                12.61401935,
                55.56503877
              ],
              [
                12.6136722,
                55.5647423
              ],
              [
                12.61386366,
                55.564638
              ],
              [
                12.61383263,
                55.5644955
              ],
              [
                12.61331655,
                55.56431686
              ],
              [
                12.61251834,
                55.56447665
              ],
              [
                12.6118364,
                55.56422143
              ],
              [
                12.61058318,
                55.56405365
              ],
              [
                12.61016825,
                55.56362861
              ],
              [
                12.61019119,
                55.56343253
              ],
              [
                12.61044132,
                55.56339009
              ],
              [
                12.61027455,
                55.56338305
              ],
              [
                12.61025926,
                55.56323899
              ],
              [
                12.61046116,
                55.56304978
              ],
              [
                12.61018943,
                55.56296761
              ],
              [
                12.61014458,
                55.56262426
              ],
              [
                12.60962313,
                55.5627203
              ],
              [
                12.6093815,
                55.56304367
              ],
              [
                12.60894111,
                55.56271433
              ],
              [
                12.60843,
                55.56276923
              ],
              [
                12.60813608,
                55.56301573
              ],
              [
                12.60769878,
                55.56260231
              ],
              [
                12.60714489,
                55.5625056
              ],
              [
                12.60688646,
                55.56223788
              ],
              [
                12.60692969,
                55.56203285
              ],
              [
                12.60590178,
                55.56215826
              ],
              [
                12.60515681,
                55.56133936
              ],
              [
                12.60475816,
                55.56130884
              ],
              [
                12.60440818,
                55.56172289
              ],
              [
                12.60401506,
                55.56170254
              ],
              [
                12.60359514,
                55.5614384
              ],
              [
                12.60372351,
                55.56149387
              ],
              [
                12.60375872,
                55.56137774
              ],
              [
                12.60313729,
                55.56138524
              ],
              [
                12.60353142,
                55.5612313
              ],
              [
                12.60351314,
                55.56104219
              ],
              [
                12.60375914,
                55.56121785
              ],
              [
                12.60389748,
                55.56117619
              ],
              [
                12.60358923,
                55.56087522
              ],
              [
                12.60334561,
                55.56085542
              ],
              [
                12.60321626,
                55.5609415
              ],
              [
                12.60335985,
                55.56099869
              ],
              [
                12.60292269,
                55.56113663
              ],
              [
                12.60208613,
                55.56073018
              ],
              [
                12.60182599,
                55.56027528
              ],
              [
                12.60118858,
                55.55979102
              ],
              [
                12.60072173,
                55.55904673
              ],
              [
                12.5984668,
                55.55770462
              ],
              [
                12.59804399,
                55.55725369
              ],
              [
                12.59791194,
                55.55683162
              ],
              [
                12.59410164,
                55.55585058
              ],
              [
                12.59341557,
                55.55551248
              ],
              [
                12.59283008,
                55.55494501
              ],
              [
                12.59160127,
                55.5547988
              ],
              [
                12.58938472,
                55.55588216
              ],
              [
                12.58591859,
                55.55665247
              ],
              [
                12.58502256,
                55.55699505
              ],
              [
                12.58321385,
                55.55704864
              ],
              [
                12.58311035,
                55.55717855
              ],
              [
                12.58323549,
                55.55727406
              ],
              [
                12.58342038,
                55.5571442
              ],
              [
                12.58377153,
                55.55737302
              ],
              [
                12.58315313,
                55.55754884
              ],
              [
                12.58306297,
                55.55732722
              ],
              [
                12.5826432,
                55.55761978
              ],
              [
                12.58030734,
                55.55754335
              ],
              [
                12.57937516,
                55.55734132
              ],
              [
                12.5765095,
                55.55799975
              ],
              [
                12.57598125,
                55.55772286
              ],
              [
                12.57497724,
                55.55755418
              ],
              [
                12.57253133,
                55.55769105
              ],
              [
                12.57069606,
                55.55798027
              ],
              [
                12.56680837,
                55.55899396
              ],
              [
                12.56399683,
                55.56027932
              ],
              [
                12.56014913,
                55.56364192
              ],
              [
                12.55909737,
                55.56537771
              ],
              [
                12.55899911,
                55.56649385
              ],
              [
                12.55920341,
                55.56773391
              ],
              [
                12.55813963,
                55.57198056
              ],
              [
                12.55750461,
                55.57359137
              ],
              [
                12.55664028,
                55.57439814
              ],
              [
                12.55697311,
                55.57436321
              ],
              [
                12.55692221,
                55.574518
              ],
              [
                12.55902927,
                55.57496679
              ],
              [
                12.56333519,
                55.57567069
              ],
              [
                12.56368818,
                55.57585626
              ],
              [
                12.55823838,
                55.57491047
              ],
              [
                12.55549011,
                55.57459115
              ],
              [
                12.545872,
                55.57285086
              ],
              [
                12.54233449,
                55.57249692
              ],
              [
                12.53902147,
                55.57258922
              ],
              [
                12.53625153,
                55.57298135
              ],
              [
                12.53360024,
                55.57367185
              ],
              [
                12.53089981,
                55.57478263
              ],
              [
                12.52939357,
                55.57569375
              ],
              [
                12.52788068,
                55.57694359
              ],
              [
                12.51554683,
                55.58945388
              ],
              [
                12.51329569,
                55.59234087
              ],
              [
                12.51175512,
                55.59547791
              ],
              [
                12.50915714,
                55.60575149
              ],
              [
                12.50888682,
                55.60701869
              ],
              [
                12.50885298,
                55.60804579
              ],
              [
                12.50913196,
                55.60933277
              ],
              [
                12.50986887,
                55.61076641
              ],
              [
                12.51073816,
                55.61180576
              ],
              [
                12.51302413,
                55.61377737
              ],
              [
                12.51352286,
                55.61377856
              ],
              [
                12.51300282,
                55.61336719
              ],
              [
                12.51617272,
                55.61347159
              ],
              [
                12.51598131,
                55.61288392
              ],
              [
                12.51608563,
                55.61287453
              ],
              [
                12.51634255,
                55.61343292
              ],
              [
                12.52057335,
                55.61435892
              ],
              [
                12.52352996,
                55.61548797
              ],
              [
                12.56902443,
                55.61549562
              ],
              [
                12.57184012,
                55.61575097
              ],
              [
                12.59190861,
                55.62286415
              ],
              [
                12.59343266,
                55.63373869
              ],
              [
                12.59231652,
                55.63796398
              ],
              [
                12.59905691,
                55.63789839
              ],
              [
                12.61811928,
                55.64059028
              ],
              [
                12.61838345,
                55.64011759
              ],
              [
                12.61890375,
                55.6399794
              ],
              [
                12.61942859,
                55.63933922
              ],
              [
                12.62091797,
                55.63964295
              ],
              [
                12.6210502,
                55.64000232
              ],
              [
                12.62729671,
                55.64141106
              ],
              [
                12.62597139,
                55.6437882
              ],
              [
                12.62836988,
                55.64429693
              ],
              [
                12.63396092,
                55.6451356
              ],
              [
                12.63432724,
                55.64440483
              ],
              [
                12.64789759,
                55.64631334
              ],
              [
                12.64793013,
                55.64565838
              ],
              [
                12.6489062,
                55.64444156
              ]
            ]
          ],
          [
            [
              [
                12.60590952,
                55.56095895
              ],
              [
                12.60560171,
                55.56087927
              ],
              [
                12.60519924,
                55.56103544
              ],
              [
                12.60570586,
                55.56111179
              ],
              [
                12.60590952,
                55.56095895
              ]
            ]
          ],
          [
            [
              [
                12.60424544,
                55.56123357
              ],
              [
                12.60410026,
                55.56128541
              ],
              [
                12.60425345,
                55.56125167
              ],
              [
                12.60424544,
                55.56123357
              ]
            ]
          ],
          [
            [
              [
                12.68082747,
                55.59346416
              ],
              [
                12.68073988,
                55.59350896
              ],
              [
                12.68083974,
                55.5934985
              ],
              [
                12.68082747,
                55.59346416
              ]
            ]
          ],
          [
            [
              [
                12.6867821,
                55.63585772
              ],
              [
                12.68658512,
                55.63594548
              ],
              [
                12.68655838,
                55.63609897
              ],
              [
                12.68685239,
                55.63604228
              ],
              [
                12.6867821,
                55.63585772
              ]
            ]
          ]
        ]
      }
    },
    {
      "type": "Feature",
      "properties": {
        "name": "Valby",
        "number": "8",
        "source": "Dataforsyningen opstillingskredse"
      },
      "geometry": {
        "type": "Polygon",
        "coordinates": [
          [
            [
              12.4933656,
              55.67256213
            ],
            [
              12.49521615,
              55.67252288
            ],
            [
              12.49528947,
              55.67231938
            ],
            [
              12.49544891,
              55.6723285
            ],
            [
              12.49653318,
              55.6689282
            ],
            [
              12.50102713,
              55.66912347
            ],
            [
              12.50105605,
              55.66928863
            ],
            [
              12.5026309,
              55.66936144
            ],
            [
              12.50307221,
              55.66911055
            ],
            [
              12.51095746,
              55.66950651
            ],
            [
              12.51100417,
              55.66961226
            ],
            [
              12.51733958,
              55.66795183
            ],
            [
              12.51954793,
              55.66751683
            ],
            [
              12.52031956,
              55.66721495
            ],
            [
              12.52252664,
              55.66671178
            ],
            [
              12.523241,
              55.66672506
            ],
            [
              12.52331292,
              55.66650584
            ],
            [
              12.5282187,
              55.66735169
            ],
            [
              12.53009313,
              55.66390356
            ],
            [
              12.53054016,
              55.66385985
            ],
            [
              12.53058831,
              55.66327158
            ],
            [
              12.52802125,
              55.66313561
            ],
            [
              12.52445336,
              55.66247467
            ],
            [
              12.52747177,
              55.65204791
            ],
            [
              12.52750434,
              55.65188854
            ],
            [
              12.52728716,
              55.65183428
            ],
            [
              12.52737594,
              55.65152681
            ],
            [
              12.52232055,
              55.6512521
            ],
            [
              12.52043511,
              55.65150066
            ],
            [
              12.51743576,
              55.65228146
            ],
            [
              12.51548836,
              55.65233822
            ],
            [
              12.51835877,
              55.65031925
            ],
            [
              12.52311813,
              55.64552173
            ],
            [
              12.5230676,
              55.64501786
            ],
            [
              12.52283522,
              55.6450257
            ],
            [
              12.5222691,
              55.64409039
            ],
            [
              12.52276684,
              55.6426902
            ],
            [
              12.52268576,
              55.64217533
            ],
            [
              12.52230318,
              55.64173045
            ],
            [
              12.52136965,
              55.64139249
            ],
            [
              12.52101869,
              55.6409029
            ],
            [
              12.5214204,
              55.63974853
            ],
            [
              12.52205179,
              55.63963291
            ],
            [
              12.52200758,
              55.63921688
            ],
            [
              12.52258976,
              55.63700007
            ],
            [
              12.52228816,
              55.63731805
            ],
            [
              12.52193103,
              55.63741428
            ],
            [
              12.52004204,
              55.63731317
            ],
            [
              12.50922355,
              55.63445425
            ],
            [
              12.5088445,
              55.63451159
            ],
            [
              12.5068809,
              55.63593991
            ],
            [
              12.50655938,
              55.63595109
            ],
            [
              12.50662084,
              55.63578684
            ],
            [
              12.5026238,
              55.63900172
            ],
            [
              12.50099545,
              55.64143515
            ],
            [
              12.49866333,
              55.64258172
            ],
            [
              12.49720458,
              55.64304784
            ],
            [
              12.4972123,
              55.6433144
            ],
            [
              12.49421443,
              55.64545465
            ],
            [
              12.49335471,
              55.64571833
            ],
            [
              12.49158703,
              55.64594538
            ],
            [
              12.49047586,
              55.64647103
            ],
            [
              12.49013645,
              55.64750555
            ],
            [
              12.48922822,
              55.64862549
            ],
            [
              12.48853231,
              55.64915854
            ],
            [
              12.48863761,
              55.64936621
            ],
            [
              12.48732145,
              55.65128702
            ],
            [
              12.48525062,
              55.65246788
            ],
            [
              12.48336379,
              55.65377906
            ],
            [
              12.4823094,
              55.65411149
            ],
            [
              12.48165047,
              55.6540946
            ],
            [
              12.47886669,
              55.65607614
            ],
            [
              12.47784266,
              55.65702961
            ],
            [
              12.4774259,
              55.65807527
            ],
            [
              12.47731118,
              55.65920552
            ],
            [
              12.47749733,
              55.66036383
            ],
            [
              12.47806341,
              55.66152484
            ],
            [
              12.47817492,
              55.66354053
            ],
            [
              12.47856612,
              55.66420748
            ],
            [
              12.47858441,
              55.66457822
            ],
            [
              12.4783034,
              55.6645736
            ],
            [
              12.47832332,
              55.66499141
            ],
            [
              12.4781955,
              55.66499944
            ],
            [
              12.47836391,
              55.66566894
            ],
            [
              12.47812357,
              55.66600952
            ],
            [
              12.47831901,
              55.66680961
            ],
            [
              12.47856412,
              55.67200547
            ],
            [
              12.47473283,
              55.67216194
            ],
            [
              12.47452411,
              55.67265169
            ],
            [
              12.4784919,
              55.67256796
            ],
            [
              12.47846078,
              55.67276036
            ],
            [
              12.48044161,
              55.67274219
            ],
            [
              12.48193235,
              55.67299541
            ],
            [
              12.48391438,
              55.67387225
            ],
            [
              12.48434232,
              55.67567034
            ],
            [
              12.48462848,
              55.67599463
            ],
            [
              12.48733774,
              55.67745362
            ],
            [
              12.4894467,
              55.67812589
            ],
            [
              12.49131567,
              55.67908253
            ],
            [
              12.49259745,
              55.67761773
            ],
            [
              12.4933656,
              55.67256213
            ]
          ]
        ]
      }
    },
    {
      "type": "Feature",
      "properties": {
        "name": "Vesterbro",
        "number": "9",
        "source": "Dataforsyningen opstillingskredse"
      },
      "geometry": {
        "type": "MultiPolygon",
        "coordinates": [
          [
            [
              [
                12.54500879,
                55.64078528
              ],
              [
                12.54486293,
                55.64086179
              ],
              [
                12.54564312,
                55.641601
              ],
              [
                12.54579759,
                55.64157567
              ],
              [
                12.54500879,
                55.64078528
              ]
            ]
          ],
          [
            [
              [
                12.55172763,
                55.64291619
              ],
              [
                12.55142221,
                55.64301802
              ],
              [
                12.55140688,
                55.64305937
              ],
              [
                12.55184687,
                55.64302504
              ],
              [
                12.55172763,
                55.64291619
              ]
            ]
          ],
          [
            [
              [
                12.55280327,
                55.64434689
              ],
              [
                12.55258211,
                55.64444691
              ],
              [
                12.55279099,
                55.6445956
              ],
              [
                12.55301579,
                55.64449539
              ],
              [
                12.55280327,
                55.64434689
              ]
            ]
          ],
          [
            [
              [
                12.55257134,
                55.64418943
              ],
              [
                12.5521134,
                55.6442732
              ],
              [
                12.55132689,
                55.64380324
              ],
              [
                12.55010433,
                55.64423439
              ],
              [
                12.5511173,
                55.64478923
              ],
              [
                12.55257134,
                55.64418943
              ]
            ]
          ],
          [
            [
              [
                12.54977744,
                55.64426777
              ],
              [
                12.5487678,
                55.64463447
              ],
              [
                12.54972514,
                55.64529318
              ],
              [
                12.55090271,
                55.64486703
              ],
              [
                12.54977744,
                55.64426777
              ]
            ]
          ],
          [
            [
              [
                12.55175472,
                55.64535253
              ],
              [
                12.55272041,
                55.64469746
              ],
              [
                12.55239956,
                55.64445894
              ],
              [
                12.55122307,
                55.64488085
              ],
              [
                12.55175472,
                55.64535253
              ]
            ]
          ],
          [
            [
              [
                12.55052465,
                55.64601013
              ],
              [
                12.55157429,
                55.6454599
              ],
              [
                12.55100797,
                55.6449601
              ],
              [
                12.54981913,
                55.64538649
              ],
              [
                12.55052465,
                55.64601013
              ]
            ]
          ],
          [
            [
              [
                12.55168603,
                55.64554901
              ],
              [
                12.55065579,
                55.64608878
              ],
              [
                12.55174296,
                55.6467599
              ],
              [
                12.55288123,
                55.64634899
              ],
              [
                12.55168603,
                55.64554901
              ]
            ]
          ],
          [
            [
              [
                12.5551149,
                55.64655064
              ],
              [
                12.55424026,
                55.64581989
              ],
              [
                12.55439166,
                55.64554134
              ],
              [
                12.55396102,
                55.64562127
              ],
              [
                12.55280963,
                55.64480655
              ],
              [
                12.55186248,
                55.64544508
              ],
              [
                12.55326052,
                55.64635858
              ],
              [
                12.55399778,
                55.64632309
              ],
              [
                12.55515492,
                55.64718826
              ],
              [
                12.5558346,
                55.64726277
              ],
              [
                12.55577562,
                55.64688081
              ],
              [
                12.5551149,
                55.64655064
              ]
            ]
          ],
          [
            [
              [
                12.54795498,
                55.64704594
              ],
              [
                12.54662763,
                55.64727462
              ],
              [
                12.54707816,
                55.64844543
              ],
              [
                12.5486026,
                55.64789408
              ],
              [
                12.54795498,
                55.64704594
              ]
            ]
          ],
          [
            [
              [
                12.55498425,
                55.64831655
              ],
              [
                12.55485671,
                55.64820254
              ],
              [
                12.55428022,
                55.64841204
              ],
              [
                12.55394917,
                55.64815783
              ],
              [
                12.55450997,
                55.64795597
              ],
              [
                12.55438147,
                55.64784173
              ],
              [
                12.55380389,
                55.64805153
              ],
              [
                12.5536236,
                55.64790974
              ],
              [
                12.55418438,
                55.64770762
              ],
              [
                12.55405678,
                55.64759281
              ],
              [
                12.55347784,
                55.64779986
              ],
              [
                12.55321801,
                55.64760328
              ],
              [
                12.55252951,
                55.64753656
              ],
              [
                12.5519576,
                55.64774403
              ],
              [
                12.55318051,
                55.64896815
              ],
              [
                12.55498425,
                55.64831655
              ]
            ]
          ],
          [
            [
              [
                12.55677512,
                55.64968088
              ],
              [
                12.55664566,
                55.64956667
              ],
              [
                12.55612042,
                55.64975581
              ],
              [
                12.55573327,
                55.64952507
              ],
              [
                12.55630105,
                55.64932112
              ],
              [
                12.556173,
                55.64920668
              ],
              [
                12.55566923,
                55.6493889
              ],
              [
                12.55526795,
                55.64908466
              ],
              [
                12.55576398,
                55.64890842
              ],
              [
                12.55563447,
                55.64879367
              ],
              [
                12.55505883,
                55.64900207
              ],
              [
                12.55475481,
                55.64877081
              ],
              [
                12.55531767,
                55.64857051
              ],
              [
                12.5551897,
                55.64845688
              ],
              [
                12.55295623,
                55.64926203
              ],
              [
                12.55348604,
                55.64973177
              ],
              [
                12.55384619,
                55.64960183
              ],
              [
                12.55475205,
                55.65041296
              ],
              [
                12.55677512,
                55.64968088
              ]
            ]
          ],
          [
            [
              [
                12.54735219,
                55.6508319
              ],
              [
                12.54781051,
                55.65065301
              ],
              [
                12.54659378,
                55.64970327
              ],
              [
                12.54623313,
                55.6498315
              ],
              [
                12.54735219,
                55.6508319
              ]
            ]
          ],
          [
            [
              [
                12.56530767,
                55.66435449
              ],
              [
                12.56586437,
                55.66379627
              ],
              [
                12.56517707,
                55.66348581
              ],
              [
                12.56476335,
                55.66377803
              ],
              [
                12.56360637,
                55.66325489
              ],
              [
                12.56401954,
                55.66296351
              ],
              [
                12.56365866,
                55.66279974
              ],
              [
                12.56290947,
                55.66328621
              ],
              [
                12.56530767,
                55.66435449
              ]
            ]
          ],
          [
            [
              [
                12.56405896,
                55.67472683
              ],
              [
                12.56693089,
                55.67193562
              ],
              [
                12.56710824,
                55.6719961
              ],
              [
                12.56779891,
                55.67148679
              ],
              [
                12.56981097,
                55.6695879
              ],
              [
                12.57163952,
                55.66826882
              ],
              [
                12.57091126,
                55.66780718
              ],
              [
                12.57125923,
                55.66756163
              ],
              [
                12.57255881,
                55.66817352
              ],
              [
                12.57310441,
                55.6678831
              ],
              [
                12.57115847,
                55.66690844
              ],
              [
                12.57129981,
                55.66680982
              ],
              [
                12.57100218,
                55.6666757
              ],
              [
                12.57028138,
                55.66669507
              ],
              [
                12.57043871,
                55.66658331
              ],
              [
                12.56858071,
                55.66574479
              ],
              [
                12.56870614,
                55.66565653
              ],
              [
                12.56838262,
                55.66551218
              ],
              [
                12.56825018,
                55.66559678
              ],
              [
                12.56675141,
                55.66492007
              ],
              [
                12.5667023,
                55.66466721
              ],
              [
                12.56622738,
                55.66468219
              ],
              [
                12.56557711,
                55.6643872
              ],
              [
                12.56534055,
                55.66455666
              ],
              [
                12.56258123,
                55.66330987
              ],
              [
                12.56398007,
                55.66232166
              ],
              [
                12.56217077,
                55.66150402
              ],
              [
                12.56234471,
                55.66138081
              ],
              [
                12.56055333,
                55.66050514
              ],
              [
                12.5607609,
                55.66045491
              ],
              [
                12.5630385,
                55.66143627
              ],
              [
                12.56278842,
                55.66161258
              ],
              [
                12.56652824,
                55.66329896
              ],
              [
                12.56503123,
                55.66135028
              ],
              [
                12.56456342,
                55.6606458
              ],
              [
                12.56467626,
                55.66057131
              ],
              [
                12.56445472,
                55.66049475
              ],
              [
                12.56392278,
                55.66089471
              ],
              [
                12.56381083,
                55.66086523
              ],
              [
                12.56436625,
                55.66048213
              ],
              [
                12.56415968,
                55.66012073
              ],
              [
                12.563366,
                55.65996721
              ],
              [
                12.56291543,
                55.66038916
              ],
              [
                12.5631361,
                55.65997353
              ],
              [
                12.56109335,
                55.65967996
              ],
              [
                12.56033015,
                55.65992099
              ],
              [
                12.56067983,
                55.66035053
              ],
              [
                12.56047348,
                55.66039717
              ],
              [
                12.55976256,
                55.65952106
              ],
              [
                12.55818977,
                55.65929994
              ],
              [
                12.55852511,
                55.65880663
              ],
              [
                12.56304924,
                55.65951343
              ],
              [
                12.56426228,
                55.65914007
              ],
              [
                12.56356745,
                55.65846422
              ],
              [
                12.56368809,
                55.65835146
              ],
              [
                12.56271348,
                55.65865818
              ],
              [
                12.56137897,
                55.65837586
              ],
              [
                12.56250324,
                55.65854659
              ],
              [
                12.56376028,
                55.65821656
              ],
              [
                12.56290968,
                55.65745936
              ],
              [
                12.56166604,
                55.65772829
              ],
              [
                12.56292799,
                55.65727935
              ],
              [
                12.56188,
                55.65635884
              ],
              [
                12.56082701,
                55.65669002
              ],
              [
                12.56190727,
                55.65620392
              ],
              [
                12.56061026,
                55.65499265
              ],
              [
                12.56022347,
                55.65521663
              ],
              [
                12.5586003,
                55.6531114
              ],
              [
                12.55276068,
                55.65442661
              ],
              [
                12.55354475,
                55.65547552
              ],
              [
                12.55316291,
                55.65654555
              ],
              [
                12.55523999,
                55.65692376
              ],
              [
                12.55306254,
                55.65657346
              ],
              [
                12.55294657,
                55.65683101
              ],
              [
                12.55264834,
                55.65678867
              ],
              [
                12.55323338,
                55.65548293
              ],
              [
                12.55237261,
                55.65435793
              ],
              [
                12.55153502,
                55.65459
              ],
              [
                12.55117851,
                55.65517669
              ],
              [
                12.55049714,
                55.65538319
              ],
              [
                12.54949392,
                55.6546002
              ],
              [
                12.54886074,
                55.65463112
              ],
              [
                12.5523816,
                55.65373607
              ],
              [
                12.55086105,
                55.65231924
              ],
              [
                12.55149858,
                55.65208937
              ],
              [
                12.55317921,
                55.65350524
              ],
              [
                12.55645451,
                55.6526892
              ],
              [
                12.55446662,
                55.65092676
              ],
              [
                12.55466517,
                55.6508541
              ],
              [
                12.55669161,
                55.65262604
              ],
              [
                12.55840333,
                55.65218396
              ],
              [
                12.55862635,
                55.65164886
              ],
              [
                12.55638042,
                55.64999428
              ],
              [
                12.55437113,
                55.65071903
              ],
              [
                12.554021,
                55.65066147
              ],
              [
                12.55406399,
                55.65033589
              ],
              [
                12.55335149,
                55.65004373
              ],
              [
                12.55349701,
                55.64994752
              ],
              [
                12.55295023,
                55.6496046
              ],
              [
                12.55304564,
                55.64954663
              ],
              [
                12.55265022,
                55.64919986
              ],
              [
                12.55299926,
                55.64907366
              ],
              [
                12.55174439,
                55.64781971
              ],
              [
                12.54686028,
                55.64958892
              ],
              [
                12.5481078,
                55.65069782
              ],
              [
                12.54666524,
                55.65128366
              ],
              [
                12.54538647,
                55.65122831
              ],
              [
                12.54509989,
                55.65149708
              ],
              [
                12.54437772,
                55.65086886
              ],
              [
                12.5432507,
                55.65126587
              ],
              [
                12.54315268,
                55.65117717
              ],
              [
                12.54418291,
                55.65069987
              ],
              [
                12.54329893,
                55.64992265
              ],
              [
                12.54147725,
                55.65047883
              ],
              [
                12.54111477,
                55.65015589
              ],
              [
                12.54347131,
                55.64927539
              ],
              [
                12.54538969,
                55.6467569
              ],
              [
                12.54470366,
                55.64609832
              ],
              [
                12.54521326,
                55.64603853
              ],
              [
                12.54527056,
                55.6458529
              ],
              [
                12.54721664,
                55.64514568
              ],
              [
                12.54733647,
                55.64523294
              ],
              [
                12.54566075,
                55.64585294
              ],
              [
                12.54639045,
                55.64649488
              ],
              [
                12.54815519,
                55.64586051
              ],
              [
                12.54826864,
                55.64594751
              ],
              [
                12.54663228,
                55.6465422
              ],
              [
                12.54722801,
                55.6470757
              ],
              [
                12.54903189,
                55.64661885
              ],
              [
                12.54913516,
                55.6467127
              ],
              [
                12.54819087,
                55.64698884
              ],
              [
                12.54884393,
                55.64780752
              ],
              [
                12.55150166,
                55.64684665
              ],
              [
                12.55046073,
                55.64618039
              ],
              [
                12.54945211,
                55.64659571
              ],
              [
                12.54935363,
                55.6465091
              ],
              [
                12.55030276,
                55.64608121
              ],
              [
                12.5496078,
                55.64546355
              ],
              [
                12.54849428,
                55.64586338
              ],
              [
                12.54838229,
                55.6457785
              ],
              [
                12.54950065,
                55.64537413
              ],
              [
                12.54863315,
                55.64476632
              ],
              [
                12.54756377,
                55.64515137
              ],
              [
                12.54745265,
                55.64506728
              ],
              [
                12.54851584,
                55.64468061
              ],
              [
                12.54811742,
                55.6443296
              ],
              [
                12.54831447,
                55.64425645
              ],
              [
                12.54862679,
                55.64450997
              ],
              [
                12.5511458,
                55.64370499
              ],
              [
                12.55059743,
                55.64343279
              ],
              [
                12.5491088,
                55.64220879
              ],
              [
                12.55124132,
                55.64161614
              ],
              [
                12.55107641,
                55.64128031
              ],
              [
                12.54998531,
                55.64148214
              ],
              [
                12.5488571,
                55.64195729
              ],
              [
                12.5486801,
                55.64178645
              ],
              [
                12.54871155,
                55.64152091
              ],
              [
                12.54978468,
                55.64052358
              ],
              [
                12.54906076,
                55.64013093
              ],
              [
                12.54867102,
                55.64013349
              ],
              [
                12.54848249,
                55.64027239
              ],
              [
                12.54854317,
                55.64049488
              ],
              [
                12.54735157,
                55.64136229
              ],
              [
                12.54556444,
                55.64230436
              ],
              [
                12.54358724,
                55.64284359
              ],
              [
                12.54131739,
                55.64304092
              ],
              [
                12.54089712,
                55.64265123
              ],
              [
                12.54152929,
                55.64050453
              ],
              [
                12.54446022,
                55.64047124
              ],
              [
                12.54450613,
                55.6402898
              ],
              [
                12.54674803,
                55.63896296
              ],
              [
                12.54600472,
                55.63929747
              ],
              [
                12.54080317,
                55.63655531
              ],
              [
                12.54134749,
                55.6361052
              ],
              [
                12.54086047,
                55.63621818
              ],
              [
                12.54054047,
                55.63599274
              ],
              [
                12.54064587,
                55.6358291
              ],
              [
                12.54044748,
                55.63570221
              ],
              [
                12.5397852,
                55.63565759
              ],
              [
                12.53736154,
                55.63482201
              ],
              [
                12.53691275,
                55.63440184
              ],
              [
                12.53744218,
                55.63400666
              ],
              [
                12.53668743,
                55.63429172
              ],
              [
                12.53569995,
                55.63389068
              ],
              [
                12.53486144,
                55.63317072
              ],
              [
                12.53282933,
                55.63228366
              ],
              [
                12.53277887,
                55.63216463
              ],
              [
                12.53325642,
                55.63187086
              ],
              [
                12.53320196,
                55.6317674
              ],
              [
                12.53265159,
                55.6320256
              ],
              [
                12.53137334,
                55.63173748
              ],
              [
                12.53088672,
                55.63196937
              ],
              [
                12.53071472,
                55.63234344
              ],
              [
                12.53120306,
                55.63537323
              ],
              [
                12.53084606,
                55.63574597
              ],
              [
                12.52974714,
                55.63581962
              ],
              [
                12.5292346,
                55.63615457
              ],
              [
                12.52936388,
                55.63627341
              ],
              [
                12.53249398,
                55.63626648
              ],
              [
                12.53247751,
                55.63653185
              ],
              [
                12.53207954,
                55.6369297
              ],
              [
                12.53198877,
                55.63723677
              ],
              [
                12.53220692,
                55.63735376
              ],
              [
                12.53229102,
                55.63772971
              ],
              [
                12.53214303,
                55.6381216
              ],
              [
                12.52706444,
                55.63750421
              ],
              [
                12.52677747,
                55.63727751
              ],
              [
                12.5282364,
                55.63695201
              ],
              [
                12.53162296,
                55.63729461
              ],
              [
                12.53187843,
                55.63691185
              ],
              [
                12.53152981,
                55.63682514
              ],
              [
                12.52801553,
                55.63649539
              ],
              [
                12.52551492,
                55.63731402
              ],
              [
                12.52258976,
                55.63700007
              ],
              [
                12.52200758,
                55.63921688
              ],
              [
                12.52205179,
                55.63963291
              ],
              [
                12.5214204,
                55.63974853
              ],
              [
                12.52101869,
                55.6409029
              ],
              [
                12.52136965,
                55.64139249
              ],
              [
                12.52230318,
                55.64173045
              ],
              [
                12.52268576,
                55.64217533
              ],
              [
                12.52276684,
                55.6426902
              ],
              [
                12.5222691,
                55.64409039
              ],
              [
                12.52283522,
                55.6450257
              ],
              [
                12.5230676,
                55.64501786
              ],
              [
                12.52311813,
                55.64552173
              ],
              [
                12.51835877,
                55.65031925
              ],
              [
                12.51548836,
                55.65233822
              ],
              [
                12.51743576,
                55.65228146
              ],
              [
                12.52043511,
                55.65150066
              ],
              [
                12.52232052,
                55.6512521
              ],
              [
                12.52737596,
                55.6515268
              ],
              [
                12.52728716,
                55.65183428
              ],
              [
                12.52750434,
                55.65188854
              ],
              [
                12.52747177,
                55.65204791
              ],
              [
                12.52445336,
                55.66247467
              ],
              [
                12.52802125,
                55.66313561
              ],
              [
                12.53058831,
                55.66327158
              ],
              [
                12.53054016,
                55.66385985
              ],
              [
                12.53009313,
                55.66390356
              ],
              [
                12.5282187,
                55.66735169
              ],
              [
                12.53272002,
                55.66822643
              ],
              [
                12.53493175,
                55.66881917
              ],
              [
                12.53503499,
                55.66897067
              ],
              [
                12.53482148,
                55.66929315
              ],
              [
                12.53831912,
                55.67029275
              ],
              [
                12.5394047,
                55.67020873
              ],
              [
                12.53951137,
                55.67063734
              ],
              [
                12.54707358,
                55.67281194
              ],
              [
                12.54752994,
                55.67306696
              ],
              [
                12.54995088,
                55.67270097
              ],
              [
                12.54992696,
                55.67443967
              ],
              [
                12.55409964,
                55.67347213
              ],
              [
                12.55690436,
                55.67380711
              ],
              [
                12.56024459,
                55.67448202
              ],
              [
                12.56087018,
                55.6735663
              ],
              [
                12.56405896,
                55.67472683
              ]
            ]
          ]
        ]
      }
    },
    {
      "type": "Feature",
      "properties": {
        "name": "\u00d8sterbro",
        "number": "1",
        "source": "Dataforsyningen opstillingskredse"
      },
      "geometry": {
        "type": "MultiPolygon",
        "coordinates": [
          [
            [
              [
                12.60014276,
                55.69542255
              ],
              [
                12.59884684,
                55.69575327
              ],
              [
                12.5992966,
                55.69843026
              ],
              [
                12.59968225,
                55.70278548
              ],
              [
                12.60081214,
                55.70377793
              ],
              [
                12.60128327,
                55.7039692
              ],
              [
                12.6005142,
                55.6955646
              ],
              [
                12.60014276,
                55.69542255
              ]
            ]
          ],
          [
            [
              [
                12.59672834,
                55.70397571
              ],
              [
                12.59657569,
                55.705069
              ],
              [
                12.5994346,
                55.70534761
              ],
              [
                12.59744557,
                55.70405205
              ],
              [
                12.59672834,
                55.70397571
              ]
            ]
          ],
          [
            [
              [
                12.60069101,
                55.7075836
              ],
              [
                12.60079409,
                55.70774144
              ],
              [
                12.60249666,
                55.70736433
              ],
              [
                12.60308847,
                55.70672678
              ],
              [
                12.60248023,
                55.70623166
              ],
              [
                12.59923781,
                55.7069105
              ],
              [
                12.5992602,
                55.7079324
              ],
              [
                12.60069101,
                55.7075836
              ]
            ]
          ],
          [
            [
              [
                12.58753048,
                55.71853566
              ],
              [
                12.58801141,
                55.71871978
              ],
              [
                12.58872284,
                55.71873017
              ],
              [
                12.58810881,
                55.71866325
              ],
              [
                12.58753048,
                55.71853566
              ]
            ]
          ],
          [
            [
              [
                12.56785501,
                55.73062478
              ],
              [
                12.56805426,
                55.73062905
              ],
              [
                12.56819573,
                55.73008085
              ],
              [
                12.57651815,
                55.72894945
              ],
              [
                12.57607263,
                55.72761574
              ],
              [
                12.57704323,
                55.72562365
              ],
              [
                12.57796899,
                55.72294283
              ],
              [
                12.57774261,
                55.72223449
              ],
              [
                12.57804697,
                55.72208562
              ],
              [
                12.58049455,
                55.7221142
              ],
              [
                12.58312976,
                55.72184161
              ],
              [
                12.58333166,
                55.72074573
              ],
              [
                12.58400827,
                55.72014491
              ],
              [
                12.58412169,
                55.71981475
              ],
              [
                12.58544721,
                55.71993409
              ],
              [
                12.58348797,
                55.71958005
              ],
              [
                12.58394967,
                55.71748865
              ],
              [
                12.58414905,
                55.7173368
              ],
              [
                12.58444081,
                55.71724411
              ],
              [
                12.58680347,
                55.71755685
              ],
              [
                12.58799533,
                55.7182756
              ],
              [
                12.59099783,
                55.71869418
              ],
              [
                12.59181046,
                55.71866859
              ],
              [
                12.59262759,
                55.71841303
              ],
              [
                12.5923172,
                55.71779683
              ],
              [
                12.5922151,
                55.71784199
              ],
              [
                12.59240989,
                55.71811549
              ],
              [
                12.59133741,
                55.71836251
              ],
              [
                12.59109953,
                55.71800998
              ],
              [
                12.59175927,
                55.71780463
              ],
              [
                12.59204424,
                55.71754622
              ],
              [
                12.59145347,
                55.71786061
              ],
              [
                12.59071612,
                55.71790089
              ],
              [
                12.58406101,
                55.71694131
              ],
              [
                12.58440904,
                55.71584655
              ],
              [
                12.58474239,
                55.71572108
              ],
              [
                12.58557924,
                55.71606098
              ],
              [
                12.58702841,
                55.71455717
              ],
              [
                12.58686036,
                55.7143488
              ],
              [
                12.58798365,
                55.71412362
              ],
              [
                12.58826501,
                55.71460679
              ],
              [
                12.58852981,
                55.71469787
              ],
              [
                12.58941168,
                55.71480802
              ],
              [
                12.58983537,
                55.71470733
              ],
              [
                12.58985414,
                55.71448333
              ],
              [
                12.58834887,
                55.71239154
              ],
              [
                12.59006907,
                55.710595
              ],
              [
                12.59123488,
                55.71080977
              ],
              [
                12.59166866,
                55.709937
              ],
              [
                12.59269811,
                55.71038387
              ],
              [
                12.59087537,
                55.71216547
              ],
              [
                12.59005014,
                55.712172
              ],
              [
                12.59005853,
                55.71257216
              ],
              [
                12.59057912,
                55.71263021
              ],
              [
                12.59377733,
                55.71710225
              ],
              [
                12.5935644,
                55.717153
              ],
              [
                12.59384622,
                55.71748778
              ],
              [
                12.59404575,
                55.71743158
              ],
              [
                12.59576074,
                55.71926584
              ],
              [
                12.59555207,
                55.71932833
              ],
              [
                12.5957748,
                55.71956755
              ],
              [
                12.59563652,
                55.71971646
              ],
              [
                12.59830128,
                55.71912382
              ],
              [
                12.59860198,
                55.71909198
              ],
              [
                12.59868452,
                55.7192185
              ],
              [
                12.60093741,
                55.71875388
              ],
              [
                12.60105603,
                55.71894166
              ],
              [
                12.60397261,
                55.71834842
              ],
              [
                12.60478087,
                55.71961258
              ],
              [
                12.60029267,
                55.72052774
              ],
              [
                12.60125629,
                55.72298957
              ],
              [
                12.60119983,
                55.72358892
              ],
              [
                12.60147458,
                55.72382319
              ],
              [
                12.60170699,
                55.7243967
              ],
              [
                12.60232021,
                55.72475087
              ],
              [
                12.60263048,
                55.72458737
              ],
              [
                12.60205012,
                55.72427171
              ],
              [
                12.60196025,
                55.7239483
              ],
              [
                12.60595777,
                55.72312277
              ],
              [
                12.60652049,
                55.72381857
              ],
              [
                12.60252526,
                55.72525028
              ],
              [
                12.60215577,
                55.72488725
              ],
              [
                12.60198483,
                55.72503946
              ],
              [
                12.60224925,
                55.72568702
              ],
              [
                12.61590208,
                55.720634
              ],
              [
                12.61995033,
                55.72344176
              ],
              [
                12.6208856,
                55.72389982
              ],
              [
                12.6235688,
                55.72458249
              ],
              [
                12.62730928,
                55.72509564
              ],
              [
                12.62979156,
                55.72519811
              ],
              [
                12.6324307,
                55.72507666
              ],
              [
                12.63242512,
                55.72495319
              ],
              [
                12.63986038,
                55.72237954
              ],
              [
                12.61770803,
                55.7122449
              ],
              [
                12.60630561,
                55.71453313
              ],
              [
                12.60597102,
                55.71400714
              ],
              [
                12.61540356,
                55.71208381
              ],
              [
                12.61579396,
                55.71186351
              ],
              [
                12.61567593,
                55.71150516
              ],
              [
                12.61178222,
                55.70971025
              ],
              [
                12.61134818,
                55.70920447
              ],
              [
                12.61141539,
                55.70901654
              ],
              [
                12.61075062,
                55.70887668
              ],
              [
                12.61104667,
                55.70912145
              ],
              [
                12.61094719,
                55.70929801
              ],
              [
                12.61027832,
                55.70943459
              ],
              [
                12.61044522,
                55.70969674
              ],
              [
                12.599757,
                55.71187595
              ],
              [
                12.59945985,
                55.7114232
              ],
              [
                12.59698631,
                55.71192269
              ],
              [
                12.5970589,
                55.71239146
              ],
              [
                12.59627119,
                55.71255312
              ],
              [
                12.5954203,
                55.71136623
              ],
              [
                12.60327729,
                55.70976453
              ],
              [
                12.60486918,
                55.70862318
              ],
              [
                12.60543066,
                55.70803515
              ],
              [
                12.60567332,
                55.70751998
              ],
              [
                12.60555534,
                55.70750645
              ],
              [
                12.60532811,
                55.70810444
              ],
              [
                12.59932764,
                55.70932775
              ],
              [
                12.59885009,
                55.70836822
              ],
              [
                12.59897814,
                55.70833542
              ],
              [
                12.59896092,
                55.70644035
              ],
              [
                12.59867347,
                55.70644204
              ],
              [
                12.59867806,
                55.70664935
              ],
              [
                12.5920886,
                55.70598368
              ],
              [
                12.59256887,
                55.70462785
              ],
              [
                12.59484234,
                55.70489952
              ],
              [
                12.59506491,
                55.70372432
              ],
              [
                12.5952364,
                55.70385588
              ],
              [
                12.59507794,
                55.70492112
              ],
              [
                12.59634778,
                55.70504619
              ],
              [
                12.59651954,
                55.70382645
              ],
              [
                12.59756102,
                55.70393087
              ],
              [
                12.59983062,
                55.705318
              ],
              [
                12.60034442,
                55.70529105
              ],
              [
                12.59776875,
                55.70348166
              ],
              [
                12.59470832,
                55.70280205
              ],
              [
                12.59495709,
                55.7020541
              ],
              [
                12.59472546,
                55.70167694
              ],
              [
                12.59519224,
                55.70139719
              ],
              [
                12.59749963,
                55.70262292
              ],
              [
                12.59777256,
                55.70256411
              ],
              [
                12.59618208,
                55.70130271
              ],
              [
                12.5967335,
                55.70107083
              ],
              [
                12.59496344,
                55.69586707
              ],
              [
                12.59644573,
                55.69574673
              ],
              [
                12.59720705,
                55.69877157
              ],
              [
                12.59755036,
                55.69903512
              ],
              [
                12.59758869,
                55.69874032
              ],
              [
                12.59839094,
                55.6986757
              ],
              [
                12.59795868,
                55.69765108
              ],
              [
                12.59809222,
                55.69764023
              ],
              [
                12.5975865,
                55.69565384
              ],
              [
                12.5988424,
                55.69564784
              ],
              [
                12.59949794,
                55.69548446
              ],
              [
                12.59865641,
                55.69471283
              ],
              [
                12.59711793,
                55.69409689
              ],
              [
                12.59685387,
                55.69382732
              ],
              [
                12.5968486,
                55.69349631
              ],
              [
                12.59568068,
                55.6934802
              ],
              [
                12.59460407,
                55.69445959
              ],
              [
                12.59135985,
                55.69540796
              ],
              [
                12.59186885,
                55.69625276
              ],
              [
                12.59204015,
                55.69699479
              ],
              [
                12.59204566,
                55.69816456
              ],
              [
                12.59179474,
                55.69903854
              ],
              [
                12.58017655,
                55.6962863
              ],
              [
                12.57908235,
                55.69789468
              ],
              [
                12.57387543,
                55.69545643
              ],
              [
                12.57235804,
                55.6938626
              ],
              [
                12.56953721,
                55.69208938
              ],
              [
                12.56203081,
                55.69641568
              ],
              [
                12.56136061,
                55.6969777
              ],
              [
                12.56238611,
                55.70591034
              ],
              [
                12.56254865,
                55.70629792
              ],
              [
                12.56191206,
                55.70589839
              ],
              [
                12.55884231,
                55.70316328
              ],
              [
                12.5580119,
                55.70349237
              ],
              [
                12.55766458,
                55.70385267
              ],
              [
                12.55638293,
                55.70779853
              ],
              [
                12.55549462,
                55.70954844
              ],
              [
                12.55473658,
                55.7103757
              ],
              [
                12.55314396,
                55.71145373
              ],
              [
                12.55903007,
                55.71544734
              ],
              [
                12.55915522,
                55.71519482
              ],
              [
                12.56376006,
                55.71848465
              ],
              [
                12.56740224,
                55.72174018
              ],
              [
                12.56367454,
                55.72184851
              ],
              [
                12.56158845,
                55.72236163
              ],
              [
                12.56135147,
                55.72274706
              ],
              [
                12.56137703,
                55.72345775
              ],
              [
                12.56170883,
                55.72540983
              ],
              [
                12.56363557,
                55.73153731
              ],
              [
                12.56608019,
                55.73129149
              ],
              [
                12.56579133,
                55.73271149
              ],
              [
                12.56706226,
                55.73247143
              ],
              [
                12.5672261,
                55.73185739
              ],
              [
                12.56773559,
                55.73179501
              ],
              [
                12.56766604,
                55.73127588
              ],
              [
                12.56785501,
                55.73062478
              ]
            ]
          ]
        ]
      }
    }
  ]
}
