{
  "type": "FeatureCollection",
  "features": [
    {
      "type": "Feature",
      "properties": {
        "postnummernavn": "Albertslund",
        "source": "Dataforsyningen postnumre"
      },
      "geometry": {
        "type": "Polygon",
        "coordinates": [
          [
            [
              12.330453179073752,
              55.700453179073754
            ],
            [
              12.33385771,
              55.700127
            ],
            [
              12.33504645,
              55.7002532
            ],
            [
              12.33656374,
              55.70144658
            ],
            [
              12.33751693,
              55.70337223
            ],
            [
              12.33935271,
              55.70474266
            ],
            [
              12.34135133,
              55.7065937
            ],
            [
              12.34167176,
              55.70762496
            ],
            [
              12.3415505,
              55.70829512
            ],
            [
              12.34181268,
              55.70907864
            ],
            [
              12.34176066,
              55.70950228
            ],
            [
              12.3419555,
              55.70978648
            ],
            [
              12.34472488,
              55.70939246
            ],
            [
              12.34609587,
              55.70896298
            ],
            [
              12.34946176,
              55.70680906
            ],
            [
              12.35233007,
              55.70459059
            ],
            [
              12.3534377,
              55.70718955
            ],
            [
              12.35576428,
              55.70721684
            ],
            [
              12.35581915,
              55.70742204
            ],
            [
              12.35653342,
              55.70730621
            ],
            [
              12.35633467,
              55.70821704
            ],
            [
              12.35793987,
              55.70800984
            ],
            [
              12.35859424,
              55.70770628
            ],
            [
              12.35948931,
              55.70646205
            ],
            [
              12.36064897,
              55.70589991
            ],
            [
              12.3641767,
              55.70468087
            ],
            [
              12.36548408,
              55.70460447
            ],
            [
              12.37087925,
              55.70269445
            ],
            [
              12.371661,
              55.70223421
            ],
            [
              12.37567203,
              55.70142233
            ],
            [
              12.38210722,
              55.69880354
            ],
            [
              12.38745894,
              55.69731449
            ],
            [
              12.38756796,
              55.6970181
            ],
            [
              12.38667555,
              55.69688998
            ],
            [
              12.38797056,
              55.69438517
            ],
            [
              12.39237147,
              55.69049058
            ],
            [
              12.39393128,
              55.68943979
            ],
            [
              12.39508203,
              55.68754209
            ],
            [
              12.37918581,
              55.6873874
            ],
            [
              12.37896644,
              55.68728906
            ],
            [
              12.37829006,
              55.68433721
            ],
            [
              12.37582037,
              55.68403388
            ],
            [
              12.37548342,
              55.68442285
            ],
            [
              12.37598113,
              55.6845397
            ],
            [
              12.37614246,
              55.68476993
            ],
            [
              12.37599716,
              55.6852626
            ],
            [
              12.37422845,
              55.68491089
            ],
            [
              12.37409053,
              55.68476948
            ],
            [
              12.37436725,
              55.6841966
            ],
            [
              12.37262675,
              55.68399425
            ],
            [
              12.37232074,
              55.68377663
            ],
            [
              12.37239723,
              55.68348591
            ],
            [
              12.37153772,
              55.68335679
            ],
            [
              12.37132094,
              55.68369641
            ],
            [
              12.36939459,
              55.68322579
            ],
            [
              12.37187923,
              55.67743288
            ],
            [
              12.37133062,
              55.67357811
            ],
            [
              12.37131791,
              55.66938654
            ],
            [
              12.37116611,
              55.66936023
            ],
            [
              12.37119475,
              55.66879849
            ],
            [
              12.37077344,
              55.66853899
            ],
            [
              12.36776246,
              55.66828123
            ],
            [
              12.36950461,
              55.6666361
            ],
            [
              12.3694394,
              55.6660925
            ],
            [
              12.37152496,
              55.66455083
            ],
            [
              12.37164463,
              55.66383256
            ],
            [
              12.37142135,
              55.6617276
            ],
            [
              12.3698655,
              55.66140614
            ],
            [
              12.37039403,
              55.66118427
            ],
            [
              12.37049138,
              55.66034318
            ],
            [
              12.37127019,
              55.66042487
            ],
            [
              12.37123913,
              55.66014981
            ],
            [
              12.3747109,
              55.66018035
            ],
            [
              12.37333711,
              55.66002953
            ],
            [
              12.37551706,
              55.65998589
            ],
            [
              12.37325321,
              55.65977181
            ],
            [
              12.37118764,
              55.65926479
            ],
            [
              12.37058073,
              55.65883966
            ],
            [
              12.37024918,
              55.65832621
            ],
            [
              12.37023173,
              55.6577794
            ],
            [
              12.3705268,
              55.65725861
            ],
            [
              12.3701712,
              55.65768396
            ],
            [
              12.36963498,
              55.65730354
            ],
            [
              12.36865728,
              55.65725983
            ],
            [
              12.36797326,
              55.65799242
            ],
            [
              12.36418083,
              55.65686791
            ],
            [
              12.36494738,
              55.65621058
            ],
            [
              12.35908257,
              55.65556221
            ],
            [
              12.35928685,
              55.65497327
            ],
            [
              12.3548438,
              55.65448426
            ],
            [
              12.35464089,
              55.65507136
            ],
            [
              12.35274721,
              55.65485945
            ],
            [
              12.3540902,
              55.65097257
            ],
            [
              12.3542883,
              55.65089603
            ],
            [
              12.35417951,
              55.65049441
            ],
            [
              12.35371989,
              55.65044683
            ],
            [
              12.35420881,
              55.64925365
            ],
            [
              12.34939833,
              55.6487229
            ],
            [
              12.34703921,
              55.64771677
            ],
            [
              12.345781,
              55.64690362
            ],
            [
              12.34273118,
              55.64405413
            ],
            [
              12.34133408,
              55.64195946
            ],
            [
              12.33736218,
              55.64524086
            ],
            [
              12.33806083,
              55.64650962
            ],
            [
              12.33734789,
              55.64751211
            ],
            [
              12.3371911,
              55.64814692
            ],
            [
              12.33646475,
              55.64885045
            ],
            [
              12.33494073,
              55.64959421
            ],
            [
              12.33206696,
              55.64986953
            ],
            [
              12.33,
              55.650490314916205
            ],
            [
              12.33,
              55.7
            ],
            [
              12.330453179073752,
              55.700453179073754
            ]
          ]
        ]
      }
    },
    {
      "type": "Feature",
      "properties": {
        "postnummernavn": "Bagsv\u00e6rd",
        "source": "Dataforsyningen postnumre"
      },
      "geometry": {
        "type": "Polygon",
        "coordinates": [
          [
            [
              12.42695805,
              55.77493684
            ],
            [
              12.42997926,
              55.77591569
            ],
            [
              12.433515,
              55.77661251
            ],
            [
              12.43716112,
              55.77688032
            ],
            [
              12.4378575,
              55.77668352
            ],
            [
              12.43944862,
              55.77664193
            ],
            [
              12.44170842,
              55.77539914
            ],
            [
              12.44372294,
              55.77484886
            ],
            [
              12.44417622,
              55.77436384
            ],
            [
              12.44819813,
              55.77337656
            ],
            [
              12.44960248,
              55.77356765
            ],
            [
              12.45110981,
              55.77405362
            ],
            [
              12.45214833,
              55.7740327
            ],
            [
              12.4553362,
              55.773216
            ],
            [
              12.45836788,
              55.77269197
            ],
            [
              12.45853734,
              55.77144388
            ],
            [
              12.45922614,
              55.77072666
            ],
            [
              12.46389985,
              55.76854299
            ],
            [
              12.46536799,
              55.76809569
            ],
            [
              12.46582508,
              55.76602144
            ],
            [
              12.46920646,
              55.76627597
            ],
            [
              12.47080051,
              55.76683352
            ],
            [
              12.47120678,
              55.76725182
            ],
            [
              12.47150453,
              55.76716922
            ],
            [
              12.47175426,
              55.76544616
            ],
            [
              12.47279974,
              55.76528568
            ],
            [
              12.4730575,
              55.7649707
            ],
            [
              12.47311187,
              55.76408882
            ],
            [
              12.47247616,
              55.76406517
            ],
            [
              12.47280633,
              55.76368944
            ],
            [
              12.47222371,
              55.76370313
            ],
            [
              12.4722671,
              55.76357782
            ],
            [
              12.47182805,
              55.76343244
            ],
            [
              12.47202316,
              55.76262121
            ],
            [
              12.47240937,
              55.76265137
            ],
            [
              12.47265332,
              55.76198064
            ],
            [
              12.47172469,
              55.76193704
            ],
            [
              12.47180417,
              55.76176567
            ],
            [
              12.4721803,
              55.76178659
            ],
            [
              12.4722257,
              55.76142044
            ],
            [
              12.47291479,
              55.76145301
            ],
            [
              12.47299407,
              55.76129386
            ],
            [
              12.4726915,
              55.76099915
            ],
            [
              12.47174922,
              55.76095431
            ],
            [
              12.47153874,
              55.76054037
            ],
            [
              12.47283823,
              55.76068758
            ],
            [
              12.47298373,
              55.760364
            ],
            [
              12.47348325,
              55.7603273
            ],
            [
              12.47364626,
              55.76000349
            ],
            [
              12.47303187,
              55.75990687
            ],
            [
              12.47298479,
              55.75962857
            ],
            [
              12.4734761,
              55.75902313
            ],
            [
              12.47332078,
              55.75892268
            ],
            [
              12.4734129,
              55.75873944
            ],
            [
              12.47360551,
              55.75876968
            ],
            [
              12.47372363,
              55.75853454
            ],
            [
              12.4712357,
              55.75813872
            ],
            [
              12.47417902,
              55.75630753
            ],
            [
              12.47388596,
              55.75633435
            ],
            [
              12.47425726,
              55.75607586
            ],
            [
              12.47471808,
              55.75602775
            ],
            [
              12.47706888,
              55.7539865
            ],
            [
              12.47831845,
              55.75249836
            ],
            [
              12.47980689,
              55.75111745
            ],
            [
              12.47273452,
              55.74971224
            ],
            [
              12.46856821,
              55.74852521
            ],
            [
              12.46528765,
              55.74722835
            ],
            [
              12.46092366,
              55.7449525
            ],
            [
              12.45731124,
              55.74250023
            ],
            [
              12.45687947,
              55.7415567
            ],
            [
              12.45612292,
              55.74055929
            ],
            [
              12.45431877,
              55.7423241
            ],
            [
              12.44784398,
              55.75007673
            ],
            [
              12.44635085,
              55.74983094
            ],
            [
              12.4458339,
              55.74889741
            ],
            [
              12.44573473,
              55.74825588
            ],
            [
              12.44500097,
              55.74842042
            ],
            [
              12.44384814,
              55.74801589
            ],
            [
              12.44155992,
              55.74794475
            ],
            [
              12.43900104,
              55.74875887
            ],
            [
              12.43804252,
              55.75018404
            ],
            [
              12.43812304,
              55.75075642
            ],
            [
              12.43601125,
              55.75145986
            ],
            [
              12.43461033,
              55.75229281
            ],
            [
              12.42967661,
              55.75229157
            ],
            [
              12.42564491,
              55.75286611
            ],
            [
              12.42086835,
              55.75307259
            ],
            [
              12.41619221,
              55.75298226
            ],
            [
              12.41625211,
              55.75364135
            ],
            [
              12.41551779,
              55.753667
            ],
            [
              12.41555628,
              55.75407422
            ],
            [
              12.4159906,
              55.75423297
            ],
            [
              12.41603822,
              55.75480645
            ],
            [
              12.41635778,
              55.75479611
            ],
            [
              12.41689266,
              55.76023878
            ],
            [
              12.41727828,
              55.77034193
            ],
            [
              12.41905458,
              55.77265482
            ],
            [
              12.4232471,
              55.7708349
            ],
            [
              12.42417195,
              55.77153524
            ],
            [
              12.42455068,
              55.77136158
            ],
            [
              12.42495789,
              55.77163587
            ],
            [
              12.4255082,
              55.77144178
            ],
            [
              12.42582914,
              55.77164906
            ],
            [
              12.42536922,
              55.77187894
            ],
            [
              12.42571579,
              55.77198759
            ],
            [
              12.42511108,
              55.77227078
            ],
            [
              12.42566573,
              55.7733249
            ],
            [
              12.42690894,
              55.77302677
            ],
            [
              12.42749827,
              55.77369788
            ],
            [
              12.42707239,
              55.7739323
            ],
            [
              12.42695805,
              55.77493684
            ]
          ]
        ]
      }
    },
    {
      "type": "Feature",
      "properties": {
        "postnummernavn": "Ballerup",
        "source": "Dataforsyningen postnumre"
      },
      "geometry": {
        "type": "Polygon",
        "coordinates": [
          [
            [
              12.3889966,
              55.75896076
            ],
            [
              12.38881386,
              55.75815257
            ],
            [
              12.38745111,
              55.75661881
            ],
            [
              12.39036613,
              55.75638693
            ],
            [
              12.39115664,
              55.75664202
            ],
            [
              12.39188098,
              55.756598
            ],
            [
              12.39192828,
              55.75582113
            ],
            [
              12.39343288,
              55.75293
            ],
            [
              12.39322574,
              55.75172417
            ],
            [
              12.39337347,
              55.75125399
            ],
            [
              12.39728693,
              55.74624632
            ],
            [
              12.3987426,
              55.74524478
            ],
            [
              12.39972479,
              55.74359306
            ],
            [
              12.40006187,
              55.74279628
            ],
            [
              12.40018152,
              55.74023239
            ],
            [
              12.39998262,
              55.74007669
            ],
            [
              12.40037691,
              55.73768923
            ],
            [
              12.40230747,
              55.73797478
            ],
            [
              12.40275228,
              55.73465964
            ],
            [
              12.40644497,
              55.73478405
            ],
            [
              12.40948102,
              55.73445213
            ],
            [
              12.40927685,
              55.73391482
            ],
            [
              12.40835683,
              55.73308442
            ],
            [
              12.40803092,
              55.73252307
            ],
            [
              12.40734459,
              55.73072457
            ],
            [
              12.40660277,
              55.73016775
            ],
            [
              12.40662544,
              55.72986663
            ],
            [
              12.40716183,
              55.72937953
            ],
            [
              12.40653061,
              55.7287148
            ],
            [
              12.40163469,
              55.7294059
            ],
            [
              12.39741596,
              55.73029331
            ],
            [
              12.39711108,
              55.72971328
            ],
            [
              12.39672394,
              55.7277927
            ],
            [
              12.39774374,
              55.72755039
            ],
            [
              12.39701037,
              55.72720565
            ],
            [
              12.39702367,
              55.72605919
            ],
            [
              12.3955818,
              55.72624556
            ],
            [
              12.39466798,
              55.72387605
            ],
            [
              12.38820403,
              55.72454094
            ],
            [
              12.38613766,
              55.72363854
            ],
            [
              12.38555331,
              55.7236918
            ],
            [
              12.38538109,
              55.72312148
            ],
            [
              12.38481424,
              55.72274753
            ],
            [
              12.38455003,
              55.72192224
            ],
            [
              12.38234667,
              55.72212191
            ],
            [
              12.37832283,
              55.72170992
            ],
            [
              12.37862964,
              55.72080507
            ],
            [
              12.3760321,
              55.72036137
            ],
            [
              12.37540856,
              55.71916509
            ],
            [
              12.37594396,
              55.71919496
            ],
            [
              12.37607363,
              55.71607041
            ],
            [
              12.37586967,
              55.71333366
            ],
            [
              12.37480543,
              55.70963875
            ],
            [
              12.36924978,
              55.70466133
            ],
            [
              12.36999067,
              55.70355234
            ],
            [
              12.37087925,
              55.70269445
            ],
            [
              12.36548408,
              55.70460447
            ],
            [
              12.36388962,
              55.7047605
            ],
            [
              12.3601146,
              55.70609473
            ],
            [
              12.35948931,
              55.70646205
            ],
            [
              12.35838051,
              55.70785976
            ],
            [
              12.35633467,
              55.70821704
            ],
            [
              12.35653342,
              55.70730621
            ],
            [
              12.35581915,
              55.70742204
            ],
            [
              12.35576428,
              55.70721684
            ],
            [
              12.3534377,
              55.70718955
            ],
            [
              12.35233007,
              55.70459059
            ],
            [
              12.34946176,
              55.70680906
            ],
            [
              12.34609587,
              55.70896298
            ],
            [
              12.34359386,
              55.70961723
            ],
            [
              12.34186591,
              55.70975934
            ],
            [
              12.34189417,
              55.71044224
            ],
            [
              12.34334822,
              55.71245895
            ],
            [
              12.342557153930345,
              55.71255715393035
            ],
            [
              12.3889966,
              55.75896076
            ]
          ]
        ]
      }
    },
    {
      "type": "Feature",
      "properties": {
        "postnummernavn": "Br\u00f8ndby",
        "source": "Dataforsyningen postnumre"
      },
      "geometry": {
        "type": "Polygon",
        "coordinates": [
          [
            [
              12.41838787,
              55.63060824
            ],
            [
              12.41140662,
              55.63024072
            ],
            [
              12.41148864,
              55.63099919
            ],
            [
              12.41108074,
              55.63059443
            ],
            [
              12.41008168,
              55.63044969
            ],
            [
              12.41004635,
              55.63029009
            ],
            [
              12.4093961,
              55.63010813
            ],
            [
              12.40290689,
              55.6297651
            ],
            [
              12.40254248,
              55.63004181
            ],
            [
              12.40211633,
              55.62972402
            ],
            [
              12.39848825,
              55.62956844
            ],
            [
              12.39384536,
              55.62984141
            ],
            [
              12.3925024,
              55.62900852
            ],
            [
              12.38737904,
              55.63554306
            ],
            [
              12.38292106,
              55.64010576
            ],
            [
              12.38060653,
              55.6435484
            ],
            [
              12.37607648,
              55.64684299
            ],
            [
              12.37369174,
              55.64959196
            ],
            [
              12.37228486,
              55.65079133
            ],
            [
              12.36418083,
              55.65686791
            ],
            [
              12.36797326,
              55.65799242
            ],
            [
              12.36865728,
              55.65725983
            ],
            [
              12.36963498,
              55.65730354
            ],
            [
              12.3701712,
              55.65768396
            ],
            [
              12.3705268,
              55.65725861
            ],
            [
              12.37023173,
              55.6577794
            ],
            [
              12.37024918,
              55.65832621
            ],
            [
              12.37058073,
              55.65883966
            ],
            [
              12.37118764,
              55.65926479
            ],
            [
              12.37325321,
              55.65977181
            ],
            [
              12.37551706,
              55.65998589
            ],
            [
              12.37333711,
              55.66002953
            ],
            [
              12.37545371,
              55.66026034
            ],
            [
              12.37674362,
              55.66015549
            ],
            [
              12.37880969,
              55.66030915
            ],
            [
              12.37880393,
              55.66053184
            ],
            [
              12.38158424,
              55.66087426
            ],
            [
              12.38184854,
              55.66016251
            ],
            [
              12.38966785,
              55.66097166
            ],
            [
              12.38985676,
              55.66075973
            ],
            [
              12.39446167,
              55.66086142
            ],
            [
              12.39479475,
              55.6603459
            ],
            [
              12.39589179,
              55.66045138
            ],
            [
              12.39937364,
              55.65933781
            ],
            [
              12.40024024,
              55.65954629
            ],
            [
              12.40194783,
              55.65891871
            ],
            [
              12.40497638,
              55.65864088
            ],
            [
              12.4061024,
              55.65811391
            ],
            [
              12.40722695,
              55.65795256
            ],
            [
              12.40743931,
              55.65828779
            ],
            [
              12.40778953,
              55.65824946
            ],
            [
              12.40798098,
              55.65847584
            ],
            [
              12.40829521,
              55.65947727
            ],
            [
              12.41013384,
              55.65995663
            ],
            [
              12.41298242,
              55.65972496
            ],
            [
              12.41450155,
              55.66104511
            ],
            [
              12.41538007,
              55.66145096
            ],
            [
              12.4157567,
              55.66214951
            ],
            [
              12.41558967,
              55.66257073
            ],
            [
              12.41596538,
              55.66261098
            ],
            [
              12.41575397,
              55.6645026
            ],
            [
              12.41511717,
              55.66451845
            ],
            [
              12.41507992,
              55.66495781
            ],
            [
              12.41541871,
              55.66567271
            ],
            [
              12.41882354,
              55.66794603
            ],
            [
              12.41863403,
              55.66856335
            ],
            [
              12.41893554,
              55.6687443
            ],
            [
              12.42275311,
              55.66928687
            ],
            [
              12.42267847,
              55.67077926
            ],
            [
              12.42324123,
              55.67088178
            ],
            [
              12.42426484,
              55.66953526
            ],
            [
              12.42382864,
              55.66940987
            ],
            [
              12.43156333,
              55.67044641
            ],
            [
              12.43399788,
              55.67100475
            ],
            [
              12.4426676,
              55.67153105
            ],
            [
              12.44298681,
              55.67009839
            ],
            [
              12.44425774,
              55.67021178
            ],
            [
              12.44441542,
              55.66994426
            ],
            [
              12.44705222,
              55.67017767
            ],
            [
              12.44735433,
              55.66706149
            ],
            [
              12.4483797,
              55.66656213
            ],
            [
              12.44851932,
              55.66503831
            ],
            [
              12.4517754,
              55.66498643
            ],
            [
              12.45177285,
              55.6648599
            ],
            [
              12.45293904,
              55.66483875
            ],
            [
              12.45314123,
              55.66456098
            ],
            [
              12.45572263,
              55.66455199
            ],
            [
              12.45464097,
              55.65999588
            ],
            [
              12.45459809,
              55.65879701
            ],
            [
              12.45500317,
              55.65694811
            ],
            [
              12.45485488,
              55.65692756
            ],
            [
              12.45490543,
              55.65672707
            ],
            [
              12.4561278,
              55.65391059
            ],
            [
              12.45995499,
              55.64818488
            ],
            [
              12.45308986,
              55.6477158
            ],
            [
              12.4441097,
              55.64659115
            ],
            [
              12.43602227,
              55.64511372
            ],
            [
              12.42749912,
              55.6429968
            ],
            [
              12.42711263,
              55.64280567
            ],
            [
              12.42723954,
              55.64234976
            ],
            [
              12.42697069,
              55.64176565
            ],
            [
              12.42590762,
              55.64042662
            ],
            [
              12.42846942,
              55.63428684
            ],
            [
              12.42923267,
              55.63309059
            ],
            [
              12.4278226,
              55.63292575
            ],
            [
              12.4279385,
              55.63260422
            ],
            [
              12.42775397,
              55.63205677
            ],
            [
              12.42698931,
              55.63137638
            ],
            [
              12.4245438,
              55.63101046
            ],
            [
              12.42391801,
              55.63094226
            ],
            [
              12.4229194,
              55.63233135
            ],
            [
              12.41819546,
              55.63179335
            ],
            [
              12.41838787,
              55.63060824
            ]
          ]
        ]
      }
    },
    {
      "type": "Feature",
      "properties": {
        "postnummernavn": "Br\u00f8ndby Strand",
        "source": "Dataforsyningen postnumre"
      },
      "geometry": {
        "type": "Polygon",
        "coordinates": [
          [
            [
              12.41838891,
              55.6306083
            ],
            [
              12.41819546,
              55.63179335
            ],
            [
              12.4229194,
              55.63233135
            ],
            [
              12.42391801,
              55.63094226
            ],
            [
              12.4245438,
              55.63101046
            ],
            [
              12.42698931,
              55.63137638
            ],
            [
              12.42775397,
              55.63205677
            ],
            [
              12.4279385,
              55.63260422
            ],
            [
              12.4278226,
              55.63292575
            ],
            [
              12.42923267,
              55.63309059
            ],
            [
              12.43019837,
              55.63181817
            ],
            [
              12.43203209,
              55.63043504
            ],
            [
              12.43615375,
              55.6280289
            ],
            [
              12.43775571,
              55.62684881
            ],
            [
              12.43934686,
              55.62532176
            ],
            [
              12.44233306,
              55.62189473
            ],
            [
              12.44425898,
              55.62242262
            ],
            [
              12.44502619,
              55.6216866
            ],
            [
              12.44539175,
              55.62162804
            ],
            [
              12.44791623,
              55.62006877
            ],
            [
              12.44907291,
              55.61910498
            ],
            [
              12.44935697,
              55.61836535
            ],
            [
              12.44463001,
              55.61767697
            ],
            [
              12.44094244,
              55.61736554
            ],
            [
              12.44110356,
              55.61702321
            ],
            [
              12.44192254,
              55.61707007
            ],
            [
              12.44242393,
              55.61561358
            ],
            [
              12.44286643,
              55.61511966
            ],
            [
              12.44357149,
              55.61517582
            ],
            [
              12.44339937,
              55.61482199
            ],
            [
              12.44457473,
              55.61192277
            ],
            [
              12.43880412,
              55.61180479
            ],
            [
              12.43882281,
              55.61138167
            ],
            [
              12.43769421,
              55.61087629
            ],
            [
              12.42999684,
              55.60542702
            ],
            [
              12.42306364,
              55.59881756
            ],
            [
              12.41838299,
              55.59199644
            ],
            [
              12.41585443,
              55.59493854
            ],
            [
              12.40769457,
              55.60126092
            ],
            [
              12.40605288,
              55.60331981
            ],
            [
              12.41024949,
              55.6076569
            ],
            [
              12.40491381,
              55.61260269
            ],
            [
              12.40338292,
              55.61837912
            ],
            [
              12.39859198,
              55.62322288
            ],
            [
              12.39659414,
              55.62474996
            ],
            [
              12.3925024,
              55.62900852
            ],
            [
              12.39384536,
              55.62984141
            ],
            [
              12.39848825,
              55.62956844
            ],
            [
              12.40211633,
              55.62972402
            ],
            [
              12.40254248,
              55.63004181
            ],
            [
              12.40290689,
              55.6297651
            ],
            [
              12.4093961,
              55.63010813
            ],
            [
              12.41004635,
              55.63029009
            ],
            [
              12.41008168,
              55.63044969
            ],
            [
              12.41108074,
              55.63059443
            ],
            [
              12.41148864,
              55.63099919
            ],
            [
              12.41140662,
              55.63024072
            ],
            [
              12.41838891,
              55.6306083
            ]
          ]
        ]
      }
    },
    {
      "type": "Feature",
      "properties": {
        "postnummernavn": "Br\u00f8nsh\u00f8j",
        "source": "Dataforsyningen postnumre"
      },
      "geometry": {
        "type": "Polygon",
        "coordinates": [
          [
            [
              12.47452914,
              55.69857862
            ],
            [
              12.47455369,
              55.69893578
            ],
            [
              12.47381894,
              55.69902726
            ],
            [
              12.47367523,
              55.69875898
            ],
            [
              12.47291587,
              55.69893739
            ],
            [
              12.47318749,
              55.69910961
            ],
            [
              12.47281988,
              55.69911876
            ],
            [
              12.47284104,
              55.6993104
            ],
            [
              12.47248107,
              55.69931951
            ],
            [
              12.47243656,
              55.6990495
            ],
            [
              12.47119537,
              55.69934224
            ],
            [
              12.47129674,
              55.69965029
            ],
            [
              12.47096195,
              55.69968296
            ],
            [
              12.47124567,
              55.7004276
            ],
            [
              12.47040271,
              55.70031739
            ],
            [
              12.47045367,
              55.69952066
            ],
            [
              12.46909111,
              55.69985089
            ],
            [
              12.46914661,
              55.70009074
            ],
            [
              12.46894118,
              55.70029499
            ],
            [
              12.46794902,
              55.70011084
            ],
            [
              12.46804753,
              55.70034741
            ],
            [
              12.46770673,
              55.70042025
            ],
            [
              12.46783909,
              55.70061657
            ],
            [
              12.46702035,
              55.70059808
            ],
            [
              12.46695166,
              55.70035483
            ],
            [
              12.46680194,
              55.70039368
            ],
            [
              12.46690107,
              55.70075593
            ],
            [
              12.46650715,
              55.70077551
            ],
            [
              12.46651329,
              55.70090589
            ],
            [
              12.46573282,
              55.70094575
            ],
            [
              12.46571847,
              55.70066508
            ],
            [
              12.46506655,
              55.70082592
            ],
            [
              12.46506246,
              55.70109974
            ],
            [
              12.46430285,
              55.70131756
            ],
            [
              12.46430488,
              55.70097736
            ],
            [
              12.46411757,
              55.7010215
            ],
            [
              12.46427307,
              55.70224524
            ],
            [
              12.46355922,
              55.70297841
            ],
            [
              12.46047906,
              55.70334291
            ],
            [
              12.45678551,
              55.70443196
            ],
            [
              12.45579605,
              55.70501424
            ],
            [
              12.45508488,
              55.70610991
            ],
            [
              12.45410364,
              55.70701501
            ],
            [
              12.45371682,
              55.70711392
            ],
            [
              12.45304636,
              55.71222846
            ],
            [
              12.45485894,
              55.71333335
            ],
            [
              12.45711101,
              55.71401431
            ],
            [
              12.45787688,
              55.71448356
            ],
            [
              12.45872961,
              55.7162604
            ],
            [
              12.45917923,
              55.71626724
            ],
            [
              12.45865817,
              55.71682303
            ],
            [
              12.45912112,
              55.71689405
            ],
            [
              12.45920039,
              55.71671531
            ],
            [
              12.45984111,
              55.71700421
            ],
            [
              12.46346673,
              55.71764784
            ],
            [
              12.46496202,
              55.71818224
            ],
            [
              12.46621099,
              55.71887194
            ],
            [
              12.47287027,
              55.71886373
            ],
            [
              12.47430391,
              55.7198496
            ],
            [
              12.47711093,
              55.72103391
            ],
            [
              12.47751099,
              55.72209993
            ],
            [
              12.48431802,
              55.72476483
            ],
            [
              12.48802318,
              55.7245211
            ],
            [
              12.4911145,
              55.72282965
            ],
            [
              12.49951937,
              55.71748242
            ],
            [
              12.50527306,
              55.71236439
            ],
            [
              12.50612387,
              55.7124781
            ],
            [
              12.50708168,
              55.71098438
            ],
            [
              12.51116015,
              55.71151376
            ],
            [
              12.51146034,
              55.71119775
            ],
            [
              12.51219004,
              55.71131965
            ],
            [
              12.51172328,
              55.71081465
            ],
            [
              12.51192735,
              55.70981875
            ],
            [
              12.51140871,
              55.70896096
            ],
            [
              12.51188533,
              55.70880822
            ],
            [
              12.51202685,
              55.70845287
            ],
            [
              12.51451667,
              55.70749491
            ],
            [
              12.5139427,
              55.7067236
            ],
            [
              12.51426345,
              55.70663178
            ],
            [
              12.51447897,
              55.70708606
            ],
            [
              12.51518648,
              55.7068945
            ],
            [
              12.51479828,
              55.70684889
            ],
            [
              12.51499416,
              55.70634748
            ],
            [
              12.51585467,
              55.70623893
            ],
            [
              12.51677694,
              55.70424586
            ],
            [
              12.51501104,
              55.70401926
            ],
            [
              12.51396773,
              55.70449244
            ],
            [
              12.51347012,
              55.70442873
            ],
            [
              12.51215945,
              55.70195672
            ],
            [
              12.50716554,
              55.69736476
            ],
            [
              12.50645385,
              55.6972648
            ],
            [
              12.50622761,
              55.69770529
            ],
            [
              12.50586204,
              55.69764111
            ],
            [
              12.5055142,
              55.69754369
            ],
            [
              12.50612351,
              55.69718154
            ],
            [
              12.50512708,
              55.69675019
            ],
            [
              12.50452096,
              55.69674449
            ],
            [
              12.49909309,
              55.6952532
            ],
            [
              12.49906275,
              55.69544082
            ],
            [
              12.49845704,
              55.69537538
            ],
            [
              12.49818675,
              55.69614674
            ],
            [
              12.49517316,
              55.69561664
            ],
            [
              12.49528729,
              55.69528502
            ],
            [
              12.49547732,
              55.69530586
            ],
            [
              12.4955479,
              55.69509264
            ],
            [
              12.49536047,
              55.69507235
            ],
            [
              12.49552502,
              55.69459417
            ],
            [
              12.49488393,
              55.69429099
            ],
            [
              12.49481487,
              55.69455875
            ],
            [
              12.49421018,
              55.6946132
            ],
            [
              12.4933133,
              55.69435669
            ],
            [
              12.49265583,
              55.69494709
            ],
            [
              12.49196051,
              55.69481205
            ],
            [
              12.49171694,
              55.69520625
            ],
            [
              12.49095743,
              55.69534566
            ],
            [
              12.49062979,
              55.69605218
            ],
            [
              12.4888063,
              55.6960146
            ],
            [
              12.48839381,
              55.69616633
            ],
            [
              12.48838585,
              55.69651102
            ],
            [
              12.48812326,
              55.69649412
            ],
            [
              12.48809938,
              55.69665494
            ],
            [
              12.48686889,
              55.69672796
            ],
            [
              12.48704961,
              55.69688898
            ],
            [
              12.48686251,
              55.6970958
            ],
            [
              12.48585072,
              55.69702026
            ],
            [
              12.48531946,
              55.69740994
            ],
            [
              12.48502687,
              55.69741205
            ],
            [
              12.48501954,
              55.69827885
            ],
            [
              12.48063338,
              55.69788935
            ],
            [
              12.47776639,
              55.69791637
            ],
            [
              12.47743691,
              55.6982182
            ],
            [
              12.47626867,
              55.69828126
            ],
            [
              12.47632944,
              55.69813378
            ],
            [
              12.47566002,
              55.69829383
            ],
            [
              12.4756812,
              55.69862726
            ],
            [
              12.47527172,
              55.69873129
            ],
            [
              12.47495766,
              55.69873911
            ],
            [
              12.47495272,
              55.69845944
            ],
            [
              12.47452914,
              55.69857862
            ]
          ]
        ]
      }
    },
    {
      "type": "Feature",
      "properties": {
        "postnummernavn": "Charlottenlund",
        "source": "Dataforsyningen postnumre"
      },
      "geometry": {
        "type": "Polygon",
        "coordinates": [
          [
            [
              12.64018556,
              55.74359223
            ],
            [
              12.63339978,
              55.74305131
            ],
            [
              12.61934238,
              55.74018087
            ],
            [
              12.60919972,
              55.73715745
            ],
            [
              12.59147296,
              55.74139277
            ],
            [
              12.58763571,
              55.74173232
            ],
            [
              12.58592861,
              55.74141112
            ],
            [
              12.58230023,
              55.74326886
            ],
            [
              12.5819323,
              55.74303736
            ],
            [
              12.58163807,
              55.7432114
            ],
            [
              12.58065302,
              55.74287445
            ],
            [
              12.5762668,
              55.74513635
            ],
            [
              12.56759447,
              55.74514498
            ],
            [
              12.56758788,
              55.74491058
            ],
            [
              12.56681696,
              55.7449311
            ],
            [
              12.5668638,
              55.74515246
            ],
            [
              12.5641964,
              55.7451849
            ],
            [
              12.56348464,
              55.74606176
            ],
            [
              12.55805072,
              55.74672321
            ],
            [
              12.55807188,
              55.74692923
            ],
            [
              12.55678229,
              55.74725011
            ],
            [
              12.5569878,
              55.74747965
            ],
            [
              12.55636918,
              55.74750135
            ],
            [
              12.55641615,
              55.74790507
            ],
            [
              12.5570324,
              55.74788343
            ],
            [
              12.55700525,
              55.74807196
            ],
            [
              12.55642511,
              55.74838496
            ],
            [
              12.55571195,
              55.74841039
            ],
            [
              12.55571299,
              55.74825543
            ],
            [
              12.55547477,
              55.74828994
            ],
            [
              12.55559562,
              55.74868926
            ],
            [
              12.55500636,
              55.74870975
            ],
            [
              12.55515142,
              55.75007705
            ],
            [
              12.55712904,
              55.75004322
            ],
            [
              12.55711201,
              55.75019936
            ],
            [
              12.55672303,
              55.75020478
            ],
            [
              12.55674653,
              55.75040147
            ],
            [
              12.55703509,
              55.75179967
            ],
            [
              12.55722411,
              55.75180067
            ],
            [
              12.55722466,
              55.75212867
            ],
            [
              12.55750432,
              55.75210078
            ],
            [
              12.55754771,
              55.75246854
            ],
            [
              12.55703486,
              55.75248664
            ],
            [
              12.55708826,
              55.75323536
            ],
            [
              12.55593707,
              55.75366723
            ],
            [
              12.55591851,
              55.75402887
            ],
            [
              12.5563318,
              55.7567821
            ],
            [
              12.55690439,
              55.75845145
            ],
            [
              12.55149231,
              55.76039281
            ],
            [
              12.55131225,
              55.76072378
            ],
            [
              12.55094665,
              55.76085071
            ],
            [
              12.55129553,
              55.76117277
            ],
            [
              12.55067078,
              55.76140116
            ],
            [
              12.55162704,
              55.76171041
            ],
            [
              12.55130194,
              55.76182673
            ],
            [
              12.55139308,
              55.76215183
            ],
            [
              12.55107613,
              55.76226674
            ],
            [
              12.55119882,
              55.76256181
            ],
            [
              12.55103719,
              55.76256963
            ],
            [
              12.55125446,
              55.76345711
            ],
            [
              12.55153866,
              55.76343442
            ],
            [
              12.55187771,
              55.7639811
            ],
            [
              12.5521798,
              55.76408305
            ],
            [
              12.55147039,
              55.76411247
            ],
            [
              12.55155581,
              55.76433956
            ],
            [
              12.55104575,
              55.76436555
            ],
            [
              12.55109227,
              55.76462433
            ],
            [
              12.54899942,
              55.76462146
            ],
            [
              12.54914522,
              55.7651848
            ],
            [
              12.54651477,
              55.76656532
            ],
            [
              12.54659311,
              55.76702891
            ],
            [
              12.54557908,
              55.76768572
            ],
            [
              12.54564828,
              55.76779963
            ],
            [
              12.54593401,
              55.7676512
            ],
            [
              12.54755661,
              55.76848487
            ],
            [
              12.54693718,
              55.76886819
            ],
            [
              12.55555858,
              55.7706921
            ],
            [
              12.5568299,
              55.77073791
            ],
            [
              12.55808708,
              55.76979612
            ],
            [
              12.55998562,
              55.76918531
            ],
            [
              12.56355888,
              55.76875461
            ],
            [
              12.5649943,
              55.76885483
            ],
            [
              12.56488503,
              55.76870452
            ],
            [
              12.565504,
              55.76817159
            ],
            [
              12.56842136,
              55.76861743
            ],
            [
              12.57123858,
              55.7700614
            ],
            [
              12.57079348,
              55.77024708
            ],
            [
              12.57340696,
              55.77022184
            ],
            [
              12.57243723,
              55.7694703
            ],
            [
              12.57270865,
              55.76927106
            ],
            [
              12.57578026,
              55.7693862
            ],
            [
              12.57600024,
              55.76992244
            ],
            [
              12.57627066,
              55.76983598
            ],
            [
              12.5763858,
              55.77015246
            ],
            [
              12.57708147,
              55.77025214
            ],
            [
              12.57691552,
              55.77011931
            ],
            [
              12.5770413,
              55.7698958
            ],
            [
              12.57778836,
              55.77004982
            ],
            [
              12.578633,
              55.76894431
            ],
            [
              12.57937606,
              55.76877321
            ],
            [
              12.57897553,
              55.76860954
            ],
            [
              12.5802975,
              55.76857837
            ],
            [
              12.58089046,
              55.76817093
            ],
            [
              12.58168037,
              55.76832808
            ],
            [
              12.58158138,
              55.76844166
            ],
            [
              12.58253801,
              55.76833668
            ],
            [
              12.58228756,
              55.7681852
            ],
            [
              12.58261862,
              55.76802645
            ],
            [
              12.58290234,
              55.76819109
            ],
            [
              12.58348494,
              55.76762091
            ],
            [
              12.58442934,
              55.7678675
            ],
            [
              12.58417354,
              55.76833669
            ],
            [
              12.58524869,
              55.76821466
            ],
            [
              12.58574593,
              55.7683352
            ],
            [
              12.58533741,
              55.76777247
            ],
            [
              12.58715647,
              55.7679577
            ],
            [
              12.58702892,
              55.76729559
            ],
            [
              12.58778248,
              55.76725325
            ],
            [
              12.58774537,
              55.76706991
            ],
            [
              12.58699626,
              55.76711725
            ],
            [
              12.58687657,
              55.76643809
            ],
            [
              12.58743836,
              55.76640567
            ],
            [
              12.58740147,
              55.76620227
            ],
            [
              12.58779002,
              55.76617995
            ],
            [
              12.5874776,
              55.76441078
            ],
            [
              12.58721111,
              55.76442657
            ],
            [
              12.58711892,
              55.76399442
            ],
            [
              12.5865147,
              55.7637782
            ],
            [
              12.58706073,
              55.76360947
            ],
            [
              12.58755339,
              55.76253585
            ],
            [
              12.5914982,
              55.7631714
            ],
            [
              12.59248455,
              55.76226485
            ],
            [
              12.59345012,
              55.76258116
            ],
            [
              12.59326408,
              55.76263381
            ],
            [
              12.59359128,
              55.76298139
            ],
            [
              12.59408116,
              55.76314203
            ],
            [
              12.59424937,
              55.76315715
            ],
            [
              12.59437657,
              55.76267677
            ],
            [
              12.59466963,
              55.76270893
            ],
            [
              12.59452818,
              55.76292545
            ],
            [
              12.59559155,
              55.76305311
            ],
            [
              12.59542087,
              55.76356506
            ],
            [
              12.5956939,
              55.76359097
            ],
            [
              12.59573563,
              55.7630764
            ],
            [
              12.59629632,
              55.76313641
            ],
            [
              12.59624412,
              55.76338332
            ],
            [
              12.59656332,
              55.76341183
            ],
            [
              12.59661376,
              55.76310778
            ],
            [
              12.5969375,
              55.76316141
            ],
            [
              12.59730528,
              55.76365283
            ],
            [
              12.59828144,
              55.76388076
            ],
            [
              12.59801181,
              55.76520982
            ],
            [
              12.59849432,
              55.76546112
            ],
            [
              12.60301653,
              55.7667981
            ],
            [
              12.60881162,
              55.76912015
            ],
            [
              12.63856458001243,
              55.77552977139306
            ],
            [
              12.648244731908106,
              55.74787219454827
            ],
            [
              12.64018556,
              55.74359223
            ]
          ]
        ]
      }
    },
    {
      "type": "Feature",
      "properties": {
        "postnummernavn": "Drag\u00f8r",
        "source": "Dataforsyningen postnumre"
      },
      "geometry": {
        "type": "MultiPolygon",
        "coordinates": [
          [
            [
              [
                12.5043218,
                55.57324895
              ],
              [
                12.516449349058853,
                55.566218655770925
              ],
              [
                12.498987971974278,
                55.569608217204994
              ],
              [
                12.5043218,
                55.57324895
              ]
            ]
          ],
          [
            [
              [
                12.55493086,
                55.57196146
              ],
              [
                12.55922175,
                55.57491372
              ],
              [
                12.5633083,
                55.57563488
              ],
              [
                12.5648674,
                55.57984678
              ],
              [
                12.57170981,
                55.5935249
              ],
              [
                12.57409341,
                55.60056703
              ],
              [
                12.57606875,
                55.60038349
              ],
              [
                12.57608892,
                55.59602751
              ],
              [
                12.57659454,
                55.59586537
              ],
              [
                12.58825299,
                55.59783304
              ],
              [
                12.58996274,
                55.59460232
              ],
              [
                12.59708862,
                55.5957807
              ],
              [
                12.59698589,
                55.59600276
              ],
              [
                12.59427898,
                55.59716872
              ],
              [
                12.59422188,
                55.59740203
              ],
              [
                12.5961921,
                55.60008521
              ],
              [
                12.59705192,
                55.59941758
              ],
              [
                12.60209946,
                55.59827419
              ],
              [
                12.6027042,
                55.5987051
              ],
              [
                12.60507752,
                55.59858779
              ],
              [
                12.60437445,
                55.59446831
              ],
              [
                12.62133247,
                55.59474452
              ],
              [
                12.62196251,
                55.59633807
              ],
              [
                12.62176604,
                55.59630675
              ],
              [
                12.62195277,
                55.59724314
              ],
              [
                12.6216081,
                55.60081355
              ],
              [
                12.62173232,
                55.60195016
              ],
              [
                12.62234849,
                55.60340043
              ],
              [
                12.62306748,
                55.60410734
              ],
              [
                12.62353122,
                55.60427706
              ],
              [
                12.62489824,
                55.60340224
              ],
              [
                12.63147684,
                55.60165669
              ],
              [
                12.6324358,
                55.60214557
              ],
              [
                12.6318785,
                55.60519494
              ],
              [
                12.63244862,
                55.60865769
              ],
              [
                12.6330271,
                55.60864665
              ],
              [
                12.6323761,
                55.60998707
              ],
              [
                12.63252193,
                55.60998697
              ],
              [
                12.63278967,
                55.61107067
              ],
              [
                12.63332217,
                55.6148337
              ],
              [
                12.65806421,
                55.61800448
              ],
              [
                12.67889571,
                55.60891683
              ],
              [
                12.68859424,
                55.60545709
              ],
              [
                12.698501438801939,
                55.60428160342303
              ],
              [
                12.7,
                55.6
              ],
              [
                12.7,
                55.55
              ],
              [
                12.6,
                55.55
              ],
              [
                12.53501503528469,
                55.562614728444736
              ],
              [
                12.55493086,
                55.57196146
              ]
            ]
          ]
        ]
      }
    },
    {
      "type": "Feature",
      "properties": {
        "postnummernavn": "Dysseg\u00e5rd",
        "source": "Dataforsyningen postnumre"
      },
      "geometry": {
        "type": "Polygon",
        "coordinates": [
          [
            [
              12.53895432,
              55.72628763
            ],
            [
              12.53494332,
              55.72711611
            ],
            [
              12.53316499,
              55.72697814
            ],
            [
              12.52953467,
              55.72714925
            ],
            [
              12.52741798,
              55.72683157
            ],
            [
              12.52624511,
              55.72710634
            ],
            [
              12.52558689,
              55.7268199
            ],
            [
              12.52524161,
              55.72734082
            ],
            [
              12.52478197,
              55.72749654
            ],
            [
              12.52160123,
              55.72803214
            ],
            [
              12.52142969,
              55.72819369
            ],
            [
              12.52129172,
              55.7295801
            ],
            [
              12.51992431,
              55.73109638
            ],
            [
              12.52012808,
              55.73126587
            ],
            [
              12.51989851,
              55.73140436
            ],
            [
              12.51924947,
              55.73324403
            ],
            [
              12.51898423,
              55.73483721
            ],
            [
              12.51788748,
              55.73566512
            ],
            [
              12.51788866,
              55.73641804
            ],
            [
              12.51812865,
              55.73673809
            ],
            [
              12.51760702,
              55.73794497
            ],
            [
              12.51836737,
              55.73909666
            ],
            [
              12.51776197,
              55.74014165
            ],
            [
              12.51766347,
              55.74091496
            ],
            [
              12.51818394,
              55.74149447
            ],
            [
              12.52291536,
              55.73986516
            ],
            [
              12.52332136,
              55.74027215
            ],
            [
              12.52320526,
              55.73978194
            ],
            [
              12.52347698,
              55.73969151
            ],
            [
              12.52320273,
              55.73941983
            ],
            [
              12.52633492,
              55.73847253
            ],
            [
              12.5265298,
              55.73866807
            ],
            [
              12.52873898,
              55.73785899
            ],
            [
              12.53125463,
              55.73672112
            ],
            [
              12.53384556,
              55.73506582
            ],
            [
              12.53478633,
              55.73429845
            ],
            [
              12.53637751,
              55.73232462
            ],
            [
              12.53654268,
              55.73183962
            ],
            [
              12.5368062,
              55.73164905
            ],
            [
              12.53727776,
              55.73021505
            ],
            [
              12.53506237,
              55.73014411
            ],
            [
              12.53539123,
              55.72728735
            ],
            [
              12.53837127,
              55.72745358
            ],
            [
              12.53895432,
              55.72628763
            ]
          ]
        ]
      }
    },
    {
      "type": "Feature",
      "properties": {
        "postnummernavn": "Frederiksberg",
        "source": "Dataforsyningen postnumre"
      },
      "geometry": {
        "type": "Polygon",
        "coordinates": [
          [
            [
              12.53575503,
              55.69746567
            ],
            [
              12.53646299,
              55.69744229
            ],
            [
              12.53641025,
              55.69705088
            ],
            [
              12.53583009,
              55.6966914
            ],
            [
              12.53611911,
              55.69638211
            ],
            [
              12.53659797,
              55.69631481
            ],
            [
              12.53655379,
              55.69611314
            ],
            [
              12.53570848,
              55.69577209
            ],
            [
              12.53523157,
              55.69498873
            ],
            [
              12.53539462,
              55.69485338
            ],
            [
              12.53514195,
              55.6946963
            ],
            [
              12.53589193,
              55.69357599
            ],
            [
              12.5359412,
              55.69229793
            ],
            [
              12.53634708,
              55.69141314
            ],
            [
              12.53782736,
              55.68974943
            ],
            [
              12.54067871,
              55.68841407
            ],
            [
              12.54161162,
              55.68762257
            ],
            [
              12.54294737,
              55.68706166
            ],
            [
              12.54275209,
              55.6867472
            ],
            [
              12.54235444,
              55.68682217
            ],
            [
              12.54191489,
              55.68629177
            ],
            [
              12.54081926,
              55.68643661
            ],
            [
              12.54001624,
              55.68527838
            ],
            [
              12.53915943,
              55.68540103
            ],
            [
              12.53762146,
              55.68393939
            ],
            [
              12.5384826,
              55.68348816
            ],
            [
              12.53825815,
              55.68326229
            ],
            [
              12.53733943,
              55.68350954
            ],
            [
              12.53669866,
              55.68324856
            ],
            [
              12.53613675,
              55.68269074
            ],
            [
              12.5354644,
              55.68255565
            ],
            [
              12.53531531,
              55.68238506
            ],
            [
              12.53550617,
              55.6821001
            ],
            [
              12.53490514,
              55.68169023
            ],
            [
              12.53499838,
              55.6811877
            ],
            [
              12.53417217,
              55.68076715
            ],
            [
              12.53431062,
              55.68050096
            ],
            [
              12.53467287,
              55.68046624
            ],
            [
              12.53459995,
              55.6801397
            ],
            [
              12.5347808,
              55.68012468
            ],
            [
              12.53470414,
              55.67929319
            ],
            [
              12.53407721,
              55.67935037
            ],
            [
              12.53373237,
              55.67917229
            ],
            [
              12.53387983,
              55.67889497
            ],
            [
              12.53360534,
              55.67826033
            ],
            [
              12.53374053,
              55.67821724
            ],
            [
              12.53363413,
              55.67771012
            ],
            [
              12.53436957,
              55.67749272
            ],
            [
              12.53420959,
              55.67660725
            ],
            [
              12.53366924,
              55.67665699
            ],
            [
              12.53331639,
              55.67640226
            ],
            [
              12.53358027,
              55.6759921
            ],
            [
              12.53409815,
              55.67593141
            ],
            [
              12.53416146,
              55.67566676
            ],
            [
              12.5339781,
              55.67500504
            ],
            [
              12.53263981,
              55.67496502
            ],
            [
              12.53257604,
              55.67476086
            ],
            [
              12.53228392,
              55.6747717
            ],
            [
              12.53211624,
              55.67416339
            ],
            [
              12.5334037,
              55.67400374
            ],
            [
              12.53327174,
              55.6735023
            ],
            [
              12.53426876,
              55.67339507
            ],
            [
              12.53411212,
              55.67292887
            ],
            [
              12.53291768,
              55.67304161
            ],
            [
              12.53267688,
              55.6723178
            ],
            [
              12.53167897,
              55.67239546
            ],
            [
              12.53162176,
              55.67225504
            ],
            [
              12.53211383,
              55.67202003
            ],
            [
              12.53293133,
              55.67194253
            ],
            [
              12.53284287,
              55.67159162
            ],
            [
              12.53250764,
              55.6716269
            ],
            [
              12.53222621,
              55.67129387
            ],
            [
              12.53184886,
              55.67132425
            ],
            [
              12.53175263,
              55.67104756
            ],
            [
              12.53118843,
              55.67086555
            ],
            [
              12.53171476,
              55.67044064
            ],
            [
              12.53160041,
              55.67003355
            ],
            [
              12.53172967,
              55.66963743
            ],
            [
              12.53166513,
              55.66945101
            ],
            [
              12.53126225,
              55.66948221
            ],
            [
              12.53116947,
              55.66910427
            ],
            [
              12.53165079,
              55.66857042
            ],
            [
              12.53127094,
              55.66839991
            ],
            [
              12.53058543,
              55.66852539
            ],
            [
              12.53052853,
              55.66834774
            ],
            [
              12.53121835,
              55.66829838
            ],
            [
              12.5308634,
              55.66809523
            ],
            [
              12.53099706,
              55.66788376
            ],
            [
              12.53037588,
              55.66774502
            ],
            [
              12.53035609,
              55.66759255
            ],
            [
              12.52994414,
              55.66752996
            ],
            [
              12.52977053,
              55.66769177
            ],
            [
              12.52606962,
              55.6669455
            ],
            [
              12.525873,
              55.66736081
            ],
            [
              12.52472093,
              55.66718965
            ],
            [
              12.52489734,
              55.66677231
            ],
            [
              12.52303027,
              55.6664869
            ],
            [
              12.51954804,
              55.66751809
            ],
            [
              12.51139187,
              55.66951097
            ],
            [
              12.50358911,
              55.66911062
            ],
            [
              12.50306958,
              55.66910964
            ],
            [
              12.50262949,
              55.66936175
            ],
            [
              12.50105781,
              55.66928867
            ],
            [
              12.50102954,
              55.66912196
            ],
            [
              12.49630498,
              55.66893102
            ],
            [
              12.49518819,
              55.67242531
            ],
            [
              12.49290667,
              55.67247936
            ],
            [
              12.49209728,
              55.67779391
            ],
            [
              12.49201688,
              55.67811468
            ],
            [
              12.4915706,
              55.67816893
            ],
            [
              12.49131567,
              55.67908253
            ],
            [
              12.49151609,
              55.67918149
            ],
            [
              12.49304142,
              55.68210165
            ],
            [
              12.49384349,
              55.68296806
            ],
            [
              12.49422314,
              55.68287092
            ],
            [
              12.49520588,
              55.68382461
            ],
            [
              12.49565664,
              55.68389637
            ],
            [
              12.50300021,
              55.68795978
            ],
            [
              12.50396946,
              55.68825929
            ],
            [
              12.50672458,
              55.68859029
            ],
            [
              12.51253778,
              55.68981862
            ],
            [
              12.51368985,
              55.68990844
            ],
            [
              12.51554017,
              55.69050254
            ],
            [
              12.51571104,
              55.69038821
            ],
            [
              12.51752084,
              55.69085495
            ],
            [
              12.52034778,
              55.69252756
            ],
            [
              12.5210437,
              55.69311254
            ],
            [
              12.52099779,
              55.69347271
            ],
            [
              12.52334832,
              55.69462069
            ],
            [
              12.52658405,
              55.69548674
            ],
            [
              12.53099877,
              55.69596927
            ],
            [
              12.53286441,
              55.6957465
            ],
            [
              12.53565628,
              55.69669191
            ],
            [
              12.53556781,
              55.6971382
            ],
            [
              12.53577326,
              55.69715835
            ],
            [
              12.53575503,
              55.69746567
            ]
          ],
          [
            [
              12.53392553,
              55.67573776
            ],
            [
              12.53391723,
              55.67575517
            ],
            [
              12.5339055,
              55.67574688
            ],
            [
              12.53392553,
              55.67573776
            ]
          ],
          [
            [
              12.53340893,
              55.67580372
            ],
            [
              12.53340078,
              55.67582104
            ],
            [
              12.53338906,
              55.67581284
            ],
            [
              12.53340893,
              55.67580372
            ]
          ],
          [
            [
              12.53412354,
              55.67571029
            ],
            [
              12.53411086,
              55.67569681
            ],
            [
              12.53413593,
              55.675696
            ],
            [
              12.53412354,
              55.67571029
            ]
          ],
          [
            [
              12.5339036,
              55.67572221
            ],
            [
              12.53389545,
              55.67573953
            ],
            [
              12.53388357,
              55.67573133
            ],
            [
              12.5339036,
              55.67572221
            ]
          ],
          [
            [
              12.53337779,
              55.67580786
            ],
            [
              12.53336965,
              55.67582517
            ],
            [
              12.53335777,
              55.67581697
            ],
            [
              12.53337779,
              55.67580786
            ]
          ]
        ]
      }
    },
    {
      "type": "Feature",
      "properties": {
        "postnummernavn": "Frederiksberg C",
        "source": "Dataforsyningen postnumre"
      },
      "geometry": {
        "type": "MultiPolygon",
        "coordinates": [
          [
            [
              [
                12.53127959,
                55.66819771
              ],
              [
                12.53052853,
                55.66834774
              ],
              [
                12.5305886,
                55.66853231
              ],
              [
                12.53127094,
                55.66839991
              ],
              [
                12.53165079,
                55.66857042
              ],
              [
                12.53116947,
                55.66910427
              ],
              [
                12.53126225,
                55.66948221
              ],
              [
                12.53166829,
                55.66945784
              ],
              [
                12.53171476,
                55.67044064
              ],
              [
                12.53118843,
                55.67086555
              ],
              [
                12.53175263,
                55.67104756
              ],
              [
                12.53184886,
                55.67132425
              ],
              [
                12.53222621,
                55.67129387
              ],
              [
                12.53250764,
                55.6716269
              ],
              [
                12.53284287,
                55.67159162
              ],
              [
                12.53293133,
                55.67194253
              ],
              [
                12.53211383,
                55.67202003
              ],
              [
                12.53162176,
                55.67225504
              ],
              [
                12.53167897,
                55.67239546
              ],
              [
                12.53267688,
                55.6723178
              ],
              [
                12.53291768,
                55.67304161
              ],
              [
                12.53411212,
                55.67292887
              ],
              [
                12.53426876,
                55.67339507
              ],
              [
                12.53327174,
                55.6735023
              ],
              [
                12.5334037,
                55.67400374
              ],
              [
                12.53211624,
                55.67416339
              ],
              [
                12.53228392,
                55.6747717
              ],
              [
                12.53257604,
                55.67476086
              ],
              [
                12.53263981,
                55.67496502
              ],
              [
                12.5339781,
                55.67500504
              ],
              [
                12.53416146,
                55.67566676
              ],
              [
                12.53409815,
                55.67593141
              ],
              [
                12.53358027,
                55.6759921
              ],
              [
                12.53331639,
                55.67640226
              ],
              [
                12.53366924,
                55.67665699
              ],
              [
                12.53420959,
                55.67660725
              ],
              [
                12.53436957,
                55.67749272
              ],
              [
                12.53363413,
                55.67771012
              ],
              [
                12.53374053,
                55.67821724
              ],
              [
                12.53360534,
                55.67826033
              ],
              [
                12.53387983,
                55.67889497
              ],
              [
                12.53373237,
                55.67917229
              ],
              [
                12.53407721,
                55.67935037
              ],
              [
                12.53470414,
                55.67929319
              ],
              [
                12.5347808,
                55.68012468
              ],
              [
                12.53459995,
                55.6801397
              ],
              [
                12.53467287,
                55.68046624
              ],
              [
                12.53431062,
                55.68050096
              ],
              [
                12.53417217,
                55.68076715
              ],
              [
                12.53499838,
                55.6811877
              ],
              [
                12.53490514,
                55.68169023
              ],
              [
                12.53550617,
                55.6821001
              ],
              [
                12.53531531,
                55.68238506
              ],
              [
                12.5354644,
                55.68255565
              ],
              [
                12.53613675,
                55.68269074
              ],
              [
                12.53669866,
                55.68324856
              ],
              [
                12.53733943,
                55.68350954
              ],
              [
                12.53825815,
                55.68326229
              ],
              [
                12.5384826,
                55.68348816
              ],
              [
                12.53762146,
                55.68393939
              ],
              [
                12.53915943,
                55.68540103
              ],
              [
                12.54001624,
                55.68527838
              ],
              [
                12.54081922,
                55.68643658
              ],
              [
                12.54191494,
                55.68629176
              ],
              [
                12.54235444,
                55.68682217
              ],
              [
                12.54275209,
                55.6867472
              ],
              [
                12.54294737,
                55.68706166
              ],
              [
                12.54483645,
                55.68644051
              ],
              [
                12.54727585,
                55.68526615
              ],
              [
                12.55283522,
                55.6849073
              ],
              [
                12.55330255,
                55.6848604
              ],
              [
                12.55363636,
                55.68481368
              ],
              [
                12.55384278,
                55.68476445
              ],
              [
                12.55447951,
                55.68452543
              ],
              [
                12.55493892,
                55.68426871
              ],
              [
                12.55501787,
                55.68421445
              ],
              [
                12.55511479,
                55.6841478
              ],
              [
                12.55529253,
                55.68399842
              ],
              [
                12.55558297,
                55.68367933
              ],
              [
                12.55516501,
                55.68350397
              ],
              [
                12.5539587,
                55.68176415
              ],
              [
                12.5544151,
                55.6816218
              ],
              [
                12.55807007,
                55.68179536
              ],
              [
                12.55882536,
                55.68076933
              ],
              [
                12.55746615,
                55.67571037
              ],
              [
                12.556819,
                55.67523568
              ],
              [
                12.55635074,
                55.67430225
              ],
              [
                12.55551613,
                55.67378309
              ],
              [
                12.55424477,
                55.67357924
              ],
              [
                12.54986566,
                55.67450421
              ],
              [
                12.55006121,
                55.6728474
              ],
              [
                12.54985414,
                55.67267994
              ],
              [
                12.54726554,
                55.67325714
              ],
              [
                12.54694286,
                55.67275826
              ],
              [
                12.53974451,
                55.67070488
              ],
              [
                12.53998394,
                55.67041958
              ],
              [
                12.53992499,
                55.67019865
              ],
              [
                12.53800973,
                55.67031804
              ],
              [
                12.53482148,
                55.66929315
              ],
              [
                12.53503499,
                55.66897067
              ],
              [
                12.53493175,
                55.66881917
              ],
              [
                12.53099706,
                55.66788376
              ],
              [
                12.5308634,
                55.66809523
              ],
              [
                12.53127959,
                55.66819771
              ]
            ],
            [
              [
                12.5485731,
                55.68514744
              ],
              [
                12.54855429,
                55.68504213
              ],
              [
                12.54857625,
                55.68516495
              ],
              [
                12.5485731,
                55.68514744
              ]
            ],
            [
              [
                12.55345635,
                55.68482061
              ],
              [
                12.55336359,
                55.68473149
              ],
              [
                12.55347099,
                55.68483466
              ],
              [
                12.55345635,
                55.68482061
              ]
            ],
            [
              [
                12.55487362,
                55.68425765
              ],
              [
                12.5547232,
                55.68418918
              ],
              [
                12.55492059,
                55.68427895
              ],
              [
                12.55487362,
                55.68425765
              ]
            ],
            [
              [
                12.55495235,
                55.68418473
              ],
              [
                12.55492209,
                55.68417101
              ],
              [
                12.55501787,
                55.68421445
              ],
              [
                12.55495235,
                55.68418473
              ]
            ],
            [
              [
                12.55519215,
                55.68374317
              ],
              [
                12.55519199,
                55.68374318
              ],
              [
                12.55553684,
                55.68366736
              ],
              [
                12.55519215,
                55.68374317
              ]
            ],
            [
              [
                12.54510256,
                55.68573578
              ],
              [
                12.54513837,
                55.68580936
              ],
              [
                12.54522518,
                55.68598778
              ],
              [
                12.54510256,
                55.68573578
              ]
            ],
            [
              [
                12.54462244,
                55.68117586
              ],
              [
                12.54462171,
                55.6811748
              ],
              [
                12.54479309,
                55.68140129
              ],
              [
                12.54462244,
                55.68117586
              ]
            ],
            [
              [
                12.54463048,
                55.68116969
              ],
              [
                12.54458406,
                55.68110881
              ],
              [
                12.54463246,
                55.68117224
              ],
              [
                12.54463048,
                55.68116969
              ]
            ],
            [
              [
                12.54288991,
                55.67790413
              ],
              [
                12.54241946,
                55.67800622
              ],
              [
                12.54234743,
                55.67802186
              ],
              [
                12.54241953,
                55.6780062
              ],
              [
                12.54288991,
                55.67790413
              ]
            ],
            [
              [
                12.54242383,
                55.67843363
              ],
              [
                12.5424238,
                55.6784336
              ],
              [
                12.54252132,
                55.67842065
              ],
              [
                12.54242383,
                55.67843363
              ]
            ],
            [
              [
                12.54113253,
                55.68199332
              ],
              [
                12.54113258,
                55.68199334
              ],
              [
                12.54110843,
                55.68199959
              ],
              [
                12.54113253,
                55.68199332
              ]
            ],
            [
              [
                12.54372686,
                55.68131908
              ],
              [
                12.54372689,
                55.68131908
              ],
              [
                12.54370384,
                55.68132505
              ],
              [
                12.54372686,
                55.68131908
              ]
            ],
            [
              [
                12.54387106,
                55.68129118
              ],
              [
                12.54387102,
                55.68129121
              ],
              [
                12.54383929,
                55.68129353
              ],
              [
                12.54387106,
                55.68129118
              ]
            ],
            [
              [
                12.54399042,
                55.68129474
              ],
              [
                12.54399036,
                55.68129472
              ],
              [
                12.54397054,
                55.68128084
              ],
              [
                12.54399042,
                55.68129474
              ]
            ],
            [
              [
                12.54404443,
                55.68133409
              ],
              [
                12.54405203,
                55.68134062
              ],
              [
                12.54403427,
                55.68132548
              ],
              [
                12.54404443,
                55.68133409
              ]
            ]
          ],
          [
            [
              [
                12.53412354,
                55.67571029
              ],
              [
                12.53411086,
                55.67569681
              ],
              [
                12.53410817,
                55.6757022
              ],
              [
                12.53412354,
                55.67571029
              ]
            ]
          ],
          [
            [
              [
                12.53389545,
                55.67573953
              ],
              [
                12.5339036,
                55.67572221
              ],
              [
                12.53388357,
                55.67573133
              ],
              [
                12.53389545,
                55.67573953
              ]
            ]
          ],
          [
            [
              [
                12.533909,
                55.67575208
              ],
              [
                12.53393376,
                55.67574085
              ],
              [
                12.53390805,
                55.67574159
              ],
              [
                12.533909,
                55.67575208
              ]
            ]
          ],
          [
            [
              [
                12.53339256,
                55.67581804
              ],
              [
                12.53341715,
                55.67580672
              ],
              [
                12.5333916,
                55.67580746
              ],
              [
                12.53339256,
                55.67581804
              ]
            ]
          ],
          [
            [
              [
                12.53336142,
                55.67582217
              ],
              [
                12.53338602,
                55.67581086
              ],
              [
                12.53336047,
                55.67581159
              ],
              [
                12.53336142,
                55.67582217
              ]
            ]
          ]
        ]
      }
    },
    {
      "type": "Feature",
      "properties": {
        "postnummernavn": "Gentofte",
        "source": "Dataforsyningen postnumre"
      },
      "geometry": {
        "type": "Polygon",
        "coordinates": [
          [
            [
              12.51651918,
              55.76111133
            ],
            [
              12.516438,
              55.76246337
            ],
            [
              12.51671923,
              55.7626855
            ],
            [
              12.51758286,
              55.76244217
            ],
            [
              12.51778723,
              55.76262361
            ],
            [
              12.51769865,
              55.76307393
            ],
            [
              12.51786427,
              55.76324829
            ],
            [
              12.52133274,
              55.76386341
            ],
            [
              12.52174155,
              55.76462046
            ],
            [
              12.52329701,
              55.76403607
            ],
            [
              12.52429363,
              55.76499527
            ],
            [
              12.52611175,
              55.76630672
            ],
            [
              12.52674968,
              55.76796335
            ],
            [
              12.52635071,
              55.76841089
            ],
            [
              12.52912419,
              55.76944912
            ],
            [
              12.53101414,
              55.76946672
            ],
            [
              12.53920494,
              55.77368135
            ],
            [
              12.54203885,
              55.77340577
            ],
            [
              12.54584016,
              55.77353334
            ],
            [
              12.54739091,
              55.77327428
            ],
            [
              12.54808994,
              55.77293946
            ],
            [
              12.54716787,
              55.77356512
            ],
            [
              12.55001252,
              55.77230743
            ],
            [
              12.55652537,
              55.77166496
            ],
            [
              12.55647872,
              55.7714052
            ],
            [
              12.55692266,
              55.77074754
            ],
            [
              12.55512288,
              55.77063521
            ],
            [
              12.54907277,
              55.76919985
            ],
            [
              12.54693718,
              55.76886819
            ],
            [
              12.54755661,
              55.76848487
            ],
            [
              12.54593401,
              55.7676512
            ],
            [
              12.54564828,
              55.76779963
            ],
            [
              12.54557908,
              55.76768572
            ],
            [
              12.54659311,
              55.76702891
            ],
            [
              12.54651477,
              55.76656532
            ],
            [
              12.54914522,
              55.7651848
            ],
            [
              12.54899942,
              55.76462146
            ],
            [
              12.55109227,
              55.76462433
            ],
            [
              12.55104575,
              55.76436555
            ],
            [
              12.55155581,
              55.76433956
            ],
            [
              12.55147039,
              55.76411247
            ],
            [
              12.5521798,
              55.76408305
            ],
            [
              12.55187771,
              55.7639811
            ],
            [
              12.55153866,
              55.76343442
            ],
            [
              12.55125446,
              55.76345711
            ],
            [
              12.55103719,
              55.76256963
            ],
            [
              12.55119882,
              55.76256181
            ],
            [
              12.55107613,
              55.76226674
            ],
            [
              12.55139308,
              55.76215183
            ],
            [
              12.55130194,
              55.76182673
            ],
            [
              12.55162704,
              55.76171041
            ],
            [
              12.55067078,
              55.76140116
            ],
            [
              12.55129553,
              55.76117277
            ],
            [
              12.55094665,
              55.76085071
            ],
            [
              12.55131225,
              55.76072378
            ],
            [
              12.55149231,
              55.76039281
            ],
            [
              12.55690439,
              55.75845145
            ],
            [
              12.5563318,
              55.7567821
            ],
            [
              12.55591851,
              55.75402887
            ],
            [
              12.55593707,
              55.75366723
            ],
            [
              12.55708826,
              55.75323536
            ],
            [
              12.55703486,
              55.75248664
            ],
            [
              12.55754771,
              55.75246854
            ],
            [
              12.55750432,
              55.75210078
            ],
            [
              12.55722466,
              55.75212867
            ],
            [
              12.55722411,
              55.75180067
            ],
            [
              12.55703509,
              55.75179967
            ],
            [
              12.55674653,
              55.75040147
            ],
            [
              12.55672303,
              55.75020478
            ],
            [
              12.55711201,
              55.75019936
            ],
            [
              12.55712904,
              55.75004322
            ],
            [
              12.55515142,
              55.75007705
            ],
            [
              12.55500636,
              55.74870975
            ],
            [
              12.55559562,
              55.74868926
            ],
            [
              12.55547477,
              55.74828994
            ],
            [
              12.55642511,
              55.74838496
            ],
            [
              12.55703775,
              55.74793174
            ],
            [
              12.55641615,
              55.74790507
            ],
            [
              12.55636918,
              55.74750135
            ],
            [
              12.55698491,
              55.74745492
            ],
            [
              12.55661786,
              55.74709177
            ],
            [
              12.55621487,
              55.7471128
            ],
            [
              12.55619512,
              55.74693453
            ],
            [
              12.55665694,
              55.74672621
            ],
            [
              12.5565681,
              55.74649643
            ],
            [
              12.55679922,
              55.74635441
            ],
            [
              12.55642071,
              55.7463991
            ],
            [
              12.55610348,
              55.7462013
            ],
            [
              12.55618327,
              55.74572603
            ],
            [
              12.5563614,
              55.74571808
            ],
            [
              12.55634427,
              55.74555799
            ],
            [
              12.55606505,
              55.74553595
            ],
            [
              12.55667632,
              55.74508907
            ],
            [
              12.5567251,
              55.74463052
            ],
            [
              12.55647053,
              55.74485972
            ],
            [
              12.5559646,
              55.74470938
            ],
            [
              12.55618612,
              55.74447952
            ],
            [
              12.55659791,
              55.74445914
            ],
            [
              12.55648522,
              55.7441459
            ],
            [
              12.55666473,
              55.74396068
            ],
            [
              12.55662953,
              55.74361264
            ],
            [
              12.5563366,
              55.74369711
            ],
            [
              12.5563966,
              55.74213298
            ],
            [
              12.55496118,
              55.74220379
            ],
            [
              12.55484283,
              55.74320457
            ],
            [
              12.55346903,
              55.74363774
            ],
            [
              12.55242088,
              55.74361917
            ],
            [
              12.55253676,
              55.74181074
            ],
            [
              12.55313194,
              55.7418248
            ],
            [
              12.55315077,
              55.741494
            ],
            [
              12.55255842,
              55.74148462
            ],
            [
              12.5525792,
              55.74115052
            ],
            [
              12.55169217,
              55.74117115
            ],
            [
              12.55162836,
              55.74056939
            ],
            [
              12.55213677,
              55.74054802
            ],
            [
              12.55212673,
              55.74042009
            ],
            [
              12.55157965,
              55.74032641
            ],
            [
              12.5515253,
              55.73985313
            ],
            [
              12.55083057,
              55.74016196
            ],
            [
              12.55100614,
              55.74028042
            ],
            [
              12.55068346,
              55.74061606
            ],
            [
              12.55097046,
              55.74069966
            ],
            [
              12.55084531,
              55.7409465
            ],
            [
              12.55045667,
              55.74089678
            ],
            [
              12.55036293,
              55.74115962
            ],
            [
              12.54976684,
              55.74113532
            ],
            [
              12.54996738,
              55.7414793
            ],
            [
              12.54879126,
              55.74178297
            ],
            [
              12.54822297,
              55.74168224
            ],
            [
              12.54833474,
              55.74126513
            ],
            [
              12.54750639,
              55.7412335
            ],
            [
              12.5475328,
              55.74104868
            ],
            [
              12.54484098,
              55.7409371
            ],
            [
              12.54495329,
              55.74069243
            ],
            [
              12.54438975,
              55.74038555
            ],
            [
              12.5443041,
              55.73995453
            ],
            [
              12.5437597,
              55.73994634
            ],
            [
              12.54371188,
              55.73798224
            ],
            [
              12.54247469,
              55.73798792
            ],
            [
              12.54248406,
              55.73838472
            ],
            [
              12.54037657,
              55.73839465
            ],
            [
              12.5403714,
              55.7380194
            ],
            [
              12.53989183,
              55.73806317
            ],
            [
              12.54009972,
              55.73782474
            ],
            [
              12.53915872,
              55.7376359
            ],
            [
              12.53926642,
              55.73752121
            ],
            [
              12.53891235,
              55.73741804
            ],
            [
              12.53871399,
              55.73762805
            ],
            [
              12.53459189,
              55.73706177
            ],
            [
              12.53449941,
              55.737285
            ],
            [
              12.53421158,
              55.73727261
            ],
            [
              12.53440228,
              55.73683327
            ],
            [
              12.53299104,
              55.73685422
            ],
            [
              12.53299643,
              55.73702481
            ],
            [
              12.53232399,
              55.73703473
            ],
            [
              12.53218637,
              55.73724361
            ],
            [
              12.53184286,
              55.7371812
            ],
            [
              12.5318131,
              55.7368714
            ],
            [
              12.53096469,
              55.73686164
            ],
            [
              12.5265298,
              55.73866807
            ],
            [
              12.52633492,
              55.73847253
            ],
            [
              12.52320273,
              55.73941983
            ],
            [
              12.52347698,
              55.73969151
            ],
            [
              12.52320526,
              55.73978194
            ],
            [
              12.52332136,
              55.74027215
            ],
            [
              12.52291536,
              55.73986516
            ],
            [
              12.51960676,
              55.74109258
            ],
            [
              12.51920382,
              55.74108003
            ],
            [
              12.51149137,
              55.7436355
            ],
            [
              12.51053502,
              55.74413941
            ],
            [
              12.51012266,
              55.7441111
            ],
            [
              12.50768207,
              55.7449251
            ],
            [
              12.50778265,
              55.74502626
            ],
            [
              12.50633433,
              55.74546129
            ],
            [
              12.506029,
              55.74581196
            ],
            [
              12.50417031,
              55.74681535
            ],
            [
              12.50069914,
              55.74747978
            ],
            [
              12.5009463,
              55.74785046
            ],
            [
              12.50041027,
              55.7479491
            ],
            [
              12.50168571,
              55.75025617
            ],
            [
              12.50109401,
              55.75039039
            ],
            [
              12.50078829,
              55.74981493
            ],
            [
              12.49988063,
              55.74999726
            ],
            [
              12.50020047,
              55.75059165
            ],
            [
              12.49868713,
              55.75086642
            ],
            [
              12.49864515,
              55.75152237
            ],
            [
              12.49865673,
              55.75169432
            ],
            [
              12.49894387,
              55.75168901
            ],
            [
              12.49924393,
              55.75235455
            ],
            [
              12.50018919,
              55.75227976
            ],
            [
              12.50052818,
              55.75698333
            ],
            [
              12.50045832,
              55.75726585
            ],
            [
              12.49939964,
              55.7582325
            ],
            [
              12.49971847,
              55.75877405
            ],
            [
              12.50026391,
              55.75895829
            ],
            [
              12.50029511,
              55.7593791
            ],
            [
              12.50093113,
              55.7599633
            ],
            [
              12.50170127,
              55.76025585
            ],
            [
              12.50367138,
              55.76039377
            ],
            [
              12.50620038,
              55.76131926
            ],
            [
              12.50653776,
              55.76162387
            ],
            [
              12.507816,
              55.76204008
            ],
            [
              12.50868117,
              55.76255143
            ],
            [
              12.51173388,
              55.76292972
            ],
            [
              12.51208867,
              55.76276797
            ],
            [
              12.51217874,
              55.76187623
            ],
            [
              12.51247138,
              55.76136083
            ],
            [
              12.51327513,
              55.76081191
            ],
            [
              12.51511217,
              55.76007336
            ],
            [
              12.51572938,
              55.7594689
            ],
            [
              12.51573485,
              55.75907114
            ],
            [
              12.51607045,
              55.75904211
            ],
            [
              12.51695408,
              55.75956141
            ],
            [
              12.51652559,
              55.75972223
            ],
            [
              12.51629394,
              55.76034235
            ],
            [
              12.51651918,
              55.76111133
            ]
          ]
        ]
      }
    },
    {
      "type": "Feature",
      "properties": {
        "postnummernavn": "Glostrup",
        "source": "Dataforsyningen postnumre"
      },
      "geometry": {
        "type": "Polygon",
        "coordinates": [
          [
            [
              12.41849434,
              55.70832569
            ],
            [
              12.42179032,
              55.7083809
            ],
            [
              12.42494272,
              55.7087059
            ],
            [
              12.42628986,
              55.7085684
            ],
            [
              12.4287092,
              55.70763899
            ],
            [
              12.42744839,
              55.70648423
            ],
            [
              12.42739041,
              55.70588254
            ],
            [
              12.42790662,
              55.69906119
            ],
            [
              12.42900438,
              55.69449648
            ],
            [
              12.42872204,
              55.69370874
            ],
            [
              12.42885846,
              55.69209729
            ],
            [
              12.42905921,
              55.69198495
            ],
            [
              12.42920697,
              55.69060668
            ],
            [
              12.43236082,
              55.68872596
            ],
            [
              12.43099277,
              55.68667233
            ],
            [
              12.4284685,
              55.68119008
            ],
            [
              12.4242771,
              55.67516148
            ],
            [
              12.42336032,
              55.67347271
            ],
            [
              12.42295124,
              55.67216187
            ],
            [
              12.42300034,
              55.67160961
            ],
            [
              12.42403676,
              55.67071499
            ],
            [
              12.42465442,
              55.66951853
            ],
            [
              12.42382864,
              55.66940987
            ],
            [
              12.42426484,
              55.66953526
            ],
            [
              12.42324123,
              55.67088178
            ],
            [
              12.42267847,
              55.67077926
            ],
            [
              12.42275311,
              55.66928687
            ],
            [
              12.41893554,
              55.6687443
            ],
            [
              12.41863403,
              55.66856335
            ],
            [
              12.41882354,
              55.66794603
            ],
            [
              12.41718973,
              55.66674565
            ],
            [
              12.41569806,
              55.66596659
            ],
            [
              12.41522138,
              55.66538716
            ],
            [
              12.41511717,
              55.66451845
            ],
            [
              12.41575397,
              55.6645026
            ],
            [
              12.41596538,
              55.66261098
            ],
            [
              12.41558967,
              55.66257073
            ],
            [
              12.4157567,
              55.66214951
            ],
            [
              12.4154888,
              55.66153964
            ],
            [
              12.41450155,
              55.66104511
            ],
            [
              12.41298242,
              55.65972496
            ],
            [
              12.41013384,
              55.65995663
            ],
            [
              12.40829521,
              55.65947727
            ],
            [
              12.40798098,
              55.65847584
            ],
            [
              12.40778953,
              55.65824946
            ],
            [
              12.40743931,
              55.65828779
            ],
            [
              12.40722695,
              55.65795256
            ],
            [
              12.4061024,
              55.65811391
            ],
            [
              12.40497638,
              55.65864088
            ],
            [
              12.40194783,
              55.65891871
            ],
            [
              12.40024024,
              55.65954629
            ],
            [
              12.39937364,
              55.65933781
            ],
            [
              12.39589179,
              55.66045138
            ],
            [
              12.39479475,
              55.6603459
            ],
            [
              12.39446167,
              55.66086142
            ],
            [
              12.38985676,
              55.66075973
            ],
            [
              12.38966785,
              55.66097166
            ],
            [
              12.38184854,
              55.66016251
            ],
            [
              12.38158425,
              55.66087424
            ],
            [
              12.37880393,
              55.66053184
            ],
            [
              12.3788097,
              55.66030914
            ],
            [
              12.37674362,
              55.66015549
            ],
            [
              12.37123913,
              55.66014981
            ],
            [
              12.37127019,
              55.66042487
            ],
            [
              12.37049138,
              55.66034318
            ],
            [
              12.37039403,
              55.66118427
            ],
            [
              12.3698655,
              55.66140614
            ],
            [
              12.37142135,
              55.6617276
            ],
            [
              12.37164463,
              55.66383256
            ],
            [
              12.37152496,
              55.66455083
            ],
            [
              12.3694394,
              55.6660925
            ],
            [
              12.36950461,
              55.6666361
            ],
            [
              12.36776246,
              55.66828123
            ],
            [
              12.37077344,
              55.66853899
            ],
            [
              12.37119475,
              55.66879849
            ],
            [
              12.37116611,
              55.66936023
            ],
            [
              12.37131791,
              55.66938654
            ],
            [
              12.37133062,
              55.67357811
            ],
            [
              12.37187923,
              55.67743288
            ],
            [
              12.36939459,
              55.68322579
            ],
            [
              12.37132094,
              55.68369641
            ],
            [
              12.37153772,
              55.68335679
            ],
            [
              12.37239723,
              55.68348591
            ],
            [
              12.37232074,
              55.68377663
            ],
            [
              12.37262675,
              55.68399425
            ],
            [
              12.37436725,
              55.6841966
            ],
            [
              12.37409053,
              55.68476948
            ],
            [
              12.37422845,
              55.68491089
            ],
            [
              12.37599716,
              55.6852626
            ],
            [
              12.37614246,
              55.68476993
            ],
            [
              12.37598113,
              55.6845397
            ],
            [
              12.37548342,
              55.68442285
            ],
            [
              12.37582037,
              55.68403388
            ],
            [
              12.37829006,
              55.68433721
            ],
            [
              12.37896644,
              55.68728906
            ],
            [
              12.37918581,
              55.6873874
            ],
            [
              12.39508203,
              55.68754209
            ],
            [
              12.39393128,
              55.68943979
            ],
            [
              12.39237147,
              55.69049058
            ],
            [
              12.38797056,
              55.69438517
            ],
            [
              12.38667555,
              55.69688998
            ],
            [
              12.38756796,
              55.6970181
            ],
            [
              12.38626707,
              55.70010929
            ],
            [
              12.38562983,
              55.70234723
            ],
            [
              12.38679307,
              55.70285099
            ],
            [
              12.3883636,
              55.70296632
            ],
            [
              12.38815813,
              55.70692332
            ],
            [
              12.39205152,
              55.70666621
            ],
            [
              12.39410226,
              55.70674967
            ],
            [
              12.39470654,
              55.70573295
            ],
            [
              12.39661137,
              55.7060895
            ],
            [
              12.39992347,
              55.70547384
            ],
            [
              12.40555413,
              55.70793365
            ],
            [
              12.41025458,
              55.70943629
            ],
            [
              12.41170587,
              55.70942673
            ],
            [
              12.41849434,
              55.70832569
            ]
          ]
        ]
      }
    },
    {
      "type": "Feature",
      "properties": {
        "postnummernavn": "Greve",
        "source": "Dataforsyningen postnumre"
      },
      "geometry": {
        "type": "Polygon",
        "coordinates": [
          [
            [
              12.33007743,
              55.6084135
            ],
            [
              12.33258574,
              55.60817573
            ],
            [
              12.33411978,
              55.60751388
            ],
            [
              12.33570755,
              55.60781592
            ],
            [
              12.33713953,
              55.60784894
            ],
            [
              12.3387461,
              55.60694086
            ],
            [
              12.34106908,
              55.60663406
            ],
            [
              12.34200826,
              55.60631713
            ],
            [
              12.34255469,
              55.60586085
            ],
            [
              12.34318581,
              55.6047933
            ],
            [
              12.34507049,
              55.60363883
            ],
            [
              12.35540326,
              55.60226708
            ],
            [
              12.35593977,
              55.60145371
            ],
            [
              12.35656747,
              55.60108316
            ],
            [
              12.35973264,
              55.6008956
            ],
            [
              12.36062449,
              55.60067837
            ],
            [
              12.3604944,
              55.60030314
            ],
            [
              12.3574931,
              55.59903938
            ],
            [
              12.35938182,
              55.59747223
            ],
            [
              12.36000617,
              55.59602417
            ],
            [
              12.36154357,
              55.59567575
            ],
            [
              12.36334344,
              55.59393494
            ],
            [
              12.36580039,
              55.58924141
            ],
            [
              12.371626709053238,
              55.583
            ],
            [
              12.33,
              55.583
            ],
            [
              12.33007743,
              55.6084135
            ]
          ]
        ]
      }
    },
    {
      "type": "Feature",
      "properties": {
        "postnummernavn": "Hellerup",
        "source": "Dataforsyningen postnumre"
      },
      "geometry": {
        "type": "Polygon",
        "coordinates": [
          [
            [
              12.538922,
              55.72632138
            ],
            [
              12.53837127,
              55.72745358
            ],
            [
              12.53539123,
              55.72728735
            ],
            [
              12.53506237,
              55.73014411
            ],
            [
              12.53727776,
              55.73021505
            ],
            [
              12.5368062,
              55.73164905
            ],
            [
              12.53521716,
              55.73382387
            ],
            [
              12.53435076,
              55.73468909
            ],
            [
              12.53096469,
              55.73686164
            ],
            [
              12.5318131,
              55.7368714
            ],
            [
              12.53184286,
              55.7371812
            ],
            [
              12.53218637,
              55.73724361
            ],
            [
              12.53232399,
              55.73703473
            ],
            [
              12.53299643,
              55.73702481
            ],
            [
              12.53299104,
              55.73685422
            ],
            [
              12.53440228,
              55.73683327
            ],
            [
              12.53421158,
              55.73727261
            ],
            [
              12.53449941,
              55.737285
            ],
            [
              12.53459189,
              55.73706177
            ],
            [
              12.53871399,
              55.73762805
            ],
            [
              12.53891235,
              55.73741804
            ],
            [
              12.53926642,
              55.73752121
            ],
            [
              12.53915872,
              55.7376359
            ],
            [
              12.54009972,
              55.73782474
            ],
            [
              12.53989183,
              55.73806317
            ],
            [
              12.5403714,
              55.7380194
            ],
            [
              12.54037657,
              55.73839465
            ],
            [
              12.54248406,
              55.73838472
            ],
            [
              12.54247469,
              55.73798792
            ],
            [
              12.54371188,
              55.73798224
            ],
            [
              12.5437597,
              55.73994634
            ],
            [
              12.5443041,
              55.73995453
            ],
            [
              12.54438975,
              55.74038555
            ],
            [
              12.54495329,
              55.74069243
            ],
            [
              12.54484098,
              55.7409371
            ],
            [
              12.5475328,
              55.74104868
            ],
            [
              12.54750639,
              55.7412335
            ],
            [
              12.54833474,
              55.74126513
            ],
            [
              12.54822297,
              55.74168224
            ],
            [
              12.54879126,
              55.74178297
            ],
            [
              12.54996738,
              55.7414793
            ],
            [
              12.54976684,
              55.74113532
            ],
            [
              12.55036293,
              55.74115962
            ],
            [
              12.55045667,
              55.74089678
            ],
            [
              12.55084531,
              55.7409465
            ],
            [
              12.55097046,
              55.74069966
            ],
            [
              12.55068346,
              55.74061606
            ],
            [
              12.55100614,
              55.74028042
            ],
            [
              12.55083057,
              55.74016196
            ],
            [
              12.5515253,
              55.73985313
            ],
            [
              12.55157965,
              55.74032641
            ],
            [
              12.55212673,
              55.74042009
            ],
            [
              12.55213677,
              55.74054802
            ],
            [
              12.55162836,
              55.74056939
            ],
            [
              12.55169217,
              55.74117115
            ],
            [
              12.5525792,
              55.74115052
            ],
            [
              12.55255842,
              55.74148462
            ],
            [
              12.55315077,
              55.741494
            ],
            [
              12.55313194,
              55.7418248
            ],
            [
              12.55253676,
              55.74181074
            ],
            [
              12.55242088,
              55.74361917
            ],
            [
              12.55346903,
              55.74363774
            ],
            [
              12.55484283,
              55.74320457
            ],
            [
              12.55496118,
              55.74220379
            ],
            [
              12.5563966,
              55.74213298
            ],
            [
              12.5563366,
              55.74369711
            ],
            [
              12.55662953,
              55.74361264
            ],
            [
              12.55666473,
              55.74396068
            ],
            [
              12.55648522,
              55.7441459
            ],
            [
              12.55659791,
              55.74445914
            ],
            [
              12.55618612,
              55.74447952
            ],
            [
              12.5559646,
              55.74470938
            ],
            [
              12.55647053,
              55.74485972
            ],
            [
              12.5567251,
              55.74463052
            ],
            [
              12.55667632,
              55.74508907
            ],
            [
              12.55606505,
              55.74553595
            ],
            [
              12.55634427,
              55.74555799
            ],
            [
              12.5563614,
              55.74571808
            ],
            [
              12.55618327,
              55.74572603
            ],
            [
              12.55610348,
              55.7462013
            ],
            [
              12.55681064,
              55.74646756
            ],
            [
              12.5565681,
              55.74649643
            ],
            [
              12.55665694,
              55.74672621
            ],
            [
              12.55636006,
              55.74676412
            ],
            [
              12.55621487,
              55.7471128
            ],
            [
              12.55678229,
              55.74725011
            ],
            [
              12.55807188,
              55.74692923
            ],
            [
              12.55805072,
              55.74672321
            ],
            [
              12.56348464,
              55.74606176
            ],
            [
              12.5641964,
              55.7451849
            ],
            [
              12.5668638,
              55.74515246
            ],
            [
              12.56678127,
              55.74493474
            ],
            [
              12.56758788,
              55.74491058
            ],
            [
              12.56759447,
              55.74514498
            ],
            [
              12.5762668,
              55.74513635
            ],
            [
              12.58065302,
              55.74287445
            ],
            [
              12.58163807,
              55.7432114
            ],
            [
              12.5819323,
              55.74303736
            ],
            [
              12.58230023,
              55.74326886
            ],
            [
              12.58592861,
              55.74141112
            ],
            [
              12.58763571,
              55.74173232
            ],
            [
              12.59147296,
              55.74139277
            ],
            [
              12.60919972,
              55.73715745
            ],
            [
              12.60247004,
              55.73510904
            ],
            [
              12.59260106,
              55.72340202
            ],
            [
              12.59116192,
              55.72317467
            ],
            [
              12.58888573,
              55.72247877
            ],
            [
              12.5832835,
              55.72181734
            ],
            [
              12.58045924,
              55.72211487
            ],
            [
              12.57813887,
              55.7220645
            ],
            [
              12.57756377,
              55.72215519
            ],
            [
              12.57741772,
              55.72257342
            ],
            [
              12.57722978,
              55.72262962
            ],
            [
              12.57723362,
              55.72293442
            ],
            [
              12.5759685,
              55.72313647
            ],
            [
              12.57522886,
              55.72306056
            ],
            [
              12.57525649,
              55.72278964
            ],
            [
              12.57457082,
              55.72268706
            ],
            [
              12.57401128,
              55.72273906
            ],
            [
              12.57396162,
              55.72309316
            ],
            [
              12.57314491,
              55.72308035
            ],
            [
              12.57320361,
              55.72270135
            ],
            [
              12.57194192,
              55.72264287
            ],
            [
              12.57188994,
              55.72299982
            ],
            [
              12.57120639,
              55.72295354
            ],
            [
              12.57125072,
              55.72261048
            ],
            [
              12.57028455,
              55.72244033
            ],
            [
              12.56898718,
              55.72387871
            ],
            [
              12.56866227,
              55.72294466
            ],
            [
              12.56797331,
              55.72197165
            ],
            [
              12.56639132,
              55.720634
            ],
            [
              12.56504526,
              55.72149236
            ],
            [
              12.56344136,
              55.72176689
            ],
            [
              12.56251918,
              55.72226232
            ],
            [
              12.56139829,
              55.72243216
            ],
            [
              12.56130556,
              55.72230268
            ],
            [
              12.56017445,
              55.72233775
            ],
            [
              12.56043171,
              55.7217585
            ],
            [
              12.5599798,
              55.7217031
            ],
            [
              12.5598663,
              55.72138404
            ],
            [
              12.55954365,
              55.72133801
            ],
            [
              12.55876655,
              55.72179297
            ],
            [
              12.55956537,
              55.72238635
            ],
            [
              12.55893336,
              55.72250171
            ],
            [
              12.55892251,
              55.7227359
            ],
            [
              12.55505698,
              55.72303607
            ],
            [
              12.55441282,
              55.72293388
            ],
            [
              12.5540467,
              55.72329462
            ],
            [
              12.55205956,
              55.72343309
            ],
            [
              12.55033331,
              55.72384983
            ],
            [
              12.54978809,
              55.72380392
            ],
            [
              12.54813745,
              55.72302875
            ],
            [
              12.54710877,
              55.72299204
            ],
            [
              12.54684729,
              55.72274046
            ],
            [
              12.54611467,
              55.72269726
            ],
            [
              12.54486002,
              55.72338864
            ],
            [
              12.54349027,
              55.72360175
            ],
            [
              12.54376616,
              55.72364692
            ],
            [
              12.542555,
              55.7236078
            ],
            [
              12.54093596,
              55.72405188
            ],
            [
              12.53975355,
              55.72373406
            ],
            [
              12.538922,
              55.72632138
            ]
          ]
        ]
      }
    },
    {
      "type": "Feature",
      "properties": {
        "postnummernavn": "Herlev",
        "source": "Dataforsyningen postnumre"
      },
      "geometry": {
        "type": "Polygon",
        "coordinates": [
          [
            [
              12.45865819,
              55.71682297
            ],
            [
              12.45917923,
              55.71626724
            ],
            [
              12.45872961,
              55.7162604
            ],
            [
              12.45787688,
              55.71448356
            ],
            [
              12.45711101,
              55.71401431
            ],
            [
              12.45485894,
              55.71333335
            ],
            [
              12.45304636,
              55.71222846
            ],
            [
              12.45241499,
              55.71497689
            ],
            [
              12.44622756,
              55.71486591
            ],
            [
              12.43454851,
              55.71296438
            ],
            [
              12.4287092,
              55.70763899
            ],
            [
              12.42628986,
              55.7085684
            ],
            [
              12.42483114,
              55.70867917
            ],
            [
              12.42412086,
              55.71053222
            ],
            [
              12.42543455,
              55.71380468
            ],
            [
              12.42603287,
              55.71416399
            ],
            [
              12.42622911,
              55.71494569
            ],
            [
              12.42600418,
              55.71648309
            ],
            [
              12.42612508,
              55.71698853
            ],
            [
              12.42541469,
              55.71780481
            ],
            [
              12.42514235,
              55.71854708
            ],
            [
              12.42459711,
              55.71885803
            ],
            [
              12.4235999,
              55.71904293
            ],
            [
              12.42214812,
              55.72023287
            ],
            [
              12.42171727,
              55.72080117
            ],
            [
              12.41980848,
              55.72164687
            ],
            [
              12.41931455,
              55.72238685
            ],
            [
              12.41920311,
              55.723149
            ],
            [
              12.41832207,
              55.7233522
            ],
            [
              12.41740939,
              55.72319897
            ],
            [
              12.41672793,
              55.7236461
            ],
            [
              12.41653171,
              55.7240622
            ],
            [
              12.41600131,
              55.72446259
            ],
            [
              12.41484223,
              55.72506148
            ],
            [
              12.41426787,
              55.72627392
            ],
            [
              12.41309775,
              55.72687319
            ],
            [
              12.41355725,
              55.72753744
            ],
            [
              12.41268436,
              55.72784629
            ],
            [
              12.41282269,
              55.728104
            ],
            [
              12.41231958,
              55.72821572
            ],
            [
              12.41241094,
              55.72836432
            ],
            [
              12.41155611,
              55.72845328
            ],
            [
              12.4109174,
              55.72887716
            ],
            [
              12.40947283,
              55.72912824
            ],
            [
              12.40756591,
              55.72912213
            ],
            [
              12.40717774,
              55.72925501
            ],
            [
              12.40662544,
              55.72986663
            ],
            [
              12.40652426,
              55.73001105
            ],
            [
              12.4067557,
              55.73039952
            ],
            [
              12.40734459,
              55.73072457
            ],
            [
              12.40767277,
              55.73182937
            ],
            [
              12.40835683,
              55.73308442
            ],
            [
              12.40927685,
              55.73391482
            ],
            [
              12.40948102,
              55.73445213
            ],
            [
              12.40644497,
              55.73478405
            ],
            [
              12.40275228,
              55.73465964
            ],
            [
              12.40230747,
              55.73797478
            ],
            [
              12.40037691,
              55.73768923
            ],
            [
              12.39998262,
              55.74007669
            ],
            [
              12.40018152,
              55.74023239
            ],
            [
              12.40006187,
              55.74279628
            ],
            [
              12.39972479,
              55.74359306
            ],
            [
              12.3987426,
              55.74524478
            ],
            [
              12.39728693,
              55.74624632
            ],
            [
              12.39337347,
              55.75125399
            ],
            [
              12.39322574,
              55.75172417
            ],
            [
              12.39343288,
              55.75293
            ],
            [
              12.39192828,
              55.75582113
            ],
            [
              12.39186118,
              55.75656825
            ],
            [
              12.39388836,
              55.75664394
            ],
            [
              12.39457865,
              55.75914578
            ],
            [
              12.3948426,
              55.75972758
            ],
            [
              12.39510591,
              55.75986011
            ],
            [
              12.39570371,
              55.75908113
            ],
            [
              12.3979837,
              55.75798012
            ],
            [
              12.40122016,
              55.75682523
            ],
            [
              12.40589364,
              55.75327651
            ],
            [
              12.40765258,
              55.75264399
            ],
            [
              12.4102119,
              55.75240722
            ],
            [
              12.41336844,
              55.75308643
            ],
            [
              12.42086835,
              55.75307259
            ],
            [
              12.42564491,
              55.75286611
            ],
            [
              12.42967661,
              55.75229157
            ],
            [
              12.43461033,
              55.75229281
            ],
            [
              12.43601125,
              55.75145986
            ],
            [
              12.43812304,
              55.75075642
            ],
            [
              12.43804252,
              55.75018404
            ],
            [
              12.43900104,
              55.74875887
            ],
            [
              12.44015012,
              55.74830687
            ],
            [
              12.44171514,
              55.74793158
            ],
            [
              12.44384814,
              55.74801589
            ],
            [
              12.44500097,
              55.74842042
            ],
            [
              12.44573473,
              55.74825588
            ],
            [
              12.44571761,
              55.74738079
            ],
            [
              12.44610215,
              55.7461042
            ],
            [
              12.44716082,
              55.74503967
            ],
            [
              12.44559456,
              55.74273404
            ],
            [
              12.44546122,
              55.74030825
            ],
            [
              12.44857143,
              55.7370779
            ],
            [
              12.44885022,
              55.73657132
            ],
            [
              12.44864235,
              55.73588636
            ],
            [
              12.44880407,
              55.73503762
            ],
            [
              12.44920613,
              55.73431197
            ],
            [
              12.45091679,
              55.7322732
            ],
            [
              12.45140544,
              55.73066692
            ],
            [
              12.45294848,
              55.72997272
            ],
            [
              12.45350285,
              55.7278402
            ],
            [
              12.45311856,
              55.72684677
            ],
            [
              12.45305563,
              55.72608221
            ],
            [
              12.45367919,
              55.72529591
            ],
            [
              12.45333262,
              55.72343277
            ],
            [
              12.45598278,
              55.72028006
            ],
            [
              12.45750179,
              55.71879362
            ],
            [
              12.45865819,
              55.71682297
            ]
          ]
        ]
      }
    },
    {
      "type": "Feature",
      "properties": {
        "postnummernavn": "Holte",
        "source": "Dataforsyningen postnumre"
      },
      "geometry": {
        "type": "MultiPolygon",
        "coordinates": [
          [
            [
              [
                12.48669896,
                55.79953906
              ],
              [
                12.48388925,
                55.79893526
              ],
              [
                12.483311591186375,
                55.8
              ],
              [
                12.487487603593104,
                55.8
              ],
              [
                12.48669896,
                55.79953906
              ]
            ]
          ],
          [
            [
              [
                12.46225783,
                55.79996444
              ],
              [
                12.46229895,
                55.79969426
              ],
              [
                12.46180831,
                55.79969281
              ],
              [
                12.46176285,
                55.79995385
              ],
              [
                12.46127156,
                55.79994332
              ],
              [
                12.46131671,
                55.79969147
              ],
              [
                12.45995838,
                55.79967768
              ],
              [
                12.46004355,
                55.79927418
              ],
              [
                12.4597391,
                55.79922143
              ],
              [
                12.45919197,
                55.79940183
              ],
              [
                12.45917994,
                55.79969429
              ],
              [
                12.45799562,
                55.79963224
              ],
              [
                12.457860616216815,
                55.8
              ],
              [
                12.46274863,
                55.79997479
              ],
              [
                12.46225783,
                55.79996444
              ]
            ]
          ],
          [
            [
              [
                12.429527282491646,
                55.799527282491646
              ],
              [
                12.43,
                55.8
              ],
              [
                12.431244897359202,
                55.8
              ],
              [
                12.43010488,
                55.79972111
              ],
              [
                12.429527282491646,
                55.799527282491646
              ]
            ]
          ],
          [
            [
              [
                12.449539829353686,
                55.8
              ],
              [
                12.44644306,
                55.79959844
              ],
              [
                12.43918152,
                55.79968994
              ],
              [
                12.439435265552357,
                55.8
              ],
              [
                12.449539829353686,
                55.8
              ]
            ]
          ],
          [
            [
              [
                12.45367846,
                55.79981206
              ],
              [
                12.453101,
                55.79970997
              ],
              [
                12.452937453005243,
                55.8
              ],
              [
                12.453572730439687,
                55.8
              ],
              [
                12.45367846,
                55.79981206
              ]
            ]
          ],
          [
            [
              [
                12.43299794,
                55.79995237
              ],
              [
                12.431680479449195,
                55.8
              ],
              [
                12.433060966310496,
                55.8
              ],
              [
                12.43299794,
                55.79995237
              ]
            ]
          ]
        ]
      }
    },
    {
      "type": "Feature",
      "properties": {
        "postnummernavn": "Hvidovre",
        "source": "Dataforsyningen postnumre"
      },
      "geometry": {
        "type": "Polygon",
        "coordinates": [
          [
            [
              12.41838299,
              55.59199644
            ],
            [
              12.42306364,
              55.59881756
            ],
            [
              12.42999684,
              55.60542702
            ],
            [
              12.43769421,
              55.61087629
            ],
            [
              12.43882281,
              55.61138167
            ],
            [
              12.43880412,
              55.61180479
            ],
            [
              12.44457473,
              55.61192277
            ],
            [
              12.44339937,
              55.61482199
            ],
            [
              12.44357149,
              55.61517582
            ],
            [
              12.44286643,
              55.61511966
            ],
            [
              12.44242393,
              55.61561358
            ],
            [
              12.44192254,
              55.61707007
            ],
            [
              12.44110356,
              55.61702321
            ],
            [
              12.44094244,
              55.61736554
            ],
            [
              12.44463001,
              55.61767697
            ],
            [
              12.44935697,
              55.61836535
            ],
            [
              12.44907291,
              55.61910498
            ],
            [
              12.44791623,
              55.62006877
            ],
            [
              12.44539175,
              55.62162804
            ],
            [
              12.44502619,
              55.6216866
            ],
            [
              12.44425898,
              55.62242262
            ],
            [
              12.44233306,
              55.62189473
            ],
            [
              12.43934686,
              55.62532176
            ],
            [
              12.43775571,
              55.62684881
            ],
            [
              12.43615375,
              55.6280289
            ],
            [
              12.43349961,
              55.62944139
            ],
            [
              12.43019837,
              55.63181817
            ],
            [
              12.42935799,
              55.63275332
            ],
            [
              12.42846942,
              55.63428684
            ],
            [
              12.42590762,
              55.64042662
            ],
            [
              12.42697069,
              55.64176565
            ],
            [
              12.42723954,
              55.64234976
            ],
            [
              12.42711263,
              55.64280567
            ],
            [
              12.42793643,
              55.64314894
            ],
            [
              12.43583342,
              55.64507235
            ],
            [
              12.4441097,
              55.64659115
            ],
            [
              12.45308986,
              55.6477158
            ],
            [
              12.45995499,
              55.64818488
            ],
            [
              12.4561278,
              55.65391059
            ],
            [
              12.45490543,
              55.65672707
            ],
            [
              12.45485488,
              55.65692756
            ],
            [
              12.45500317,
              55.65694811
            ],
            [
              12.45459809,
              55.65879701
            ],
            [
              12.45464097,
              55.65999588
            ],
            [
              12.45572263,
              55.66455199
            ],
            [
              12.4606907,
              55.6645212
            ],
            [
              12.46072852,
              55.66496907
            ],
            [
              12.463235,
              55.66486449
            ],
            [
              12.46325395,
              55.66505727
            ],
            [
              12.46544263,
              55.66473
            ],
            [
              12.47230743,
              55.66467856
            ],
            [
              12.47440553,
              55.66469761
            ],
            [
              12.47460517,
              55.66504199
            ],
            [
              12.47482365,
              55.66503922
            ],
            [
              12.47481255,
              55.66470073
            ],
            [
              12.47858441,
              55.66457822
            ],
            [
              12.47854206,
              55.66402788
            ],
            [
              12.47817492,
              55.66354053
            ],
            [
              12.4784439,
              55.6630729
            ],
            [
              12.47816148,
              55.6630756
            ],
            [
              12.4780628,
              55.66152342
            ],
            [
              12.47756663,
              55.66051022
            ],
            [
              12.47789112,
              55.66054273
            ],
            [
              12.47794202,
              55.66036533
            ],
            [
              12.47750199,
              55.66032143
            ],
            [
              12.47731142,
              55.65898064
            ],
            [
              12.4774573,
              55.65795606
            ],
            [
              12.47780689,
              55.65710139
            ],
            [
              12.47850825,
              55.65637206
            ],
            [
              12.48165238,
              55.65409464
            ],
            [
              12.48278403,
              55.65400153
            ],
            [
              12.48377316,
              55.65352178
            ],
            [
              12.48469862,
              55.65398587
            ],
            [
              12.48482621,
              55.6539042
            ],
            [
              12.48398207,
              55.6533656
            ],
            [
              12.48474633,
              55.65282165
            ],
            [
              12.48627021,
              55.6528444
            ],
            [
              12.48690602,
              55.65250155
            ],
            [
              12.48672138,
              55.6521332
            ],
            [
              12.48627842,
              55.6518855
            ],
            [
              12.48767412,
              55.65092569
            ],
            [
              12.48864265,
              55.64936571
            ],
            [
              12.48853743,
              55.64915893
            ],
            [
              12.48923872,
              55.64862546
            ],
            [
              12.49009899,
              55.64756874
            ],
            [
              12.49048653,
              55.64647126
            ],
            [
              12.49158703,
              55.64594538
            ],
            [
              12.49421443,
              55.64545465
            ],
            [
              12.4972123,
              55.6433144
            ],
            [
              12.49721857,
              55.64304789
            ],
            [
              12.49864251,
              55.64259077
            ],
            [
              12.5003047,
              55.64170412
            ],
            [
              12.50060163,
              55.6419921
            ],
            [
              12.50099035,
              55.64185691
            ],
            [
              12.50065982,
              55.6415397
            ],
            [
              12.50129986,
              55.64111966
            ],
            [
              12.50151953,
              55.64131857
            ],
            [
              12.50182725,
              55.64103311
            ],
            [
              12.50150508,
              55.64081141
            ],
            [
              12.50251152,
              55.63911148
            ],
            [
              12.50662099,
              55.63578685
            ],
            [
              12.50976875,
              55.63224477
            ],
            [
              12.51362255,
              55.6295898
            ],
            [
              12.51889937,
              55.62782843
            ],
            [
              12.52006369,
              55.62702126
            ],
            [
              12.52067071,
              55.62293213
            ],
            [
              12.51586578,
              55.62123031
            ],
            [
              12.50590883,
              55.61724407
            ],
            [
              12.50506331,
              55.61469027
            ],
            [
              12.50454447,
              55.61371928
            ],
            [
              12.50686687,
              55.60876849
            ],
            [
              12.50120834,
              55.60090982
            ],
            [
              12.50126098,
              55.596196
            ],
            [
              12.5043218,
              55.57324895
            ],
            [
              12.498987971974278,
              55.569608217204994
            ],
            [
              12.43,
              55.583
            ],
            [
              12.421238375697843,
              55.583
            ],
            [
              12.41838299,
              55.59199644
            ]
          ]
        ]
      }
    },
    {
      "type": "Feature",
      "properties": {
        "postnummernavn": "Ish\u00f8j",
        "source": "Dataforsyningen postnumre"
      },
      "geometry": {
        "type": "Polygon",
        "coordinates": [
          [
            [
              12.33,
              55.63647511340927
            ],
            [
              12.33253905,
              55.63601209
            ],
            [
              12.33595809,
              55.6365587
            ],
            [
              12.33732969,
              55.63653099
            ],
            [
              12.33925976,
              55.6360544
            ],
            [
              12.34070287,
              55.63607702
            ],
            [
              12.34662457,
              55.63758134
            ],
            [
              12.35270901,
              55.63178764
            ],
            [
              12.35462551,
              55.63018334
            ],
            [
              12.35605348,
              55.62862142
            ],
            [
              12.35794137,
              55.62764237
            ],
            [
              12.36396551,
              55.6258762
            ],
            [
              12.36736961,
              55.62403753
            ],
            [
              12.36915116,
              55.62228276
            ],
            [
              12.37049639,
              55.62162286
            ],
            [
              12.37211151,
              55.62032488
            ],
            [
              12.37337865,
              55.61993521
            ],
            [
              12.37469755,
              55.61879164
            ],
            [
              12.37479886,
              55.6180852
            ],
            [
              12.37706051,
              55.61736195
            ],
            [
              12.37812258,
              55.61609765
            ],
            [
              12.37865542,
              55.61492939
            ],
            [
              12.3810841,
              55.61429082
            ],
            [
              12.38309132,
              55.61289016
            ],
            [
              12.3853365,
              55.61189261
            ],
            [
              12.39610821,
              55.6095856
            ],
            [
              12.40035199,
              55.6095373
            ],
            [
              12.40245063,
              55.60981396
            ],
            [
              12.40605288,
              55.60331981
            ],
            [
              12.40769457,
              55.60126092
            ],
            [
              12.41585443,
              55.59493854
            ],
            [
              12.41838299,
              55.59199644
            ],
            [
              12.421238375697843,
              55.583
            ],
            [
              12.371626709053238,
              55.583
            ],
            [
              12.36580039,
              55.58924141
            ],
            [
              12.36334344,
              55.59393494
            ],
            [
              12.36154357,
              55.59567575
            ],
            [
              12.36000617,
              55.59602417
            ],
            [
              12.35938182,
              55.59747223
            ],
            [
              12.3574931,
              55.59903938
            ],
            [
              12.3604944,
              55.60030314
            ],
            [
              12.36062449,
              55.60067837
            ],
            [
              12.35973264,
              55.6008956
            ],
            [
              12.35656747,
              55.60108316
            ],
            [
              12.35593977,
              55.60145371
            ],
            [
              12.35540326,
              55.60226708
            ],
            [
              12.34507049,
              55.60363883
            ],
            [
              12.34318581,
              55.6047933
            ],
            [
              12.34255469,
              55.60586085
            ],
            [
              12.34200826,
              55.60631713
            ],
            [
              12.34106908,
              55.60663406
            ],
            [
              12.3387461,
              55.60694086
            ],
            [
              12.33713953,
              55.60784894
            ],
            [
              12.33570755,
              55.60781592
            ],
            [
              12.33411978,
              55.60751388
            ],
            [
              12.33258574,
              55.60817573
            ],
            [
              12.33,
              55.608454015878976
            ],
            [
              12.33,
              55.63647511340927
            ]
          ]
        ]
      }
    },
    {
      "type": "Feature",
      "properties": {
        "postnummernavn": "Kastrup",
        "source": "Dataforsyningen postnumre"
      },
      "geometry": {
        "type": "Polygon",
        "coordinates": [
          [
            [
              12.5043218,
              55.57324895
            ],
            [
              12.50126098,
              55.596196
            ],
            [
              12.50120834,
              55.60090982
            ],
            [
              12.50686687,
              55.60876849
            ],
            [
              12.50454447,
              55.61371928
            ],
            [
              12.50506331,
              55.61469027
            ],
            [
              12.50590883,
              55.61724407
            ],
            [
              12.51528738,
              55.6154874
            ],
            [
              12.56929761,
              55.61549989
            ],
            [
              12.57183951,
              55.61575123
            ],
            [
              12.57932552,
              55.61832652
            ],
            [
              12.5812852,
              55.62467083
            ],
            [
              12.58110533,
              55.62468679
            ],
            [
              12.58223066,
              55.62843219
            ],
            [
              12.58750132,
              55.62792487
            ],
            [
              12.58766895,
              55.62910941
            ],
            [
              12.5916067,
              55.62875874
            ],
            [
              12.59271827,
              55.62895634
            ],
            [
              12.59293603,
              55.63051113
            ],
            [
              12.59216575,
              55.63058515
            ],
            [
              12.59229508,
              55.6310011
            ],
            [
              12.59305065,
              55.63093983
            ],
            [
              12.59343199,
              55.63373997
            ],
            [
              12.59231652,
              55.63796398
            ],
            [
              12.59290311,
              55.63795865
            ],
            [
              12.59279486,
              55.63829884
            ],
            [
              12.59898554,
              55.63829334
            ],
            [
              12.59899033,
              55.63795421
            ],
            [
              12.59982017,
              55.63800447
            ],
            [
              12.61694085,
              55.64039496
            ],
            [
              12.61710593,
              55.64020602
            ],
            [
              12.61824053,
              55.64037952
            ],
            [
              12.61845275,
              55.63979705
            ],
            [
              12.61896711,
              55.63989759
            ],
            [
              12.61943906,
              55.63934242
            ],
            [
              12.62091797,
              55.63964295
            ],
            [
              12.6210502,
              55.64000232
            ],
            [
              12.62729435,
              55.6414114
            ],
            [
              12.6259664,
              55.64378754
            ],
            [
              12.63398593,
              55.64513953
            ],
            [
              12.63432724,
              55.64440483
            ],
            [
              12.64689594,
              55.64616061
            ],
            [
              12.680472511614136,
              55.65579282395961
            ],
            [
              12.698501438801939,
              55.60428160342303
            ],
            [
              12.68859424,
              55.60545709
            ],
            [
              12.67889571,
              55.60891683
            ],
            [
              12.65806421,
              55.61800448
            ],
            [
              12.63332217,
              55.6148337
            ],
            [
              12.63278967,
              55.61107067
            ],
            [
              12.63252193,
              55.60998697
            ],
            [
              12.6323761,
              55.60998707
            ],
            [
              12.6330271,
              55.60864665
            ],
            [
              12.63244862,
              55.60865769
            ],
            [
              12.6318785,
              55.60519494
            ],
            [
              12.6324358,
              55.60214557
            ],
            [
              12.63147684,
              55.60165669
            ],
            [
              12.62489824,
              55.60340224
            ],
            [
              12.62353122,
              55.60427706
            ],
            [
              12.62306748,
              55.60410734
            ],
            [
              12.62234849,
              55.60340043
            ],
            [
              12.62173232,
              55.60195016
            ],
            [
              12.6216081,
              55.60081355
            ],
            [
              12.62195277,
              55.59724314
            ],
            [
              12.62176604,
              55.59630675
            ],
            [
              12.62196251,
              55.59633807
            ],
            [
              12.62133247,
              55.59474452
            ],
            [
              12.60437445,
              55.59446831
            ],
            [
              12.60507752,
              55.59858779
            ],
            [
              12.6027042,
              55.5987051
            ],
            [
              12.60209946,
              55.59827419
            ],
            [
              12.59705192,
              55.59941758
            ],
            [
              12.5961921,
              55.60008521
            ],
            [
              12.59422188,
              55.59740203
            ],
            [
              12.59427898,
              55.59716872
            ],
            [
              12.59698589,
              55.59600276
            ],
            [
              12.59708862,
              55.5957807
            ],
            [
              12.58996274,
              55.59460232
            ],
            [
              12.58825299,
              55.59783304
            ],
            [
              12.57659454,
              55.59586537
            ],
            [
              12.57608892,
              55.59602751
            ],
            [
              12.57606875,
              55.60038349
            ],
            [
              12.57409341,
              55.60056703
            ],
            [
              12.57170981,
              55.5935249
            ],
            [
              12.5648674,
              55.57984678
            ],
            [
              12.5633083,
              55.57563488
            ],
            [
              12.55922175,
              55.57491372
            ],
            [
              12.55493086,
              55.57196146
            ],
            [
              12.53501503528469,
              55.562614728444736
            ],
            [
              12.516449349058853,
              55.566218655770925
            ],
            [
              12.5043218,
              55.57324895
            ]
          ]
        ]
      }
    },
    {
      "type": "Feature",
      "properties": {
        "postnummernavn": "Klampenborg",
        "source": "Dataforsyningen postnumre"
      },
      "geometry": {
        "type": "Polygon",
        "coordinates": [
          [
            [
              12.63856458001243,
              55.77552977139306
            ],
            [
              12.60881162,
              55.76912015
            ],
            [
              12.60301653,
              55.7667981
            ],
            [
              12.59849432,
              55.76546112
            ],
            [
              12.59801181,
              55.76520982
            ],
            [
              12.59828144,
              55.76388076
            ],
            [
              12.59730528,
              55.76365283
            ],
            [
              12.5969375,
              55.76316141
            ],
            [
              12.59661376,
              55.76310778
            ],
            [
              12.59656332,
              55.76341183
            ],
            [
              12.59624412,
              55.76338332
            ],
            [
              12.59629632,
              55.76313641
            ],
            [
              12.59573563,
              55.7630764
            ],
            [
              12.5956939,
              55.76359097
            ],
            [
              12.59542087,
              55.76356506
            ],
            [
              12.59559155,
              55.76305311
            ],
            [
              12.59452818,
              55.76292545
            ],
            [
              12.59466963,
              55.76270893
            ],
            [
              12.59437657,
              55.76267677
            ],
            [
              12.59424937,
              55.76315715
            ],
            [
              12.59408116,
              55.76314203
            ],
            [
              12.59359128,
              55.76298139
            ],
            [
              12.59326408,
              55.76263381
            ],
            [
              12.59345012,
              55.76258116
            ],
            [
              12.59248455,
              55.76226485
            ],
            [
              12.5914982,
              55.7631714
            ],
            [
              12.58755339,
              55.76253585
            ],
            [
              12.58706073,
              55.76360947
            ],
            [
              12.5865147,
              55.7637782
            ],
            [
              12.58711892,
              55.76399442
            ],
            [
              12.58721111,
              55.76442657
            ],
            [
              12.5874776,
              55.76441078
            ],
            [
              12.58779002,
              55.76617995
            ],
            [
              12.58740147,
              55.76620227
            ],
            [
              12.58743836,
              55.76640567
            ],
            [
              12.58687657,
              55.76643809
            ],
            [
              12.58699626,
              55.76711725
            ],
            [
              12.58774537,
              55.76706991
            ],
            [
              12.58778248,
              55.76725325
            ],
            [
              12.58702892,
              55.76729559
            ],
            [
              12.58715647,
              55.7679577
            ],
            [
              12.58533741,
              55.76777247
            ],
            [
              12.58574593,
              55.7683352
            ],
            [
              12.58524869,
              55.76821466
            ],
            [
              12.58417354,
              55.76833669
            ],
            [
              12.58442934,
              55.7678675
            ],
            [
              12.58348494,
              55.76762091
            ],
            [
              12.58290234,
              55.76819109
            ],
            [
              12.58261862,
              55.76802645
            ],
            [
              12.58228756,
              55.7681852
            ],
            [
              12.58253801,
              55.76833668
            ],
            [
              12.58158138,
              55.76844166
            ],
            [
              12.58168037,
              55.76832808
            ],
            [
              12.58089046,
              55.76817093
            ],
            [
              12.5802975,
              55.76857837
            ],
            [
              12.57897553,
              55.76860954
            ],
            [
              12.57937606,
              55.76877321
            ],
            [
              12.578633,
              55.76894431
            ],
            [
              12.57778836,
              55.77004982
            ],
            [
              12.5770413,
              55.7698958
            ],
            [
              12.57691552,
              55.77011931
            ],
            [
              12.57708147,
              55.77025214
            ],
            [
              12.5763858,
              55.77015246
            ],
            [
              12.57627066,
              55.76983598
            ],
            [
              12.57600024,
              55.76992244
            ],
            [
              12.57578026,
              55.7693862
            ],
            [
              12.57270865,
              55.76927106
            ],
            [
              12.57243723,
              55.7694703
            ],
            [
              12.57340696,
              55.77022184
            ],
            [
              12.57133488,
              55.77027
            ],
            [
              12.57079348,
              55.77024708
            ],
            [
              12.57123858,
              55.7700614
            ],
            [
              12.56842136,
              55.76861743
            ],
            [
              12.565504,
              55.76817159
            ],
            [
              12.56488503,
              55.76870452
            ],
            [
              12.5649943,
              55.76885483
            ],
            [
              12.56371309,
              55.76874735
            ],
            [
              12.5618309,
              55.76894404
            ],
            [
              12.55998562,
              55.76918531
            ],
            [
              12.55843054,
              55.76965318
            ],
            [
              12.55708764,
              55.77040513
            ],
            [
              12.55647872,
              55.7714052
            ],
            [
              12.55652537,
              55.77166496
            ],
            [
              12.5561614,
              55.77178268
            ],
            [
              12.55339493,
              55.77187519
            ],
            [
              12.55027794,
              55.77225471
            ],
            [
              12.54716787,
              55.77356512
            ],
            [
              12.56204474,
              55.78380986
            ],
            [
              12.55977699,
              55.78525674
            ],
            [
              12.55923019,
              55.78653861
            ],
            [
              12.56864396,
              55.79342997
            ],
            [
              12.57523423,
              55.79289302
            ],
            [
              12.57975725,
              55.7960133
            ],
            [
              12.578519174833515,
              55.8
            ],
            [
              12.63,
              55.8
            ],
            [
              12.63856458001243,
              55.77552977139306
            ]
          ]
        ]
      }
    },
    {
      "type": "Feature",
      "properties": {
        "postnummernavn": "Kongens Lyngby",
        "source": "Dataforsyningen postnumre"
      },
      "geometry": {
        "type": "Polygon",
        "coordinates": [
          [
            [
              12.57975725,
              55.7960133
            ],
            [
              12.57523423,
              55.79289302
            ],
            [
              12.56864396,
              55.79342997
            ],
            [
              12.56711267,
              55.79232353
            ],
            [
              12.55923019,
              55.78653861
            ],
            [
              12.55977699,
              55.78525674
            ],
            [
              12.56204474,
              55.78380986
            ],
            [
              12.54716787,
              55.77356512
            ],
            [
              12.54808994,
              55.77293946
            ],
            [
              12.54739091,
              55.77327428
            ],
            [
              12.54584016,
              55.77353334
            ],
            [
              12.54203885,
              55.77340577
            ],
            [
              12.53920494,
              55.77368135
            ],
            [
              12.53101414,
              55.76946672
            ],
            [
              12.52912419,
              55.76944912
            ],
            [
              12.52635071,
              55.76841089
            ],
            [
              12.52674968,
              55.76796335
            ],
            [
              12.52611175,
              55.76630672
            ],
            [
              12.52429363,
              55.76499527
            ],
            [
              12.52329701,
              55.76403607
            ],
            [
              12.52174155,
              55.76462046
            ],
            [
              12.52133274,
              55.76386341
            ],
            [
              12.51786427,
              55.76324829
            ],
            [
              12.51769865,
              55.76307393
            ],
            [
              12.51778723,
              55.76262361
            ],
            [
              12.51758286,
              55.76244217
            ],
            [
              12.51658729,
              55.76263713
            ],
            [
              12.51636053,
              55.76225843
            ],
            [
              12.51656877,
              55.76136788
            ],
            [
              12.51629394,
              55.76034235
            ],
            [
              12.51652559,
              55.75972223
            ],
            [
              12.51695408,
              55.75956141
            ],
            [
              12.51607045,
              55.75904211
            ],
            [
              12.51573485,
              55.75907114
            ],
            [
              12.51572938,
              55.7594689
            ],
            [
              12.51499103,
              55.76015722
            ],
            [
              12.51339709,
              55.76075313
            ],
            [
              12.51247138,
              55.76136083
            ],
            [
              12.51217874,
              55.76187623
            ],
            [
              12.5119877,
              55.76294494
            ],
            [
              12.50882204,
              55.7625857
            ],
            [
              12.50653776,
              55.76162387
            ],
            [
              12.50620038,
              55.76131926
            ],
            [
              12.50367138,
              55.76039377
            ],
            [
              12.50170127,
              55.76025585
            ],
            [
              12.50093113,
              55.7599633
            ],
            [
              12.50029511,
              55.7593791
            ],
            [
              12.50026391,
              55.75895829
            ],
            [
              12.49971847,
              55.75877405
            ],
            [
              12.49939964,
              55.7582325
            ],
            [
              12.50045832,
              55.75726585
            ],
            [
              12.50045874,
              55.75640635
            ],
            [
              12.49475612,
              55.75552133
            ],
            [
              12.48621469,
              55.75243728
            ],
            [
              12.47980689,
              55.75111745
            ],
            [
              12.47831845,
              55.75249836
            ],
            [
              12.47706888,
              55.7539865
            ],
            [
              12.47471808,
              55.75602775
            ],
            [
              12.47425726,
              55.75607586
            ],
            [
              12.47388596,
              55.75633435
            ],
            [
              12.47417902,
              55.75630753
            ],
            [
              12.4712357,
              55.75813872
            ],
            [
              12.47372363,
              55.75853454
            ],
            [
              12.47360551,
              55.75876968
            ],
            [
              12.4734129,
              55.75873944
            ],
            [
              12.47332078,
              55.75892268
            ],
            [
              12.4734761,
              55.75902313
            ],
            [
              12.47298479,
              55.75962857
            ],
            [
              12.47303187,
              55.75990687
            ],
            [
              12.47364626,
              55.76000349
            ],
            [
              12.47348325,
              55.7603273
            ],
            [
              12.47298373,
              55.760364
            ],
            [
              12.47283823,
              55.76068758
            ],
            [
              12.47153874,
              55.76054037
            ],
            [
              12.47174922,
              55.76095431
            ],
            [
              12.4726915,
              55.76099915
            ],
            [
              12.47299407,
              55.76129386
            ],
            [
              12.47291479,
              55.76145301
            ],
            [
              12.4722257,
              55.76142044
            ],
            [
              12.4721803,
              55.76178659
            ],
            [
              12.47180417,
              55.76176567
            ],
            [
              12.47172469,
              55.76193704
            ],
            [
              12.47265332,
              55.76198064
            ],
            [
              12.47240937,
              55.76265137
            ],
            [
              12.47202316,
              55.76262121
            ],
            [
              12.47182805,
              55.76343244
            ],
            [
              12.4722671,
              55.76357782
            ],
            [
              12.47222371,
              55.76370313
            ],
            [
              12.47280633,
              55.76368944
            ],
            [
              12.47247616,
              55.76406517
            ],
            [
              12.47311187,
              55.76408882
            ],
            [
              12.4730575,
              55.7649707
            ],
            [
              12.47279974,
              55.76528568
            ],
            [
              12.47175426,
              55.76544616
            ],
            [
              12.47150453,
              55.76716922
            ],
            [
              12.47120678,
              55.76725182
            ],
            [
              12.47080051,
              55.76683352
            ],
            [
              12.46920646,
              55.76627597
            ],
            [
              12.46582508,
              55.76602144
            ],
            [
              12.46536799,
              55.76809569
            ],
            [
              12.46389985,
              55.76854299
            ],
            [
              12.45922614,
              55.77072666
            ],
            [
              12.45853734,
              55.77144388
            ],
            [
              12.45836788,
              55.77269197
            ],
            [
              12.4553362,
              55.773216
            ],
            [
              12.45214833,
              55.7740327
            ],
            [
              12.45110981,
              55.77405362
            ],
            [
              12.44960248,
              55.77356765
            ],
            [
              12.44819813,
              55.77337656
            ],
            [
              12.44417622,
              55.77436384
            ],
            [
              12.44372294,
              55.77484886
            ],
            [
              12.44170842,
              55.77539914
            ],
            [
              12.43944862,
              55.77664193
            ],
            [
              12.4378575,
              55.77668352
            ],
            [
              12.43716112,
              55.77688032
            ],
            [
              12.43396082,
              55.7766717
            ],
            [
              12.43126867,
              55.77621666
            ],
            [
              12.42695805,
              55.77493684
            ],
            [
              12.42452977,
              55.7749723
            ],
            [
              12.4232455,
              55.77552322
            ],
            [
              12.42067379,
              55.77564065
            ],
            [
              12.41760506,
              55.77455149
            ],
            [
              12.41656457,
              55.77451373
            ],
            [
              12.41447408,
              55.77519685
            ],
            [
              12.41554223,
              55.77641044
            ],
            [
              12.41359661,
              55.77749978
            ],
            [
              12.41471893,
              55.77825107
            ],
            [
              12.41524139,
              55.77979426
            ],
            [
              12.41613721,
              55.78111136
            ],
            [
              12.41504365,
              55.78359249
            ],
            [
              12.41697107,
              55.78345427
            ],
            [
              12.4202318,
              55.78360276
            ],
            [
              12.42628063,
              55.78293964
            ],
            [
              12.43033644,
              55.78297414
            ],
            [
              12.43576614,
              55.78374908
            ],
            [
              12.43860189,
              55.78378858
            ],
            [
              12.43859831,
              55.78361047
            ],
            [
              12.43916007,
              55.78339477
            ],
            [
              12.44155833,
              55.78332426
            ],
            [
              12.44259174,
              55.78371798
            ],
            [
              12.44259507,
              55.78395993
            ],
            [
              12.44299112,
              55.7841157
            ],
            [
              12.44542855,
              55.78202476
            ],
            [
              12.44665633,
              55.78229979
            ],
            [
              12.44676463,
              55.78210982
            ],
            [
              12.44696133,
              55.78256079
            ],
            [
              12.44633748,
              55.78334794
            ],
            [
              12.44689418,
              55.78347447
            ],
            [
              12.44966162,
              55.7826317
            ],
            [
              12.44927522,
              55.78209265
            ],
            [
              12.44956059,
              55.78199454
            ],
            [
              12.44942786,
              55.78165013
            ],
            [
              12.45035829,
              55.78122388
            ],
            [
              12.44977443,
              55.78066025
            ],
            [
              12.45021799,
              55.78049287
            ],
            [
              12.44934787,
              55.77976619
            ],
            [
              12.45166426,
              55.77892641
            ],
            [
              12.45469982,
              55.77849291
            ],
            [
              12.46032945,
              55.77857321
            ],
            [
              12.46187073,
              55.77826587
            ],
            [
              12.46194947,
              55.77858509
            ],
            [
              12.46630596,
              55.77873805
            ],
            [
              12.46632916,
              55.77893278
            ],
            [
              12.47436249,
              55.77927976
            ],
            [
              12.47545146,
              55.77909483
            ],
            [
              12.47840019,
              55.77923945
            ],
            [
              12.48076001,
              55.77897019
            ],
            [
              12.48434886,
              55.77946696
            ],
            [
              12.48527644,
              55.77937428
            ],
            [
              12.48528337,
              55.77895014
            ],
            [
              12.48670853,
              55.7784682
            ],
            [
              12.48762511,
              55.77840981
            ],
            [
              12.48724689,
              55.7784031
            ],
            [
              12.48748298,
              55.77827618
            ],
            [
              12.49026652,
              55.77800459
            ],
            [
              12.486925,
              55.77991525
            ],
            [
              12.4858217,
              55.78076082
            ],
            [
              12.48608832,
              55.78248689
            ],
            [
              12.48603254,
              55.78270364
            ],
            [
              12.4857014,
              55.78263508
            ],
            [
              12.48572249,
              55.78316021
            ],
            [
              12.48703854,
              55.78798188
            ],
            [
              12.48879092,
              55.78693767
            ],
            [
              12.4895253,
              55.78701283
            ],
            [
              12.48940169,
              55.78720435
            ],
            [
              12.49147007,
              55.7874644
            ],
            [
              12.49012513,
              55.78951221
            ],
            [
              12.49363179,
              55.78991288
            ],
            [
              12.49356652,
              55.79299024
            ],
            [
              12.49315243,
              55.79377105
            ],
            [
              12.49583631,
              55.79410254
            ],
            [
              12.49666072,
              55.794751
            ],
            [
              12.49693803,
              55.79476963
            ],
            [
              12.49663632,
              55.79618169
            ],
            [
              12.49778404,
              55.79624531
            ],
            [
              12.49713041,
              55.79709716
            ],
            [
              12.49729002,
              55.7978478
            ],
            [
              12.49787006,
              55.79845592
            ],
            [
              12.4994432,
              55.79816007
            ],
            [
              12.50045127,
              55.7994814
            ],
            [
              12.501380599722877,
              55.8
            ],
            [
              12.578519174833515,
              55.8
            ],
            [
              12.57975725,
              55.7960133
            ]
          ]
        ]
      }
    },
    {
      "type": "Feature",
      "properties": {
        "postnummernavn": "K\u00f8benhavn K",
        "source": "Dataforsyningen postnumre"
      },
      "geometry": {
        "type": "MultiPolygon",
        "coordinates": [
          [
            [
              [
                12.57159903,
                55.67519161
              ],
              [
                12.57105774,
                55.6756317
              ],
              [
                12.57150982,
                55.67563885
              ],
              [
                12.57165709,
                55.67595018
              ],
              [
                12.57106616,
                55.67593169
              ],
              [
                12.57088712,
                55.67570806
              ],
              [
                12.57100382,
                55.67597388
              ],
              [
                12.57038,
                55.67661895
              ],
              [
                12.56932237,
                55.67642612
              ],
              [
                12.56929892,
                55.6768165
              ],
              [
                12.56866907,
                55.67657875
              ],
              [
                12.56849198,
                55.67669415
              ],
              [
                12.56866717,
                55.67680234
              ],
              [
                12.56860027,
                55.67762038
              ],
              [
                12.56835455,
                55.67757826
              ],
              [
                12.56811356,
                55.67784469
              ],
              [
                12.567068,
                55.67766928
              ],
              [
                12.56697324,
                55.67782382
              ],
              [
                12.56732903,
                55.67808206
              ],
              [
                12.56716351,
                55.67825987
              ],
              [
                12.56740149,
                55.67831661
              ],
              [
                12.56718747,
                55.67856831
              ],
              [
                12.56671759,
                55.67848145
              ],
              [
                12.5664965,
                55.67865549
              ],
              [
                12.56662041,
                55.6788435
              ],
              [
                12.5655607,
                55.67876282
              ],
              [
                12.5656644,
                55.67891078
              ],
              [
                12.56541866,
                55.67940132
              ],
              [
                12.56413569,
                55.67989252
              ],
              [
                12.56347674,
                55.67978984
              ],
              [
                12.56193845,
                55.68055009
              ],
              [
                12.56037168,
                55.68094358
              ],
              [
                12.55805347,
                55.68205049
              ],
              [
                12.5581023,
                55.68225849
              ],
              [
                12.55873101,
                55.6826304
              ],
              [
                12.56025282,
                55.68292809
              ],
              [
                12.56488753,
                55.68753146
              ],
              [
                12.56592727,
                55.68815197
              ],
              [
                12.56853767,
                55.69042253
              ],
              [
                12.57039356,
                55.6913871
              ],
              [
                12.57448076,
                55.68980391
              ],
              [
                12.57579057,
                55.68875253
              ],
              [
                12.57673954,
                55.68904469
              ],
              [
                12.57713457,
                55.68955434
              ],
              [
                12.57762398,
                55.68963546
              ],
              [
                12.57971964,
                55.68973697
              ],
              [
                12.58055815,
                55.68918323
              ],
              [
                12.58133169,
                55.68959117
              ],
              [
                12.58195574,
                55.68931372
              ],
              [
                12.58377982,
                55.69015376
              ],
              [
                12.58405419,
                55.69002444
              ],
              [
                12.58441428,
                55.69013243
              ],
              [
                12.58650542,
                55.69140676
              ],
              [
                12.58702545,
                55.69122367
              ],
              [
                12.58730664,
                55.69140356
              ],
              [
                12.58756331,
                55.69115255
              ],
              [
                12.58822674,
                55.6915911
              ],
              [
                12.58968886,
                55.69113783
              ],
              [
                12.59005463,
                55.6912745
              ],
              [
                12.59168798,
                55.69047765
              ],
              [
                12.59219299,
                55.68994098
              ],
              [
                12.59266688,
                55.68870996
              ],
              [
                12.59294488,
                55.68861891
              ],
              [
                12.59559076,
                55.68941627
              ],
              [
                12.59549562,
                55.68959179
              ],
              [
                12.59723162,
                55.68944952
              ],
              [
                12.59798259,
                55.68959276
              ],
              [
                12.59818317,
                55.69026109
              ],
              [
                12.59889237,
                55.69072359
              ],
              [
                12.59901308,
                55.69044553
              ],
              [
                12.59939836,
                55.69033531
              ],
              [
                12.6000128,
                55.69108617
              ],
              [
                12.59904531,
                55.69132902
              ],
              [
                12.60169257,
                55.69191652
              ],
              [
                12.60395854,
                55.6920743
              ],
              [
                12.60396377,
                55.69395795
              ],
              [
                12.60500197,
                55.69512138
              ],
              [
                12.60458348,
                55.6965044
              ],
              [
                12.60469866,
                55.69714798
              ],
              [
                12.60601855,
                55.69973203
              ],
              [
                12.60696248,
                55.70066685
              ],
              [
                12.60674545,
                55.70178239
              ],
              [
                12.60692954,
                55.70253364
              ],
              [
                12.60750455,
                55.70418598
              ],
              [
                12.60833133,
                55.7048919
              ],
              [
                12.60867337,
                55.70701966
              ],
              [
                12.61255501,
                55.70866781
              ],
              [
                12.62311893,
                55.71143203
              ],
              [
                12.63113775,
                55.71272815
              ],
              [
                12.63715507,
                55.71334585
              ],
              [
                12.6370981,
                55.71756676
              ],
              [
                12.64018556,
                55.74359223
              ],
              [
                12.648244731908106,
                55.74787219454827
              ],
              [
                12.66526387830764,
                55.69924606197817
              ],
              [
                12.64612102,
                55.70498407
              ],
              [
                12.64375907,
                55.70390553
              ],
              [
                12.63524125,
                55.69649251
              ],
              [
                12.62962396,
                55.69051215
              ],
              [
                12.62241957,
                55.68927827
              ],
              [
                12.61995934,
                55.68807118
              ],
              [
                12.62075117,
                55.68747682
              ],
              [
                12.61812884,
                55.68677506
              ],
              [
                12.61811913,
                55.68655631
              ],
              [
                12.62028529,
                55.68567555
              ],
              [
                12.61565489,
                55.68252687
              ],
              [
                12.61524245,
                55.6825295
              ],
              [
                12.61534409,
                55.68268737
              ],
              [
                12.61487472,
                55.68275605
              ],
              [
                12.61487069,
                55.68299158
              ],
              [
                12.61462758,
                55.68325439
              ],
              [
                12.61359558,
                55.68366256
              ],
              [
                12.61349113,
                55.68402594
              ],
              [
                12.6137779,
                55.68435127
              ],
              [
                12.61331112,
                55.68447068
              ],
              [
                12.61352792,
                55.68366239
              ],
              [
                12.61456502,
                55.68323528
              ],
              [
                12.61483342,
                55.68284305
              ],
              [
                12.61462576,
                55.68239023
              ],
              [
                12.61380245,
                55.68241764
              ],
              [
                12.61388917,
                55.68132454
              ],
              [
                12.61365536,
                55.68046066
              ],
              [
                12.61437121,
                55.67986785
              ],
              [
                12.61420898,
                55.67956214
              ],
              [
                12.61329535,
                55.67924827
              ],
              [
                12.61302667,
                55.67837012
              ],
              [
                12.6123311,
                55.67736824
              ],
              [
                12.61282324,
                55.67689173
              ],
              [
                12.61280442,
                55.67668781
              ],
              [
                12.61134481,
                55.67612107
              ],
              [
                12.61084621,
                55.67543897
              ],
              [
                12.6097191,
                55.67462395
              ],
              [
                12.60987351,
                55.67419147
              ],
              [
                12.60972284,
                55.67401041
              ],
              [
                12.60872474,
                55.67386939
              ],
              [
                12.60736885,
                55.67289824
              ],
              [
                12.60455263,
                55.67178442
              ],
              [
                12.60434016,
                55.67129459
              ],
              [
                12.60334265,
                55.67128515
              ],
              [
                12.60062168,
                55.67009544
              ],
              [
                12.60027933,
                55.66965113
              ],
              [
                12.59904675,
                55.66972518
              ],
              [
                12.59677265,
                55.66922201
              ],
              [
                12.59560173,
                55.66943556
              ],
              [
                12.59411153,
                55.6685887
              ],
              [
                12.58972913,
                55.66790522
              ],
              [
                12.58642084,
                55.66808801
              ],
              [
                12.58358838,
                55.66856818
              ],
              [
                12.58271671,
                55.66882385
              ],
              [
                12.58232035,
                55.6692112
              ],
              [
                12.57994708,
                55.66971572
              ],
              [
                12.57922921,
                55.67006192
              ],
              [
                12.57988187,
                55.67092901
              ],
              [
                12.57869604,
                55.67086948
              ],
              [
                12.57811078,
                55.67035847
              ],
              [
                12.57731963,
                55.67095829
              ],
              [
                12.57895388,
                55.67187497
              ],
              [
                12.5788817,
                55.67203228
              ],
              [
                12.57871509,
                55.6721312
              ],
              [
                12.57843487,
                55.67194281
              ],
              [
                12.57733099,
                55.67247587
              ],
              [
                12.57783738,
                55.67289846
              ],
              [
                12.577419,
                55.67330693
              ],
              [
                12.57703078,
                55.67317817
              ],
              [
                12.57699052,
                55.67298827
              ],
              [
                12.57614065,
                55.67289014
              ],
              [
                12.57587826,
                55.67302071
              ],
              [
                12.57647995,
                55.67326554
              ],
              [
                12.57605285,
                55.67325462
              ],
              [
                12.57571001,
                55.6735217
              ],
              [
                12.57548241,
                55.67343734
              ],
              [
                12.5754958,
                55.67391153
              ],
              [
                12.57426499,
                55.67394769
              ],
              [
                12.57450988,
                55.67406455
              ],
              [
                12.57398472,
                55.67476269
              ],
              [
                12.57424068,
                55.67486313
              ],
              [
                12.57558224,
                55.67456721
              ],
              [
                12.57560495,
                55.67505975
              ],
              [
                12.57601969,
                55.67540202
              ],
              [
                12.57582675,
                55.67557184
              ],
              [
                12.57306731,
                55.67445314
              ],
              [
                12.57289076,
                55.6745428
              ],
              [
                12.57313233,
                55.6747629
              ],
              [
                12.5727886,
                55.67503449
              ],
              [
                12.57159903,
                55.67519161
              ]
            ],
            [
              [
                12.5812835,
                55.68901072
              ],
              [
                12.581405720755322,
                55.688931980975894
              ],
              [
                12.58082266,
                55.68930796
              ],
              [
                12.5812835,
                55.68901072
              ]
            ],
            [
              [
                12.58201772,
                55.68658586
              ],
              [
                12.58197592,
                55.68653609
              ],
              [
                12.5820245,
                55.68659384
              ],
              [
                12.58201772,
                55.68658586
              ]
            ],
            [
              [
                12.58523281,
                55.6815306
              ],
              [
                12.58525507,
                55.68148649
              ],
              [
                12.58520523,
                55.68158524
              ],
              [
                12.58523281,
                55.6815306
              ]
            ],
            [
              [
                12.58515999,
                55.68149206
              ],
              [
                12.58514072,
                55.68149262
              ],
              [
                12.58517374,
                55.68149166
              ],
              [
                12.58515999,
                55.68149206
              ]
            ],
            [
              [
                12.58469456,
                55.67607012
              ],
              [
                12.58470419,
                55.6760513
              ],
              [
                12.58466721,
                55.67612359
              ],
              [
                12.58469456,
                55.67607012
              ]
            ],
            [
              [
                12.5862763,
                55.67548623
              ],
              [
                12.58627817,
                55.67548231
              ],
              [
                12.58626449,
                55.67551193
              ],
              [
                12.5862763,
                55.67548623
              ]
            ],
            [
              [
                12.58344879,
                55.67997624
              ],
              [
                12.58344879,
                55.67997626
              ],
              [
                12.58344414,
                55.67998285
              ],
              [
                12.58344879,
                55.67997624
              ]
            ],
            [
              [
                12.57429753,
                55.67637049
              ],
              [
                12.57429761,
                55.67637048
              ],
              [
                12.57427912,
                55.67639278
              ],
              [
                12.57429753,
                55.67637049
              ]
            ],
            [
              [
                12.574402283962547,
                55.676349062410324
              ],
              [
                12.57440227,
                55.67634908
              ],
              [
                12.57433083,
                55.67633003
              ],
              [
                12.574402283962547,
                55.676349062410324
              ]
            ],
            [
              [
                12.57632756,
                55.67839811
              ],
              [
                12.57633952,
                55.67838265
              ],
              [
                12.57632003,
                55.67840785
              ],
              [
                12.57632756,
                55.67839811
              ]
            ],
            [
              [
                12.57634091,
                55.67838321
              ],
              [
                12.57638661,
                55.6784016
              ],
              [
                12.57633952,
                55.67838265
              ],
              [
                12.57634091,
                55.67838321
              ]
            ],
            [
              [
                12.57998762,
                55.67875454
              ],
              [
                12.58003061,
                55.67876688
              ],
              [
                12.57996606,
                55.67874835
              ],
              [
                12.57998762,
                55.67875454
              ]
            ],
            [
              [
                12.58035563047354,
                55.678880450001934
              ],
              [
                12.58032553,
                55.67892399
              ],
              [
                12.580325489733127,
                55.678923981499956
              ],
              [
                12.58035563047354,
                55.678880450001934
              ]
            ],
            [
              [
                12.58047968,
                55.6826189
              ],
              [
                12.580495356203773,
                55.68263030723757
              ],
              [
                12.58008556,
                55.68259219
              ],
              [
                12.58047968,
                55.6826189
              ]
            ],
            [
              [
                12.5835794,
                55.68588122
              ],
              [
                12.58356621,
                55.6858656
              ],
              [
                12.58348447,
                55.68589757
              ],
              [
                12.5835794,
                55.68588122
              ]
            ],
            [
              [
                12.58350701,
                55.67999684
              ],
              [
                12.58350045,
                55.68000341
              ],
              [
                12.58355853,
                55.67994417
              ],
              [
                12.58350701,
                55.67999684
              ]
            ],
            [
              [
                12.58249152,
                55.67963825
              ],
              [
                12.58249452,
                55.6796538
              ],
              [
                12.58248693,
                55.67961437
              ],
              [
                12.58249152,
                55.67963825
              ]
            ],
            [
              [
                12.58902278502696,
                55.683462385873824
              ],
              [
                12.589036938189082,
                55.68347892333431
              ],
              [
                12.58902277,
                55.68346239
              ],
              [
                12.58902278502696,
                55.683462385873824
              ]
            ],
            [
              [
                12.58773331,
                55.68085624
              ],
              [
                12.58773336,
                55.68085626
              ],
              [
                12.58775011,
                55.68086582
              ],
              [
                12.58773331,
                55.68085624
              ]
            ],
            [
              [
                12.58797587,
                55.6802279
              ],
              [
                12.58807125,
                55.68034265
              ],
              [
                12.58816171,
                55.68045148
              ],
              [
                12.58807121,
                55.68034263
              ],
              [
                12.58797587,
                55.6802279
              ]
            ],
            [
              [
                12.58182351,
                55.68927765
              ],
              [
                12.58182348,
                55.68927766
              ],
              [
                12.581825708652904,
                55.68927690591008
              ],
              [
                12.58182351,
                55.68927765
              ]
            ],
            [
              [
                12.58758444,
                55.68371362
              ],
              [
                12.58732232,
                55.68364081
              ],
              [
                12.587322363198528,
                55.683640800349266
              ],
              [
                12.58758444,
                55.68371362
              ]
            ],
            [
              [
                12.58933093,
                55.67362525
              ],
              [
                12.58933097,
                55.67362527
              ],
              [
                12.58911352,
                55.67362246
              ],
              [
                12.58933093,
                55.67362525
              ]
            ],
            [
              [
                12.59192319,
                55.67315083
              ],
              [
                12.59179532,
                55.67321896
              ],
              [
                12.59163526,
                55.67330422
              ],
              [
                12.59179531,
                55.67321896
              ],
              [
                12.59192319,
                55.67315083
              ]
            ],
            [
              [
                12.59000193,
                55.67328488
              ],
              [
                12.59000546,
                55.67328685
              ],
              [
                12.58985741,
                55.6732045
              ],
              [
                12.59000193,
                55.67328488
              ]
            ],
            [
              [
                12.58824494,
                55.67321133
              ],
              [
                12.5881007,
                55.673299
              ],
              [
                12.58828987512359,
                55.67340744644303
              ],
              [
                12.58810062,
                55.67329898
              ],
              [
                12.58824494,
                55.67321133
              ]
            ],
            [
              [
                12.59011333,
                55.67321742
              ],
              [
                12.59011338,
                55.67321745
              ],
              [
                12.5901604,
                55.67324662
              ],
              [
                12.59011333,
                55.67321742
              ]
            ],
            [
              [
                12.58899203,
                55.67639049
              ],
              [
                12.58899204,
                55.67639047
              ],
              [
                12.5889939,
                55.67639518
              ],
              [
                12.58899203,
                55.67639049
              ]
            ],
            [
              [
                12.59272892,
                55.67364129
              ],
              [
                12.59261091,
                55.67370257
              ],
              [
                12.59243548,
                55.67379358
              ],
              [
                12.59261092,
                55.67370253
              ],
              [
                12.59272892,
                55.67364129
              ]
            ],
            [
              [
                12.59270436,
                55.68769019
              ],
              [
                12.59270287,
                55.68769067
              ],
              [
                12.59273348,
                55.68768078
              ],
              [
                12.59270436,
                55.68769019
              ]
            ],
            [
              [
                12.59482365,
                55.68109814
              ],
              [
                12.5948265,
                55.6811016
              ],
              [
                12.59465834,
                55.68089765
              ],
              [
                12.59482365,
                55.68109814
              ]
            ],
            [
              [
                12.5952068,
                55.68051149
              ],
              [
                12.59448359,
                55.6807018
              ],
              [
                12.59521423,
                55.68050954
              ],
              [
                12.5952068,
                55.68051149
              ]
            ],
            [
              [
                12.59549949,
                55.68012061
              ],
              [
                12.59637555,
                55.67988471
              ],
              [
                12.59515349,
                55.68021378
              ],
              [
                12.59549949,
                55.68012061
              ]
            ],
            [
              [
                12.58932698,
                55.67606218
              ],
              [
                12.58980826,
                55.67565211
              ],
              [
                12.58980829,
                55.67565209
              ],
              [
                12.58932698,
                55.67606218
              ]
            ],
            [
              [
                12.58990129,
                55.6751826
              ],
              [
                12.59003047,
                55.67556924
              ],
              [
                12.58988287566917,
                55.6751275325624
              ],
              [
                12.58990129,
                55.6751826
              ]
            ],
            [
              [
                12.59120161,
                55.68560105
              ],
              [
                12.5911887,
                55.68560611
              ],
              [
                12.59127608,
                55.68557145
              ],
              [
                12.59120161,
                55.68560105
              ]
            ],
            [
              [
                12.6004203,
                55.67948682
              ],
              [
                12.60038369,
                55.67958295
              ],
              [
                12.60034736,
                55.67967833
              ],
              [
                12.6004203,
                55.67948682
              ]
            ],
            [
              [
                12.6016962,
                55.67554552
              ],
              [
                12.60155145,
                55.67552076
              ],
              [
                12.60155037,
                55.67552058
              ],
              [
                12.6015515,
                55.67552072
              ],
              [
                12.6016962,
                55.67554552
              ]
            ],
            [
              [
                12.610082278948946,
                55.680506656019496
              ],
              [
                12.60995381382751,
                55.6805175545871
              ],
              [
                12.60995381,
                55.68051754
              ],
              [
                12.610082278948946,
                55.680506656019496
              ]
            ],
            [
              [
                12.60999553,
                55.68067654
              ],
              [
                12.609977871950775,
                55.680609243024286
              ],
              [
                12.61017650761808,
                55.680665011425766
              ],
              [
                12.60999553,
                55.68067654
              ]
            ],
            [
              [
                12.61064596,
                55.68172213
              ],
              [
                12.60985281,
                55.68172804
              ],
              [
                12.60972957,
                55.68172896
              ],
              [
                12.60985282,
                55.68172803
              ],
              [
                12.61064596,
                55.68172213
              ]
            ],
            [
              [
                12.60983946,
                55.68179155
              ],
              [
                12.61012951,
                55.68195673
              ],
              [
                12.60972957,
                55.68172896
              ],
              [
                12.60983946,
                55.68179155
              ]
            ],
            [
              [
                12.60128555,
                55.67648551
              ],
              [
                12.60128556,
                55.67648554
              ],
              [
                12.60117177,
                55.67653043
              ],
              [
                12.60128555,
                55.67648551
              ]
            ],
            [
              [
                12.60689306,
                55.68359616
              ],
              [
                12.60654079,
                55.68358179
              ],
              [
                12.60705585,
                55.68360279
              ],
              [
                12.60689306,
                55.68359616
              ]
            ],
            [
              [
                12.59597654,
                55.68244813
              ],
              [
                12.59594863,
                55.68244238
              ],
              [
                12.59599081,
                55.68245104
              ],
              [
                12.59597654,
                55.68244813
              ]
            ],
            [
              [
                12.59698257,
                55.68265457
              ],
              [
                12.59694039,
                55.68264592
              ],
              [
                12.59700365,
                55.6826589
              ],
              [
                12.59698257,
                55.68265457
              ]
            ],
            [
              [
                12.59725257,
                55.68652936
              ],
              [
                12.596702539392824,
                55.68667340092356
              ],
              [
                12.597252558098823,
                55.68652934311709
              ],
              [
                12.59725257,
                55.68652936
              ]
            ],
            [
              [
                12.61613756,
                55.70040607
              ],
              [
                12.61613755,
                55.70040604
              ],
              [
                12.61615659,
                55.70041052
              ],
              [
                12.61613756,
                55.70040607
              ]
            ]
          ],
          [
            [
              [
                12.5730551,
                55.69040843
              ],
              [
                12.57306339,
                55.6903911
              ],
              [
                12.57304337,
                55.69040023
              ],
              [
                12.5730551,
                55.69040843
              ]
            ]
          ]
        ]
      }
    },
    {
      "type": "Feature",
      "properties": {
        "postnummernavn": "K\u00f8benhavn N",
        "source": "Dataforsyningen postnumre"
      },
      "geometry": {
        "type": "Polygon",
        "coordinates": [
          [
            [
              12.55469549,
              55.71074537
            ],
            [
              12.55469147,
              55.70992149
            ],
            [
              12.55437136,
              55.70983051
            ],
            [
              12.55392847,
              55.71018107
            ],
            [
              12.55272292,
              55.70973484
            ],
            [
              12.55267714,
              55.70953071
            ],
            [
              12.55125122,
              55.70865835
            ],
            [
              12.55090028,
              55.7089308
            ],
            [
              12.54975735,
              55.70813493
            ],
            [
              12.54914935,
              55.70806512
            ],
            [
              12.54878968,
              55.70781153
            ],
            [
              12.54874436,
              55.70749292
            ],
            [
              12.54970651,
              55.70744854
            ],
            [
              12.55012291,
              55.70712358
            ],
            [
              12.55060473,
              55.70707367
            ],
            [
              12.5504916,
              55.7067643
            ],
            [
              12.55093997,
              55.7067337
            ],
            [
              12.5510498,
              55.70641563
            ],
            [
              12.55126049,
              55.70637887
            ],
            [
              12.55132868,
              55.70596543
            ],
            [
              12.5527565,
              55.70604287
            ],
            [
              12.55340109,
              55.70557452
            ],
            [
              12.55295418,
              55.70531952
            ],
            [
              12.55353511,
              55.70506558
            ],
            [
              12.55420286,
              55.7052186
            ],
            [
              12.55457662,
              55.70498055
            ],
            [
              12.55423009,
              55.70471563
            ],
            [
              12.55469323,
              55.7045658
            ],
            [
              12.55463287,
              55.70417318
            ],
            [
              12.556404,
              55.70384139
            ],
            [
              12.55680739,
              55.70344449
            ],
            [
              12.55742752,
              55.70343118
            ],
            [
              12.55770447,
              55.7032898
            ],
            [
              12.5577194,
              55.7029288
            ],
            [
              12.55833092,
              55.70306428
            ],
            [
              12.55883923,
              55.70288966
            ],
            [
              12.5571083,
              55.70134636
            ],
            [
              12.56090087,
              55.69990985
            ],
            [
              12.56101072,
              55.69891452
            ],
            [
              12.56186952,
              55.69889336
            ],
            [
              12.56157,
              55.69639921
            ],
            [
              12.57043375,
              55.6914263
            ],
            [
              12.56853767,
              55.69042253
            ],
            [
              12.56592727,
              55.68815197
            ],
            [
              12.56488753,
              55.68753146
            ],
            [
              12.56016815,
              55.6828703
            ],
            [
              12.55873101,
              55.6826304
            ],
            [
              12.5581023,
              55.68225849
            ],
            [
              12.55804105,
              55.68199789
            ],
            [
              12.55678771,
              55.68270143
            ],
            [
              12.55493892,
              55.68426871
            ],
            [
              12.55384278,
              55.68476445
            ],
            [
              12.54690903,
              55.68534384
            ],
            [
              12.54483645,
              55.68644051
            ],
            [
              12.54161162,
              55.68762257
            ],
            [
              12.54067871,
              55.68841407
            ],
            [
              12.53782736,
              55.68974943
            ],
            [
              12.53611219,
              55.69176789
            ],
            [
              12.53589193,
              55.69357599
            ],
            [
              12.53514191,
              55.69469629
            ],
            [
              12.53539468,
              55.69485338
            ],
            [
              12.5352316,
              55.69498876
            ],
            [
              12.53570848,
              55.69577209
            ],
            [
              12.53655379,
              55.69611314
            ],
            [
              12.53659797,
              55.69631481
            ],
            [
              12.53611911,
              55.69638211
            ],
            [
              12.53583009,
              55.6966914
            ],
            [
              12.53641025,
              55.69705088
            ],
            [
              12.53646299,
              55.69744229
            ],
            [
              12.53575503,
              55.69746567
            ],
            [
              12.53577326,
              55.69715835
            ],
            [
              12.53556781,
              55.6971382
            ],
            [
              12.53565628,
              55.69669191
            ],
            [
              12.53509722,
              55.69641256
            ],
            [
              12.53286441,
              55.6957465
            ],
            [
              12.53099877,
              55.69596927
            ],
            [
              12.52779348,
              55.69561723
            ],
            [
              12.52722836,
              55.69597444
            ],
            [
              12.52716457,
              55.6964924
            ],
            [
              12.52614349,
              55.69686578
            ],
            [
              12.52909541,
              55.69706789
            ],
            [
              12.53021603,
              55.69695274
            ],
            [
              12.53043039,
              55.69720229
            ],
            [
              12.53078501,
              55.69724711
            ],
            [
              12.53145446,
              55.69692761
            ],
            [
              12.53206373,
              55.69714969
            ],
            [
              12.53197843,
              55.69736695
            ],
            [
              12.5330243,
              55.69780629
            ],
            [
              12.53397272,
              55.69765119
            ],
            [
              12.53581828,
              55.69781146
            ],
            [
              12.53633562,
              55.69761672
            ],
            [
              12.53667869,
              55.69827859
            ],
            [
              12.53544418,
              55.69789301
            ],
            [
              12.53498114,
              55.69810741
            ],
            [
              12.53506998,
              55.69826598
            ],
            [
              12.5357915,
              55.69834841
            ],
            [
              12.53591949,
              55.69858596
            ],
            [
              12.53515847,
              55.69881354
            ],
            [
              12.53553137,
              55.69939336
            ],
            [
              12.53671022,
              55.69948319
            ],
            [
              12.53668611,
              55.69932042
            ],
            [
              12.5370418,
              55.69925882
            ],
            [
              12.53728226,
              55.6995023
            ],
            [
              12.53729177,
              55.6998804
            ],
            [
              12.53636334,
              55.69961773
            ],
            [
              12.53625669,
              55.69989981
            ],
            [
              12.53595029,
              55.69995369
            ],
            [
              12.53627532,
              55.70055495
            ],
            [
              12.53614319,
              55.70058339
            ],
            [
              12.53661986,
              55.70085945
            ],
            [
              12.53792234,
              55.7008423
            ],
            [
              12.53952837,
              55.70408646
            ],
            [
              12.54110879,
              55.70579593
            ],
            [
              12.54235987,
              55.70665268
            ],
            [
              12.54220805,
              55.70674063
            ],
            [
              12.54495393,
              55.70827075
            ],
            [
              12.54832181,
              55.70948998
            ],
            [
              12.55011289,
              55.70989717
            ],
            [
              12.55142546,
              55.70929324
            ],
            [
              12.55355237,
              55.71066564
            ],
            [
              12.55508274,
              55.71134711
            ],
            [
              12.55542898,
              55.71101068
            ],
            [
              12.55469549,
              55.71074537
            ]
          ]
        ]
      }
    },
    {
      "type": "Feature",
      "properties": {
        "postnummernavn": "K\u00f8benhavn NV",
        "source": "Dataforsyningen postnumre"
      },
      "geometry": {
        "type": "Polygon",
        "coordinates": [
          [
            [
              12.52375256,
              55.72634128
            ],
            [
              12.52532092,
              55.72660213
            ],
            [
              12.52591676,
              55.72636498
            ],
            [
              12.52570348,
              55.72666765
            ],
            [
              12.52953467,
              55.72714925
            ],
            [
              12.53565561,
              55.72705539
            ],
            [
              12.53895432,
              55.72628763
            ],
            [
              12.53975355,
              55.72373406
            ],
            [
              12.54093596,
              55.72405188
            ],
            [
              12.542555,
              55.7236078
            ],
            [
              12.54376616,
              55.72364692
            ],
            [
              12.54349027,
              55.72360175
            ],
            [
              12.5446444,
              55.72346168
            ],
            [
              12.54583084,
              55.72294203
            ],
            [
              12.54589448,
              55.72272511
            ],
            [
              12.54682625,
              55.72261222
            ],
            [
              12.54675073,
              55.72233125
            ],
            [
              12.5470792,
              55.72153391
            ],
            [
              12.54655424,
              55.72155097
            ],
            [
              12.5453239,
              55.72212001
            ],
            [
              12.5427713,
              55.71986005
            ],
            [
              12.54290071,
              55.71971829
            ],
            [
              12.54209713,
              55.71924821
            ],
            [
              12.54197114,
              55.71887033
            ],
            [
              12.54414524,
              55.71629123
            ],
            [
              12.54532223,
              55.71457021
            ],
            [
              12.54570428,
              55.71359652
            ],
            [
              12.54636834,
              55.71282778
            ],
            [
              12.54635431,
              55.71157385
            ],
            [
              12.54577761,
              55.71024258
            ],
            [
              12.54481422,
              55.70918135
            ],
            [
              12.54373018,
              55.70833985
            ],
            [
              12.54425205,
              55.70795145
            ],
            [
              12.54220805,
              55.70674063
            ],
            [
              12.54235987,
              55.70665268
            ],
            [
              12.54110879,
              55.70579593
            ],
            [
              12.53952837,
              55.70408646
            ],
            [
              12.53792234,
              55.7008423
            ],
            [
              12.53661986,
              55.70085945
            ],
            [
              12.53614319,
              55.70058339
            ],
            [
              12.53627532,
              55.70055495
            ],
            [
              12.53595029,
              55.69995369
            ],
            [
              12.53625669,
              55.69989981
            ],
            [
              12.53636334,
              55.69961773
            ],
            [
              12.53729177,
              55.6998804
            ],
            [
              12.53728226,
              55.6995023
            ],
            [
              12.5370418,
              55.69925882
            ],
            [
              12.53668611,
              55.69932042
            ],
            [
              12.53671022,
              55.69948319
            ],
            [
              12.53553137,
              55.69939336
            ],
            [
              12.53515847,
              55.69881354
            ],
            [
              12.53591949,
              55.69858596
            ],
            [
              12.5357915,
              55.69834841
            ],
            [
              12.53506998,
              55.69826598
            ],
            [
              12.53498114,
              55.69810741
            ],
            [
              12.53544418,
              55.69789301
            ],
            [
              12.53667869,
              55.69827859
            ],
            [
              12.53633562,
              55.69761672
            ],
            [
              12.53581828,
              55.69781146
            ],
            [
              12.53397272,
              55.69765119
            ],
            [
              12.5330243,
              55.69780629
            ],
            [
              12.53197843,
              55.69736695
            ],
            [
              12.53206373,
              55.69714969
            ],
            [
              12.53145446,
              55.69692761
            ],
            [
              12.53078501,
              55.69724711
            ],
            [
              12.53043039,
              55.69720229
            ],
            [
              12.53021603,
              55.69695274
            ],
            [
              12.52620012,
              55.69698365
            ],
            [
              12.52628714,
              55.69677793
            ],
            [
              12.52716457,
              55.6964924
            ],
            [
              12.52722836,
              55.69597444
            ],
            [
              12.52779348,
              55.69561723
            ],
            [
              12.52496783,
              55.6951579
            ],
            [
              12.52334832,
              55.69462069
            ],
            [
              12.51608339,
              55.69097845
            ],
            [
              12.51586572,
              55.69108755
            ],
            [
              12.51617907,
              55.69122135
            ],
            [
              12.51604457,
              55.69137735
            ],
            [
              12.51492917,
              55.69218538
            ],
            [
              12.51499763,
              55.6924974
            ],
            [
              12.51445597,
              55.69284364
            ],
            [
              12.51366259,
              55.69270551
            ],
            [
              12.51233083,
              55.6933317
            ],
            [
              12.51260785,
              55.6934171
            ],
            [
              12.51253381,
              55.69363682
            ],
            [
              12.51187023,
              55.69413444
            ],
            [
              12.51135513,
              55.69403392
            ],
            [
              12.5108755,
              55.69453984
            ],
            [
              12.51018642,
              55.69476601
            ],
            [
              12.50981314,
              55.69500247
            ],
            [
              12.51000005,
              55.69509846
            ],
            [
              12.50697242,
              55.69683546
            ],
            [
              12.50772668,
              55.69753619
            ],
            [
              12.50746998,
              55.69764216
            ],
            [
              12.51215945,
              55.70195672
            ],
            [
              12.51347012,
              55.70442873
            ],
            [
              12.51396773,
              55.70449244
            ],
            [
              12.51501104,
              55.70401926
            ],
            [
              12.51677694,
              55.70424586
            ],
            [
              12.51587576,
              55.70621144
            ],
            [
              12.51499416,
              55.70634748
            ],
            [
              12.51479828,
              55.70684889
            ],
            [
              12.51518648,
              55.7068945
            ],
            [
              12.51478877,
              55.70706379
            ],
            [
              12.51447897,
              55.70708606
            ],
            [
              12.51409749,
              55.70661549
            ],
            [
              12.5139427,
              55.7067236
            ],
            [
              12.51451667,
              55.70749491
            ],
            [
              12.51202685,
              55.70845287
            ],
            [
              12.51188533,
              55.70880822
            ],
            [
              12.51140871,
              55.70896096
            ],
            [
              12.51192735,
              55.70981875
            ],
            [
              12.51172328,
              55.71081465
            ],
            [
              12.51219004,
              55.71131965
            ],
            [
              12.51146034,
              55.71119775
            ],
            [
              12.51116015,
              55.71151376
            ],
            [
              12.50708168,
              55.71098438
            ],
            [
              12.50612387,
              55.7124781
            ],
            [
              12.50527306,
              55.71236439
            ],
            [
              12.5011667,
              55.7161553
            ],
            [
              12.50123398,
              55.71637296
            ],
            [
              12.50057981,
              55.71716112
            ],
            [
              12.49947438,
              55.71806177
            ],
            [
              12.49973688,
              55.71839794
            ],
            [
              12.50060193,
              55.71879748
            ],
            [
              12.50198438,
              55.7188501
            ],
            [
              12.50257601,
              55.71999338
            ],
            [
              12.50098531,
              55.72044403
            ],
            [
              12.50141264,
              55.72051429
            ],
            [
              12.50259423,
              55.72053271
            ],
            [
              12.50435707,
              55.71985405
            ],
            [
              12.50658585,
              55.7198953
            ],
            [
              12.50827157,
              55.72026648
            ],
            [
              12.51130595,
              55.72006809
            ],
            [
              12.51290639,
              55.71984074
            ],
            [
              12.51321146,
              55.71964948
            ],
            [
              12.51310877,
              55.71985041
            ],
            [
              12.51358457,
              55.71996698
            ],
            [
              12.51354009,
              55.72041325
            ],
            [
              12.51451298,
              55.72160077
            ],
            [
              12.51473207,
              55.72210612
            ],
            [
              12.5146515,
              55.72268946
            ],
            [
              12.51824282,
              55.72256711
            ],
            [
              12.51826649,
              55.7227646
            ],
            [
              12.51529411,
              55.72286778
            ],
            [
              12.51789668,
              55.72632516
            ],
            [
              12.5189318,
              55.72721145
            ],
            [
              12.51959915,
              55.72756618
            ],
            [
              12.52133683,
              55.72785279
            ],
            [
              12.52370232,
              55.72748223
            ],
            [
              12.52375256,
              55.72634128
            ]
          ]
        ]
      }
    },
    {
      "type": "Feature",
      "properties": {
        "postnummernavn": "K\u00f8benhavn S",
        "source": "Dataforsyningen postnumre"
      },
      "geometry": {
        "type": "Polygon",
        "coordinates": [
          [
            [
              12.680472511614136,
              55.65579282395961
            ],
            [
              12.64689594,
              55.64616061
            ],
            [
              12.63432724,
              55.64440483
            ],
            [
              12.63398593,
              55.64513953
            ],
            [
              12.6259664,
              55.64378754
            ],
            [
              12.62729435,
              55.6414114
            ],
            [
              12.6210502,
              55.64000232
            ],
            [
              12.62091797,
              55.63964295
            ],
            [
              12.61943906,
              55.63934242
            ],
            [
              12.61896711,
              55.63989759
            ],
            [
              12.61845275,
              55.63979705
            ],
            [
              12.61824053,
              55.64037952
            ],
            [
              12.61710593,
              55.64020602
            ],
            [
              12.61694085,
              55.64039496
            ],
            [
              12.59982017,
              55.63800447
            ],
            [
              12.59899033,
              55.63795421
            ],
            [
              12.59898554,
              55.63829334
            ],
            [
              12.59279486,
              55.63829884
            ],
            [
              12.59290311,
              55.63795865
            ],
            [
              12.59231652,
              55.63796398
            ],
            [
              12.59343199,
              55.63373997
            ],
            [
              12.59305065,
              55.63093983
            ],
            [
              12.59229508,
              55.6310011
            ],
            [
              12.59216575,
              55.63058515
            ],
            [
              12.59293603,
              55.63051113
            ],
            [
              12.59271827,
              55.62895634
            ],
            [
              12.5916067,
              55.62875874
            ],
            [
              12.58766895,
              55.62910941
            ],
            [
              12.58750132,
              55.62792487
            ],
            [
              12.58223066,
              55.62843219
            ],
            [
              12.58110533,
              55.62468679
            ],
            [
              12.5812852,
              55.62467083
            ],
            [
              12.57932552,
              55.61832652
            ],
            [
              12.57183951,
              55.61575123
            ],
            [
              12.56929761,
              55.61549989
            ],
            [
              12.51528738,
              55.6154874
            ],
            [
              12.50595397,
              55.61726211
            ],
            [
              12.51586578,
              55.62123031
            ],
            [
              12.52067071,
              55.62293213
            ],
            [
              12.52006369,
              55.62702126
            ],
            [
              12.53165201,
              55.63033295
            ],
            [
              12.5342884,
              55.63159005
            ],
            [
              12.53682786,
              55.63361041
            ],
            [
              12.54080654,
              55.63482881
            ],
            [
              12.54224461,
              55.63583361
            ],
            [
              12.54568421,
              55.6372123
            ],
            [
              12.54670701,
              55.63809123
            ],
            [
              12.54949409,
              55.63919277
            ],
            [
              12.55013257,
              55.64116658
            ],
            [
              12.54941359,
              55.64165578
            ],
            [
              12.55402983,
              55.64441267
            ],
            [
              12.55562427,
              55.64622205
            ],
            [
              12.55825726,
              55.64973812
            ],
            [
              12.56056345,
              55.65398576
            ],
            [
              12.56166273,
              55.65468072
            ],
            [
              12.56351957,
              55.65761607
            ],
            [
              12.5650215,
              55.65945348
            ],
            [
              12.56457939,
              55.6604646
            ],
            [
              12.56551852,
              55.66151541
            ],
            [
              12.56630508,
              55.66189437
            ],
            [
              12.56651925,
              55.66262016
            ],
            [
              12.56889233,
              55.66413131
            ],
            [
              12.5702972,
              55.66462947
            ],
            [
              12.57075698,
              55.66509768
            ],
            [
              12.57229239,
              55.66578281
            ],
            [
              12.57371428,
              55.6667471
            ],
            [
              12.57427338,
              55.66751318
            ],
            [
              12.57592454,
              55.66811046
            ],
            [
              12.57780391,
              55.66979285
            ],
            [
              12.57901679,
              55.67016442
            ],
            [
              12.57994708,
              55.66971572
            ],
            [
              12.58232035,
              55.6692112
            ],
            [
              12.58271671,
              55.66882385
            ],
            [
              12.58358838,
              55.66856818
            ],
            [
              12.58642084,
              55.66808801
            ],
            [
              12.58972913,
              55.66790522
            ],
            [
              12.59411153,
              55.6685887
            ],
            [
              12.59560173,
              55.66943556
            ],
            [
              12.59677265,
              55.66922201
            ],
            [
              12.59904675,
              55.66972518
            ],
            [
              12.60027933,
              55.66965113
            ],
            [
              12.60062168,
              55.67009544
            ],
            [
              12.60334265,
              55.67128515
            ],
            [
              12.60434016,
              55.67129459
            ],
            [
              12.60455263,
              55.67178442
            ],
            [
              12.60736885,
              55.67289824
            ],
            [
              12.60872474,
              55.67386939
            ],
            [
              12.60972284,
              55.67401041
            ],
            [
              12.60987351,
              55.67419147
            ],
            [
              12.6097191,
              55.67462395
            ],
            [
              12.61084621,
              55.67543897
            ],
            [
              12.61134481,
              55.67612107
            ],
            [
              12.61280442,
              55.67668781
            ],
            [
              12.61282324,
              55.67689173
            ],
            [
              12.6123311,
              55.67736824
            ],
            [
              12.61302667,
              55.67837012
            ],
            [
              12.61329535,
              55.67924827
            ],
            [
              12.61420898,
              55.67956214
            ],
            [
              12.61437121,
              55.67986785
            ],
            [
              12.61365536,
              55.68046066
            ],
            [
              12.61388917,
              55.68132454
            ],
            [
              12.6137699,
              55.68228228
            ],
            [
              12.61380245,
              55.68241764
            ],
            [
              12.61462576,
              55.68239023
            ],
            [
              12.61482762,
              55.68290437
            ],
            [
              12.61456502,
              55.68323528
            ],
            [
              12.61352792,
              55.68366239
            ],
            [
              12.61331112,
              55.68447068
            ],
            [
              12.6137779,
              55.68435127
            ],
            [
              12.61349113,
              55.68402594
            ],
            [
              12.61359558,
              55.68366256
            ],
            [
              12.61462758,
              55.68325439
            ],
            [
              12.61487069,
              55.68299158
            ],
            [
              12.61487472,
              55.68275605
            ],
            [
              12.61534409,
              55.68268737
            ],
            [
              12.61524245,
              55.6825295
            ],
            [
              12.61565489,
              55.68252687
            ],
            [
              12.62028529,
              55.68567555
            ],
            [
              12.61811913,
              55.68655631
            ],
            [
              12.61812884,
              55.68677506
            ],
            [
              12.62075117,
              55.68747682
            ],
            [
              12.61995934,
              55.68807118
            ],
            [
              12.62241957,
              55.68927827
            ],
            [
              12.62962396,
              55.69051215
            ],
            [
              12.63524125,
              55.69649251
            ],
            [
              12.64375907,
              55.70390553
            ],
            [
              12.64612102,
              55.70498407
            ],
            [
              12.66526387830764,
              55.69924606197817
            ],
            [
              12.680472511614136,
              55.65579282395961
            ]
          ]
        ]
      }
    },
    {
      "type": "Feature",
      "properties": {
        "postnummernavn": "K\u00f8benhavn SV",
        "source": "Dataforsyningen postnumre"
      },
      "geometry": {
        "type": "Polygon",
        "coordinates": [
          [
            [
              12.5572956,
              55.66458867
            ],
            [
              12.55883753,
              55.66489154
            ],
            [
              12.55990777,
              55.66399141
            ],
            [
              12.55724955,
              55.66331615
            ],
            [
              12.55201175,
              55.66252468
            ],
            [
              12.55191287,
              55.66168875
            ],
            [
              12.55553115,
              55.6614414
            ],
            [
              12.55686674,
              55.66151074
            ],
            [
              12.55738295,
              55.6618423
            ],
            [
              12.55892739,
              55.66059474
            ],
            [
              12.56050624,
              55.66030432
            ],
            [
              12.56017488,
              55.65987335
            ],
            [
              12.56131327,
              55.65959354
            ],
            [
              12.56351705,
              55.65978118
            ],
            [
              12.56457939,
              55.6604646
            ],
            [
              12.5650215,
              55.65945348
            ],
            [
              12.56351957,
              55.65761607
            ],
            [
              12.56166273,
              55.65468072
            ],
            [
              12.56056345,
              55.65398576
            ],
            [
              12.55825726,
              55.64973812
            ],
            [
              12.55562427,
              55.64622205
            ],
            [
              12.55402983,
              55.64441267
            ],
            [
              12.54941359,
              55.64165578
            ],
            [
              12.55013257,
              55.64116658
            ],
            [
              12.54949409,
              55.63919277
            ],
            [
              12.54670701,
              55.63809123
            ],
            [
              12.54568421,
              55.6372123
            ],
            [
              12.54224461,
              55.63583361
            ],
            [
              12.54080654,
              55.63482881
            ],
            [
              12.53682786,
              55.63361041
            ],
            [
              12.5342884,
              55.63159005
            ],
            [
              12.53165201,
              55.63033295
            ],
            [
              12.52005378,
              55.62701713
            ],
            [
              12.51889937,
              55.62782843
            ],
            [
              12.51362255,
              55.6295898
            ],
            [
              12.50976875,
              55.63224477
            ],
            [
              12.50662099,
              55.63578685
            ],
            [
              12.50251152,
              55.63911148
            ],
            [
              12.50150508,
              55.64081141
            ],
            [
              12.50182725,
              55.64103311
            ],
            [
              12.50151953,
              55.64131857
            ],
            [
              12.50129986,
              55.64111966
            ],
            [
              12.50065982,
              55.6415397
            ],
            [
              12.50231787,
              55.64347136
            ],
            [
              12.50340998,
              55.64322966
            ],
            [
              12.50626458,
              55.64706737
            ],
            [
              12.50568166,
              55.64724499
            ],
            [
              12.50591744,
              55.64753983
            ],
            [
              12.50648038,
              55.64754234
            ],
            [
              12.50763934,
              55.64849618
            ],
            [
              12.50701428,
              55.64870055
            ],
            [
              12.50824168,
              55.64982166
            ],
            [
              12.50811195,
              55.64986448
            ],
            [
              12.50833454,
              55.64999748
            ],
            [
              12.50808136,
              55.65067047
            ],
            [
              12.50840398,
              55.65085491
            ],
            [
              12.50911622,
              55.65186541
            ],
            [
              12.51009873,
              55.65163713
            ],
            [
              12.5108793,
              55.65275652
            ],
            [
              12.51180293,
              55.65248325
            ],
            [
              12.51207225,
              55.65281263
            ],
            [
              12.51232758,
              55.65270892
            ],
            [
              12.51175362,
              55.65198095
            ],
            [
              12.51273785,
              55.65172238
            ],
            [
              12.51515343,
              55.65247092
            ],
            [
              12.51550149,
              55.65277007
            ],
            [
              12.51666278,
              55.65238209
            ],
            [
              12.51790799,
              55.65233347
            ],
            [
              12.52080386,
              55.65149039
            ],
            [
              12.52349673,
              55.6513507
            ],
            [
              12.52686652,
              55.65179513
            ],
            [
              12.52686815,
              55.65127968
            ],
            [
              12.52744198,
              55.65129832
            ],
            [
              12.52733553,
              55.65166672
            ],
            [
              12.52782829,
              55.65186051
            ],
            [
              12.52476955,
              55.66223035
            ],
            [
              12.52770517,
              55.66288647
            ],
            [
              12.5314376,
              55.66318535
            ],
            [
              12.53130951,
              55.66355194
            ],
            [
              12.53875253,
              55.66338021
            ],
            [
              12.54160966,
              55.66303784
            ],
            [
              12.54234774,
              55.66274938
            ],
            [
              12.55817117,
              55.66500907
            ],
            [
              12.55676837,
              55.66469667
            ],
            [
              12.5572956,
              55.66458867
            ]
          ]
        ]
      }
    },
    {
      "type": "Feature",
      "properties": {
        "postnummernavn": "K\u00f8benhavn V",
        "source": "Dataforsyningen postnumre"
      },
      "geometry": {
        "type": "Polygon",
        "coordinates": [
          [
            [
              12.54152024,
              55.66304996
            ],
            [
              12.53760036,
              55.6634399
            ],
            [
              12.53130951,
              55.66355194
            ],
            [
              12.5314376,
              55.66318535
            ],
            [
              12.53048946,
              55.66312966
            ],
            [
              12.53003176,
              55.66392511
            ],
            [
              12.52886198,
              55.66395555
            ],
            [
              12.52815919,
              55.66531886
            ],
            [
              12.52767038,
              55.66523267
            ],
            [
              12.52713964,
              55.66641568
            ],
            [
              12.52767285,
              55.66664141
            ],
            [
              12.52757609,
              55.66702256
            ],
            [
              12.53493175,
              55.66881917
            ],
            [
              12.53503499,
              55.66897067
            ],
            [
              12.53482148,
              55.66929315
            ],
            [
              12.53800973,
              55.67031804
            ],
            [
              12.53992499,
              55.67019865
            ],
            [
              12.53998394,
              55.67041958
            ],
            [
              12.53974451,
              55.67070488
            ],
            [
              12.54694286,
              55.67275826
            ],
            [
              12.54726554,
              55.67325714
            ],
            [
              12.54985414,
              55.67267994
            ],
            [
              12.55006121,
              55.6728474
            ],
            [
              12.54986566,
              55.67450421
            ],
            [
              12.55424477,
              55.67357924
            ],
            [
              12.55560718,
              55.6738308
            ],
            [
              12.55635074,
              55.67430225
            ],
            [
              12.556819,
              55.67523568
            ],
            [
              12.55746615,
              55.67571037
            ],
            [
              12.55882536,
              55.68076933
            ],
            [
              12.55807007,
              55.68179536
            ],
            [
              12.5544151,
              55.6816218
            ],
            [
              12.5539587,
              55.68176415
            ],
            [
              12.55516501,
              55.68350397
            ],
            [
              12.55558297,
              55.68367933
            ],
            [
              12.55774335,
              55.68213349
            ],
            [
              12.56037168,
              55.68094358
            ],
            [
              12.56193845,
              55.68055009
            ],
            [
              12.56347674,
              55.67978984
            ],
            [
              12.56413569,
              55.67989252
            ],
            [
              12.56541866,
              55.67940132
            ],
            [
              12.5656644,
              55.67891078
            ],
            [
              12.5655607,
              55.67876282
            ],
            [
              12.56662041,
              55.6788435
            ],
            [
              12.5664965,
              55.67865549
            ],
            [
              12.56671759,
              55.67848145
            ],
            [
              12.56718747,
              55.67856831
            ],
            [
              12.56740149,
              55.67831661
            ],
            [
              12.56716351,
              55.67825987
            ],
            [
              12.56732903,
              55.67808206
            ],
            [
              12.56697324,
              55.67782382
            ],
            [
              12.567068,
              55.67766928
            ],
            [
              12.56811356,
              55.67784469
            ],
            [
              12.56835455,
              55.67757826
            ],
            [
              12.56860027,
              55.67762038
            ],
            [
              12.56866717,
              55.67680234
            ],
            [
              12.56849198,
              55.67669415
            ],
            [
              12.56866907,
              55.67657875
            ],
            [
              12.56929892,
              55.6768165
            ],
            [
              12.56932237,
              55.67642612
            ],
            [
              12.57038,
              55.67661895
            ],
            [
              12.57100382,
              55.67597388
            ],
            [
              12.57080276,
              55.67575134
            ],
            [
              12.57165709,
              55.67595018
            ],
            [
              12.57150982,
              55.67563885
            ],
            [
              12.57105774,
              55.6756317
            ],
            [
              12.57116868,
              55.67541222
            ],
            [
              12.57183275,
              55.6750849
            ],
            [
              12.57208459,
              55.67521343
            ],
            [
              12.5727886,
              55.67503449
            ],
            [
              12.57313233,
              55.6747629
            ],
            [
              12.57289076,
              55.6745428
            ],
            [
              12.57306731,
              55.67445314
            ],
            [
              12.57582675,
              55.67557184
            ],
            [
              12.57601969,
              55.67540202
            ],
            [
              12.57560495,
              55.67505975
            ],
            [
              12.57558224,
              55.67456721
            ],
            [
              12.57424068,
              55.67486313
            ],
            [
              12.57398472,
              55.67476269
            ],
            [
              12.57450988,
              55.67406455
            ],
            [
              12.57426499,
              55.67394769
            ],
            [
              12.5754958,
              55.67391153
            ],
            [
              12.57548241,
              55.67343734
            ],
            [
              12.57571001,
              55.6735217
            ],
            [
              12.57605285,
              55.67325462
            ],
            [
              12.57647995,
              55.67326554
            ],
            [
              12.57587826,
              55.67302071
            ],
            [
              12.57614065,
              55.67289014
            ],
            [
              12.57699052,
              55.67298827
            ],
            [
              12.57703078,
              55.67317817
            ],
            [
              12.577419,
              55.67330693
            ],
            [
              12.57783738,
              55.67289846
            ],
            [
              12.57733099,
              55.67247587
            ],
            [
              12.57843487,
              55.67194281
            ],
            [
              12.57871509,
              55.6721312
            ],
            [
              12.5788817,
              55.67203228
            ],
            [
              12.57895388,
              55.67187497
            ],
            [
              12.57731851,
              55.67102091
            ],
            [
              12.57811078,
              55.67035847
            ],
            [
              12.57869604,
              55.67086948
            ],
            [
              12.57988187,
              55.67092901
            ],
            [
              12.57922921,
              55.67006192
            ],
            [
              12.57901679,
              55.67016442
            ],
            [
              12.57780391,
              55.66979285
            ],
            [
              12.57592454,
              55.66811046
            ],
            [
              12.57427338,
              55.66751318
            ],
            [
              12.57371428,
              55.6667471
            ],
            [
              12.57229239,
              55.66578281
            ],
            [
              12.57075698,
              55.66509768
            ],
            [
              12.5702972,
              55.66462947
            ],
            [
              12.56889233,
              55.66413131
            ],
            [
              12.56651925,
              55.66262016
            ],
            [
              12.56630508,
              55.66189437
            ],
            [
              12.56551852,
              55.66151541
            ],
            [
              12.56459014,
              55.66047094
            ],
            [
              12.56351705,
              55.65978118
            ],
            [
              12.56131327,
              55.65959354
            ],
            [
              12.56017488,
              55.65987335
            ],
            [
              12.56050624,
              55.66030432
            ],
            [
              12.55892739,
              55.66059474
            ],
            [
              12.55738295,
              55.6618423
            ],
            [
              12.55686674,
              55.66151074
            ],
            [
              12.55553115,
              55.6614414
            ],
            [
              12.55191287,
              55.66168875
            ],
            [
              12.55201175,
              55.66252468
            ],
            [
              12.55724955,
              55.66331615
            ],
            [
              12.55990777,
              55.66399141
            ],
            [
              12.55883753,
              55.66489154
            ],
            [
              12.55739397,
              55.66459634
            ],
            [
              12.55676837,
              55.66469667
            ],
            [
              12.55813462,
              55.66505329
            ],
            [
              12.54234774,
              55.66274938
            ],
            [
              12.54152024,
              55.66304996
            ]
          ],
          [
            [
              12.54515241,
              55.66807987
            ],
            [
              12.54533865,
              55.66841637
            ],
            [
              12.545092132677352,
              55.668461177051945
            ],
            [
              12.54533862,
              55.66841635
            ],
            [
              12.54515241,
              55.66807987
            ]
          ],
          [
            [
              12.54443371,
              55.66778351
            ],
            [
              12.54443376,
              55.66778348
            ],
            [
              12.5445668,
              55.66776177
            ],
            [
              12.54443371,
              55.66778351
            ]
          ],
          [
            [
              12.55502874,
              55.66748385
            ],
            [
              12.55482074,
              55.66762201
            ],
            [
              12.55481852,
              55.66762348
            ],
            [
              12.55482077,
              55.66762197
            ],
            [
              12.55502874,
              55.66748385
            ]
          ],
          [
            [
              12.54541497,
              55.66948649
            ],
            [
              12.54544847,
              55.6694804
            ],
            [
              12.54536536,
              55.66949557
            ],
            [
              12.54541497,
              55.66948649
            ]
          ],
          [
            [
              12.54298451,
              55.66489168
            ],
            [
              12.54280109,
              55.66492837
            ],
            [
              12.54279639,
              55.66492931
            ],
            [
              12.54280107,
              55.66492836
            ],
            [
              12.54298451,
              55.66489168
            ]
          ],
          [
            [
              12.54282299,
              55.66496666
            ],
            [
              12.54282303,
              55.66496669
            ],
            [
              12.54283461,
              55.66497901
            ],
            [
              12.54282299,
              55.66496666
            ]
          ],
          [
            [
              12.55083574,
              55.6658179
            ],
            [
              12.55099381,
              55.66568564
            ],
            [
              12.5508214,
              55.66582992
            ],
            [
              12.55083574,
              55.6658179
            ]
          ],
          [
            [
              12.55108434,
              55.6657893
            ],
            [
              12.55107165,
              55.66580019
            ],
            [
              12.55115662,
              55.66572678
            ],
            [
              12.55108434,
              55.6657893
            ]
          ],
          [
            [
              12.54588703,
              55.66962161
            ],
            [
              12.545887,
              55.66962165
            ],
            [
              12.54588787,
              55.66961902
            ],
            [
              12.54588703,
              55.66962161
            ]
          ],
          [
            [
              12.55521465,
              55.66753659
            ],
            [
              12.55521546,
              55.6675359
            ],
            [
              12.55519479,
              55.66755358
            ],
            [
              12.55521465,
              55.66753659
            ]
          ],
          [
            [
              12.55522802,
              55.66752184
            ],
            [
              12.55522802,
              55.66752187
            ],
            [
              12.55521546,
              55.6675359
            ],
            [
              12.55522802,
              55.66752184
            ]
          ],
          [
            [
              12.55522817,
              55.66752177
            ],
            [
              12.55522812,
              55.66752174
            ],
            [
              12.55523105,
              55.66751845
            ],
            [
              12.55522817,
              55.66752177
            ]
          ],
          [
            [
              12.55524736,
              55.66750052
            ],
            [
              12.55526295,
              55.66748426
            ],
            [
              12.555247275384612,
              55.667500613076925
            ],
            [
              12.55524736,
              55.66750052
            ]
          ],
          [
            [
              12.54554905,
              55.67172537
            ],
            [
              12.54551149,
              55.67171418
            ],
            [
              12.5455993,
              55.67174033
            ],
            [
              12.54554905,
              55.67172537
            ]
          ],
          [
            [
              12.549406,
              55.6727563
            ],
            [
              12.54941551,
              55.67275396
            ],
            [
              12.54939605,
              55.67275875
            ],
            [
              12.549406,
              55.6727563
            ]
          ],
          [
            [
              12.56475219,
              55.67407591
            ],
            [
              12.56474895,
              55.67407897
            ],
            [
              12.56475525,
              55.67407303
            ],
            [
              12.56475219,
              55.67407591
            ]
          ],
          [
            [
              12.55249274,
              55.67258724
            ],
            [
              12.55251368,
              55.67259599
            ],
            [
              12.55237029,
              55.67253603
            ],
            [
              12.55249274,
              55.67258724
            ]
          ],
          [
            [
              12.55249741,
              55.67252382
            ],
            [
              12.55249449,
              55.67251427
            ],
            [
              12.55251123,
              55.67256908
            ],
            [
              12.55249741,
              55.67252382
            ]
          ],
          [
            [
              12.5525035,
              55.67244412
            ],
            [
              12.55259909,
              55.67244659
            ],
            [
              12.55249909,
              55.672444
            ],
            [
              12.5525035,
              55.67244412
            ]
          ],
          [
            [
              12.56396078,
              55.66887711
            ],
            [
              12.56396074,
              55.66887708
            ],
            [
              12.56453297,
              55.66847447
            ],
            [
              12.56396078,
              55.66887711
            ]
          ]
        ]
      }
    },
    {
      "type": "Feature",
      "properties": {
        "postnummernavn": "K\u00f8benhavn \u00d8",
        "source": "Dataforsyningen postnumre"
      },
      "geometry": {
        "type": "Polygon",
        "coordinates": [
          [
            [
              12.59489031,
              55.72046613
            ],
            [
              12.59080129,
              55.7144441
            ],
            [
              12.59351249,
              55.71385551
            ],
            [
              12.5926203,
              55.71258951
            ],
            [
              12.59251788,
              55.71211621
            ],
            [
              12.59356072,
              55.71074984
            ],
            [
              12.59376038,
              55.71003697
            ],
            [
              12.59215191,
              55.70951444
            ],
            [
              12.59275578,
              55.70894008
            ],
            [
              12.5922938,
              55.70871856
            ],
            [
              12.59243492,
              55.70837723
            ],
            [
              12.59185825,
              55.70828019
            ],
            [
              12.59193052,
              55.70801453
            ],
            [
              12.59100602,
              55.70783739
            ],
            [
              12.59181688,
              55.70542488
            ],
            [
              12.60163739,
              55.70586238
            ],
            [
              12.60867337,
              55.70701966
            ],
            [
              12.60833133,
              55.7048919
            ],
            [
              12.60750455,
              55.70418598
            ],
            [
              12.60692954,
              55.70253364
            ],
            [
              12.60674545,
              55.70178239
            ],
            [
              12.60696248,
              55.70066685
            ],
            [
              12.60601855,
              55.69973203
            ],
            [
              12.60469866,
              55.69714798
            ],
            [
              12.60458348,
              55.6965044
            ],
            [
              12.60500197,
              55.69512138
            ],
            [
              12.60396377,
              55.69395795
            ],
            [
              12.60395854,
              55.6920743
            ],
            [
              12.60169257,
              55.69191652
            ],
            [
              12.59904531,
              55.69132902
            ],
            [
              12.6000128,
              55.69108617
            ],
            [
              12.59939836,
              55.69033531
            ],
            [
              12.59901308,
              55.69044553
            ],
            [
              12.59889237,
              55.69072359
            ],
            [
              12.59818317,
              55.69026109
            ],
            [
              12.59798259,
              55.68959276
            ],
            [
              12.59723162,
              55.68944952
            ],
            [
              12.59549562,
              55.68959179
            ],
            [
              12.59559076,
              55.68941627
            ],
            [
              12.59323593,
              55.68859195
            ],
            [
              12.59266688,
              55.68870996
            ],
            [
              12.59219299,
              55.68994098
            ],
            [
              12.59168798,
              55.69047765
            ],
            [
              12.59005463,
              55.6912745
            ],
            [
              12.58968886,
              55.69113783
            ],
            [
              12.58822674,
              55.6915911
            ],
            [
              12.58756331,
              55.69115255
            ],
            [
              12.58730664,
              55.69140356
            ],
            [
              12.58702545,
              55.69122367
            ],
            [
              12.58650542,
              55.69140676
            ],
            [
              12.58441428,
              55.69013243
            ],
            [
              12.58405419,
              55.69002444
            ],
            [
              12.58377982,
              55.69015376
            ],
            [
              12.58195574,
              55.68931372
            ],
            [
              12.58133169,
              55.68959117
            ],
            [
              12.58055815,
              55.68918323
            ],
            [
              12.57971964,
              55.68973697
            ],
            [
              12.57762398,
              55.68963546
            ],
            [
              12.57713457,
              55.68955434
            ],
            [
              12.57673954,
              55.68904469
            ],
            [
              12.57579057,
              55.68875253
            ],
            [
              12.57448076,
              55.68980391
            ],
            [
              12.57195107,
              55.6908329
            ],
            [
              12.57141561,
              55.69087682
            ],
            [
              12.56485008,
              55.69442949
            ],
            [
              12.56157,
              55.69639921
            ],
            [
              12.56186952,
              55.69889336
            ],
            [
              12.56101072,
              55.69891452
            ],
            [
              12.56090087,
              55.69990985
            ],
            [
              12.5571083,
              55.70134636
            ],
            [
              12.55883923,
              55.70288966
            ],
            [
              12.55833092,
              55.70306428
            ],
            [
              12.5577194,
              55.7029288
            ],
            [
              12.55770447,
              55.7032898
            ],
            [
              12.55742752,
              55.70343118
            ],
            [
              12.55680739,
              55.70344449
            ],
            [
              12.556404,
              55.70384139
            ],
            [
              12.55463287,
              55.70417318
            ],
            [
              12.55469323,
              55.7045658
            ],
            [
              12.55423009,
              55.70471563
            ],
            [
              12.55457662,
              55.70498055
            ],
            [
              12.55420286,
              55.7052186
            ],
            [
              12.55353511,
              55.70506558
            ],
            [
              12.55295418,
              55.70531952
            ],
            [
              12.55340109,
              55.70557452
            ],
            [
              12.5527565,
              55.70604287
            ],
            [
              12.55132868,
              55.70596543
            ],
            [
              12.55126049,
              55.70637887
            ],
            [
              12.5510498,
              55.70641563
            ],
            [
              12.55093997,
              55.7067337
            ],
            [
              12.5504916,
              55.7067643
            ],
            [
              12.55060473,
              55.70707367
            ],
            [
              12.55012291,
              55.70712358
            ],
            [
              12.54970651,
              55.70744854
            ],
            [
              12.54874436,
              55.70749292
            ],
            [
              12.54878968,
              55.70781153
            ],
            [
              12.54914935,
              55.70806512
            ],
            [
              12.54975735,
              55.70813493
            ],
            [
              12.55090028,
              55.7089308
            ],
            [
              12.55125122,
              55.70865835
            ],
            [
              12.55267714,
              55.70953071
            ],
            [
              12.55272292,
              55.70973484
            ],
            [
              12.55392847,
              55.71018107
            ],
            [
              12.55437136,
              55.70983051
            ],
            [
              12.55469147,
              55.70992149
            ],
            [
              12.55469549,
              55.71074537
            ],
            [
              12.55542898,
              55.71101068
            ],
            [
              12.55508274,
              55.71134711
            ],
            [
              12.55355237,
              55.71066564
            ],
            [
              12.55142546,
              55.70929324
            ],
            [
              12.55011289,
              55.70989717
            ],
            [
              12.54832103,
              55.70948972
            ],
            [
              12.54425205,
              55.70795144
            ],
            [
              12.54373018,
              55.70833985
            ],
            [
              12.54481422,
              55.70918135
            ],
            [
              12.54577761,
              55.71024258
            ],
            [
              12.54625336,
              55.71117197
            ],
            [
              12.54645723,
              55.71245215
            ],
            [
              12.54494647,
              55.71516544
            ],
            [
              12.54197114,
              55.71887033
            ],
            [
              12.54209713,
              55.71924821
            ],
            [
              12.54290071,
              55.71971829
            ],
            [
              12.5427713,
              55.71986005
            ],
            [
              12.5453239,
              55.72212001
            ],
            [
              12.54655424,
              55.72155097
            ],
            [
              12.5470792,
              55.72153391
            ],
            [
              12.54675073,
              55.72233125
            ],
            [
              12.54682625,
              55.72261222
            ],
            [
              12.54611467,
              55.72269726
            ],
            [
              12.54618469,
              55.72278767
            ],
            [
              12.54684729,
              55.72274046
            ],
            [
              12.54705086,
              55.72298059
            ],
            [
              12.54813745,
              55.72302875
            ],
            [
              12.55003979,
              55.72385274
            ],
            [
              12.55205956,
              55.72343309
            ],
            [
              12.5540467,
              55.72329462
            ],
            [
              12.55441282,
              55.72293388
            ],
            [
              12.55505698,
              55.72303607
            ],
            [
              12.55892251,
              55.7227359
            ],
            [
              12.55893336,
              55.72250171
            ],
            [
              12.55956537,
              55.72238635
            ],
            [
              12.55876655,
              55.72179297
            ],
            [
              12.55954365,
              55.72133801
            ],
            [
              12.5598663,
              55.72138404
            ],
            [
              12.5599798,
              55.7217031
            ],
            [
              12.56043171,
              55.7217585
            ],
            [
              12.56017445,
              55.72233775
            ],
            [
              12.56130556,
              55.72230268
            ],
            [
              12.56139829,
              55.72243216
            ],
            [
              12.56251918,
              55.72226232
            ],
            [
              12.56344136,
              55.72176689
            ],
            [
              12.56504526,
              55.72149236
            ],
            [
              12.56639132,
              55.720634
            ],
            [
              12.56797331,
              55.72197165
            ],
            [
              12.56866227,
              55.72294466
            ],
            [
              12.56898718,
              55.72387871
            ],
            [
              12.57028455,
              55.72244033
            ],
            [
              12.57125072,
              55.72261048
            ],
            [
              12.57120639,
              55.72295354
            ],
            [
              12.57188994,
              55.72299982
            ],
            [
              12.57194192,
              55.72264287
            ],
            [
              12.57320361,
              55.72270135
            ],
            [
              12.57314491,
              55.72308035
            ],
            [
              12.57396162,
              55.72309316
            ],
            [
              12.57401128,
              55.72273906
            ],
            [
              12.57457082,
              55.72268706
            ],
            [
              12.57525649,
              55.72278964
            ],
            [
              12.57522886,
              55.72306056
            ],
            [
              12.57612062,
              55.72313267
            ],
            [
              12.57723362,
              55.72293442
            ],
            [
              12.57722978,
              55.72262962
            ],
            [
              12.57741772,
              55.72257342
            ],
            [
              12.57756377,
              55.72215519
            ],
            [
              12.58045924,
              55.72211487
            ],
            [
              12.5832835,
              55.72181734
            ],
            [
              12.58888573,
              55.72247877
            ],
            [
              12.59116192,
              55.72317467
            ],
            [
              12.59260106,
              55.72340202
            ],
            [
              12.59489031,
              55.72046613
            ]
          ],
          [
            [
              12.57304687,
              55.69040543
            ],
            [
              12.57307162,
              55.6903941
            ],
            [
              12.57307259,
              55.69040468
            ],
            [
              12.57304687,
              55.69040543
            ]
          ]
        ]
      }
    },
    {
      "type": "Feature",
      "properties": {
        "postnummernavn": "Nordhavn",
        "source": "Dataforsyningen postnumre"
      },
      "geometry": {
        "type": "Polygon",
        "coordinates": [
          [
            [
              12.60163739,
              55.70586238
            ],
            [
              12.59181688,
              55.70542488
            ],
            [
              12.59100599,
              55.70783736
            ],
            [
              12.59193059,
              55.70801448
            ],
            [
              12.59185827,
              55.70828015
            ],
            [
              12.5924349,
              55.70837724
            ],
            [
              12.59229384,
              55.70871852
            ],
            [
              12.59275575,
              55.70894006
            ],
            [
              12.59215191,
              55.70951444
            ],
            [
              12.59376038,
              55.71003697
            ],
            [
              12.59356072,
              55.71074984
            ],
            [
              12.59251788,
              55.71211621
            ],
            [
              12.5926203,
              55.71258951
            ],
            [
              12.59351249,
              55.71385551
            ],
            [
              12.59080129,
              55.7144441
            ],
            [
              12.59489031,
              55.72046613
            ],
            [
              12.59260106,
              55.72340202
            ],
            [
              12.60247004,
              55.73510904
            ],
            [
              12.61934238,
              55.74018087
            ],
            [
              12.63339978,
              55.74305131
            ],
            [
              12.64018556,
              55.74359223
            ],
            [
              12.6370981,
              55.71756676
            ],
            [
              12.63715507,
              55.71334585
            ],
            [
              12.63113775,
              55.71272815
            ],
            [
              12.62311893,
              55.71143203
            ],
            [
              12.61255501,
              55.70866781
            ],
            [
              12.60867337,
              55.70701966
            ],
            [
              12.60163739,
              55.70586238
            ]
          ]
        ]
      }
    },
    {
      "type": "Feature",
      "properties": {
        "postnummernavn": "R\u00f8dovre",
        "source": "Dataforsyningen postnumre"
      },
      "geometry": {
        "type": "Polygon",
        "coordinates": [
          [
            [
              12.45241499,
              55.71497689
            ],
            [
              12.45308615,
              55.71215235
            ],
            [
              12.45371682,
              55.70711392
            ],
            [
              12.45410364,
              55.70701501
            ],
            [
              12.45508488,
              55.70610991
            ],
            [
              12.45579605,
              55.70501424
            ],
            [
              12.45656532,
              55.7045296
            ],
            [
              12.46115154,
              55.70318708
            ],
            [
              12.46340405,
              55.70302784
            ],
            [
              12.46418155,
              55.7024272
            ],
            [
              12.46429291,
              55.70212581
            ],
            [
              12.46411757,
              55.7010215
            ],
            [
              12.4642897,
              55.70071965
            ],
            [
              12.46379902,
              55.70079186
            ],
            [
              12.46407986,
              55.69902414
            ],
            [
              12.46344736,
              55.69653547
            ],
            [
              12.46371632,
              55.69599342
            ],
            [
              12.46637741,
              55.69340848
            ],
            [
              12.46682187,
              55.6927346
            ],
            [
              12.46692859,
              55.69170594
            ],
            [
              12.46718885,
              55.69168257
            ],
            [
              12.46721918,
              55.69140883
            ],
            [
              12.46671934,
              55.69144445
            ],
            [
              12.46622001,
              55.69087681
            ],
            [
              12.46601779,
              55.69020206
            ],
            [
              12.46699684,
              55.68666738
            ],
            [
              12.46751861,
              55.68387239
            ],
            [
              12.4679232,
              55.68280572
            ],
            [
              12.46781219,
              55.68234481
            ],
            [
              12.46937439,
              55.68126437
            ],
            [
              12.46942644,
              55.68022663
            ],
            [
              12.4703974,
              55.67879497
            ],
            [
              12.4720027,
              55.67762686
            ],
            [
              12.47216564,
              55.67687497
            ],
            [
              12.47273505,
              55.67607209
            ],
            [
              12.47302943,
              55.67448459
            ],
            [
              12.47364267,
              55.67392161
            ],
            [
              12.47415835,
              55.67292631
            ],
            [
              12.47853608,
              55.67286478
            ],
            [
              12.47860685,
              55.6712381
            ],
            [
              12.47831886,
              55.66680961
            ],
            [
              12.47812357,
              55.66600952
            ],
            [
              12.47836391,
              55.66566894
            ],
            [
              12.47822329,
              55.66555253
            ],
            [
              12.4783034,
              55.6645736
            ],
            [
              12.47481255,
              55.66470073
            ],
            [
              12.47482365,
              55.66503922
            ],
            [
              12.47460517,
              55.66504199
            ],
            [
              12.47440553,
              55.66469761
            ],
            [
              12.47361138,
              55.66467902
            ],
            [
              12.46544263,
              55.66473
            ],
            [
              12.46325395,
              55.66505727
            ],
            [
              12.463235,
              55.66486449
            ],
            [
              12.46072852,
              55.66496907
            ],
            [
              12.4606907,
              55.6645212
            ],
            [
              12.45978021,
              55.66449268
            ],
            [
              12.45314123,
              55.66456098
            ],
            [
              12.45293904,
              55.66483875
            ],
            [
              12.45177285,
              55.6648599
            ],
            [
              12.4517754,
              55.66498643
            ],
            [
              12.44851932,
              55.66503831
            ],
            [
              12.4483797,
              55.66656213
            ],
            [
              12.44735433,
              55.66706149
            ],
            [
              12.44705222,
              55.67017767
            ],
            [
              12.44441542,
              55.66994426
            ],
            [
              12.44425774,
              55.67021178
            ],
            [
              12.44298681,
              55.67009839
            ],
            [
              12.4426676,
              55.67153105
            ],
            [
              12.43399788,
              55.67100475
            ],
            [
              12.43156333,
              55.67044641
            ],
            [
              12.42465442,
              55.66951853
            ],
            [
              12.42403676,
              55.67071499
            ],
            [
              12.42300034,
              55.67160961
            ],
            [
              12.42305153,
              55.67259758
            ],
            [
              12.42377096,
              55.67431874
            ],
            [
              12.4284685,
              55.68119008
            ],
            [
              12.43099277,
              55.68667233
            ],
            [
              12.43236082,
              55.68872596
            ],
            [
              12.42920697,
              55.69060668
            ],
            [
              12.42872204,
              55.69370874
            ],
            [
              12.42900438,
              55.69449648
            ],
            [
              12.42790662,
              55.69906119
            ],
            [
              12.42744839,
              55.70648423
            ],
            [
              12.43454851,
              55.71296438
            ],
            [
              12.44661484,
              55.71491204
            ],
            [
              12.45241499,
              55.71497689
            ]
          ]
        ]
      }
    },
    {
      "type": "Feature",
      "properties": {
        "postnummernavn": "Skovlunde",
        "source": "Dataforsyningen postnumre"
      },
      "geometry": {
        "type": "Polygon",
        "coordinates": [
          [
            [
              12.37586967,
              55.71333366
            ],
            [
              12.37607363,
              55.71607041
            ],
            [
              12.37594396,
              55.71919496
            ],
            [
              12.37540856,
              55.71916509
            ],
            [
              12.3760321,
              55.72036137
            ],
            [
              12.37862964,
              55.72080507
            ],
            [
              12.37832283,
              55.72170992
            ],
            [
              12.38234667,
              55.72212191
            ],
            [
              12.38455003,
              55.72192224
            ],
            [
              12.38481424,
              55.72274753
            ],
            [
              12.38538109,
              55.72312148
            ],
            [
              12.38555331,
              55.7236918
            ],
            [
              12.38613766,
              55.72363854
            ],
            [
              12.38820403,
              55.72454094
            ],
            [
              12.39466798,
              55.72387605
            ],
            [
              12.3955818,
              55.72624556
            ],
            [
              12.39702367,
              55.72605919
            ],
            [
              12.39701037,
              55.72720565
            ],
            [
              12.39774374,
              55.72755039
            ],
            [
              12.39672394,
              55.7277927
            ],
            [
              12.39711108,
              55.72971328
            ],
            [
              12.39741596,
              55.73029331
            ],
            [
              12.40163469,
              55.7294059
            ],
            [
              12.40653061,
              55.7287148
            ],
            [
              12.40716183,
              55.72937953
            ],
            [
              12.4077772,
              55.7290785
            ],
            [
              12.40878213,
              55.72921216
            ],
            [
              12.410788,
              55.7289134
            ],
            [
              12.41155611,
              55.72845328
            ],
            [
              12.41241094,
              55.72836432
            ],
            [
              12.41231958,
              55.72821572
            ],
            [
              12.41282269,
              55.728104
            ],
            [
              12.41268436,
              55.72784629
            ],
            [
              12.41355725,
              55.72753744
            ],
            [
              12.41309775,
              55.72687319
            ],
            [
              12.41426787,
              55.72627392
            ],
            [
              12.41484223,
              55.72506148
            ],
            [
              12.41600131,
              55.72446259
            ],
            [
              12.41653171,
              55.7240622
            ],
            [
              12.41672793,
              55.7236461
            ],
            [
              12.41740939,
              55.72319897
            ],
            [
              12.41832207,
              55.7233522
            ],
            [
              12.41920311,
              55.723149
            ],
            [
              12.41931455,
              55.72238685
            ],
            [
              12.41980848,
              55.72164687
            ],
            [
              12.42171727,
              55.72080117
            ],
            [
              12.42214812,
              55.72023287
            ],
            [
              12.4235999,
              55.71904293
            ],
            [
              12.42459711,
              55.71885803
            ],
            [
              12.42514235,
              55.71854708
            ],
            [
              12.42541469,
              55.71780481
            ],
            [
              12.42612508,
              55.71698853
            ],
            [
              12.42600418,
              55.71648309
            ],
            [
              12.42622911,
              55.71494569
            ],
            [
              12.42603287,
              55.71416399
            ],
            [
              12.42543455,
              55.71380468
            ],
            [
              12.42412086,
              55.71053222
            ],
            [
              12.42483114,
              55.70867917
            ],
            [
              12.42179032,
              55.7083809
            ],
            [
              12.41849434,
              55.70832569
            ],
            [
              12.41170587,
              55.70942673
            ],
            [
              12.41025579,
              55.70943647
            ],
            [
              12.40555413,
              55.70793365
            ],
            [
              12.39992347,
              55.70547384
            ],
            [
              12.39661137,
              55.7060895
            ],
            [
              12.39470654,
              55.70573295
            ],
            [
              12.39410226,
              55.70674967
            ],
            [
              12.39205152,
              55.70666621
            ],
            [
              12.38815813,
              55.70692332
            ],
            [
              12.3883636,
              55.70296632
            ],
            [
              12.38679307,
              55.70285099
            ],
            [
              12.38562983,
              55.70234723
            ],
            [
              12.38626707,
              55.70010929
            ],
            [
              12.38745894,
              55.69731449
            ],
            [
              12.38210722,
              55.69880354
            ],
            [
              12.37567203,
              55.70142233
            ],
            [
              12.37140034,
              55.70232634
            ],
            [
              12.36999067,
              55.70355234
            ],
            [
              12.36924978,
              55.70466133
            ],
            [
              12.37480543,
              55.70963875
            ],
            [
              12.37586967,
              55.71333366
            ]
          ]
        ]
      }
    },
    {
      "type": "Feature",
      "properties": {
        "postnummernavn": "Sm\u00f8rum",
        "source": "Dataforsyningen postnumre"
      },
      "geometry": {
        "type": "Polygon",
        "coordinates": [
          [
            [
              12.342557153930345,
              55.71255715393035
            ],
            [
              12.34334822,
              55.71245895
            ],
            [
              12.34183878,
              55.71032714
            ],
            [
              12.34181268,
              55.70907864
            ],
            [
              12.3415505,
              55.70829512
            ],
            [
              12.34167176,
              55.70762496
            ],
            [
              12.34135133,
              55.7065937
            ],
            [
              12.33935271,
              55.70474266
            ],
            [
              12.33751693,
              55.70337223
            ],
            [
              12.33656374,
              55.70144658
            ],
            [
              12.33504645,
              55.7002532
            ],
            [
              12.33433063,
              55.70013348
            ],
            [
              12.330453179073752,
              55.700453179073754
            ],
            [
              12.342557153930345,
              55.71255715393035
            ]
          ]
        ]
      }
    },
    {
      "type": "Feature",
      "properties": {
        "postnummernavn": "S\u00f8borg",
        "source": "Dataforsyningen postnumre"
      },
      "geometry": {
        "type": "Polygon",
        "coordinates": [
          [
            [
              12.5011667,
              55.7161553
            ],
            [
              12.49752808,
              55.71879612
            ],
            [
              12.49740102,
              55.71870425
            ],
            [
              12.4911145,
              55.72282965
            ],
            [
              12.48835696,
              55.72436244
            ],
            [
              12.48802318,
              55.7245211
            ],
            [
              12.48431802,
              55.72476483
            ],
            [
              12.47751099,
              55.72209993
            ],
            [
              12.47711093,
              55.72103391
            ],
            [
              12.47430391,
              55.7198496
            ],
            [
              12.47287027,
              55.71886373
            ],
            [
              12.46621099,
              55.71887194
            ],
            [
              12.46496202,
              55.71818224
            ],
            [
              12.46346673,
              55.71764784
            ],
            [
              12.45984111,
              55.71700421
            ],
            [
              12.45920039,
              55.71671531
            ],
            [
              12.45912112,
              55.71689405
            ],
            [
              12.45863717,
              55.71681976
            ],
            [
              12.45750179,
              55.71879362
            ],
            [
              12.45598278,
              55.72028006
            ],
            [
              12.45333262,
              55.72343277
            ],
            [
              12.45367919,
              55.72529591
            ],
            [
              12.45305563,
              55.72608221
            ],
            [
              12.45311856,
              55.72684677
            ],
            [
              12.45350285,
              55.7278402
            ],
            [
              12.45294848,
              55.72997272
            ],
            [
              12.45140544,
              55.73066692
            ],
            [
              12.45091679,
              55.7322732
            ],
            [
              12.44920613,
              55.73431197
            ],
            [
              12.44880407,
              55.73503762
            ],
            [
              12.44864235,
              55.73588636
            ],
            [
              12.44885022,
              55.73657132
            ],
            [
              12.44857143,
              55.7370779
            ],
            [
              12.44546122,
              55.74030825
            ],
            [
              12.44559456,
              55.74273404
            ],
            [
              12.44716082,
              55.74503967
            ],
            [
              12.4461195,
              55.74606964
            ],
            [
              12.44571761,
              55.74738079
            ],
            [
              12.4458339,
              55.74889741
            ],
            [
              12.44635085,
              55.74983094
            ],
            [
              12.44784398,
              55.75007673
            ],
            [
              12.45431877,
              55.7423241
            ],
            [
              12.45612292,
              55.74055929
            ],
            [
              12.45687947,
              55.7415567
            ],
            [
              12.45731124,
              55.74250023
            ],
            [
              12.46005332,
              55.74441427
            ],
            [
              12.4640163,
              55.74664347
            ],
            [
              12.46856821,
              55.74852521
            ],
            [
              12.47316905,
              55.74982474
            ],
            [
              12.48571754,
              55.75229567
            ],
            [
              12.49475612,
              55.75552133
            ],
            [
              12.50045874,
              55.75640635
            ],
            [
              12.50018919,
              55.75227976
            ],
            [
              12.49924393,
              55.75235455
            ],
            [
              12.49894387,
              55.75168901
            ],
            [
              12.49865673,
              55.75169432
            ],
            [
              12.49864515,
              55.75152237
            ],
            [
              12.49868713,
              55.75086642
            ],
            [
              12.50020047,
              55.75059165
            ],
            [
              12.49988063,
              55.74999726
            ],
            [
              12.50078829,
              55.74981493
            ],
            [
              12.50109401,
              55.75039039
            ],
            [
              12.50168571,
              55.75025617
            ],
            [
              12.50041027,
              55.7479491
            ],
            [
              12.5009463,
              55.74785046
            ],
            [
              12.50069914,
              55.74747978
            ],
            [
              12.50417031,
              55.74681535
            ],
            [
              12.506029,
              55.74581196
            ],
            [
              12.50633433,
              55.74546129
            ],
            [
              12.50778265,
              55.74502626
            ],
            [
              12.50768207,
              55.7449251
            ],
            [
              12.51012266,
              55.7441111
            ],
            [
              12.51053502,
              55.74413941
            ],
            [
              12.51149137,
              55.7436355
            ],
            [
              12.51817652,
              55.74148461
            ],
            [
              12.51766347,
              55.74091496
            ],
            [
              12.51776197,
              55.74014165
            ],
            [
              12.51836737,
              55.73909666
            ],
            [
              12.51760702,
              55.73794497
            ],
            [
              12.51812865,
              55.73673809
            ],
            [
              12.51788866,
              55.73641804
            ],
            [
              12.51788748,
              55.73566512
            ],
            [
              12.51898423,
              55.73483721
            ],
            [
              12.51924947,
              55.73324403
            ],
            [
              12.51989851,
              55.73140436
            ],
            [
              12.52012808,
              55.73126587
            ],
            [
              12.51992431,
              55.73109638
            ],
            [
              12.52129172,
              55.7295801
            ],
            [
              12.52142969,
              55.72819369
            ],
            [
              12.52206981,
              55.72788696
            ],
            [
              12.52478197,
              55.72749654
            ],
            [
              12.52524161,
              55.72734082
            ],
            [
              12.52558689,
              55.7268199
            ],
            [
              12.52624511,
              55.72710634
            ],
            [
              12.52718607,
              55.72688526
            ],
            [
              12.52570348,
              55.72666765
            ],
            [
              12.52591676,
              55.72636498
            ],
            [
              12.52532092,
              55.72660213
            ],
            [
              12.52375256,
              55.72634128
            ],
            [
              12.52370232,
              55.72748223
            ],
            [
              12.52133683,
              55.72785279
            ],
            [
              12.51959915,
              55.72756618
            ],
            [
              12.51789668,
              55.72632516
            ],
            [
              12.51529411,
              55.72286778
            ],
            [
              12.51826649,
              55.7227646
            ],
            [
              12.51824282,
              55.72256711
            ],
            [
              12.5146515,
              55.72268946
            ],
            [
              12.51473207,
              55.72210612
            ],
            [
              12.51451298,
              55.72160077
            ],
            [
              12.51354009,
              55.72041325
            ],
            [
              12.51358457,
              55.71996698
            ],
            [
              12.51310877,
              55.71985041
            ],
            [
              12.51321146,
              55.71964948
            ],
            [
              12.51290639,
              55.71984074
            ],
            [
              12.51130595,
              55.72006809
            ],
            [
              12.50827157,
              55.72026648
            ],
            [
              12.50658585,
              55.7198953
            ],
            [
              12.50435707,
              55.71985405
            ],
            [
              12.50259423,
              55.72053271
            ],
            [
              12.50098531,
              55.72044403
            ],
            [
              12.50257601,
              55.71999338
            ],
            [
              12.50198438,
              55.7188501
            ],
            [
              12.50060193,
              55.71879748
            ],
            [
              12.49973688,
              55.71839794
            ],
            [
              12.49947438,
              55.71806177
            ],
            [
              12.50057981,
              55.71716112
            ],
            [
              12.50123398,
              55.71637296
            ],
            [
              12.5011667,
              55.7161553
            ]
          ]
        ]
      }
    },
    {
      "type": "Feature",
      "properties": {
        "postnummernavn": "Taastrup",
        "source": "Dataforsyningen postnumre"
      },
      "geometry": {
        "type": "Polygon",
        "coordinates": [
          [
            [
              12.33,
              55.650490314916205
            ],
            [
              12.33206696,
              55.64986953
            ],
            [
              12.33486773,
              55.64961265
            ],
            [
              12.33646475,
              55.64885045
            ],
            [
              12.3371911,
              55.64814692
            ],
            [
              12.33734789,
              55.64751211
            ],
            [
              12.33806083,
              55.64650962
            ],
            [
              12.33736218,
              55.64524086
            ],
            [
              12.34607961,
              55.63821957
            ],
            [
              12.34662457,
              55.63758134
            ],
            [
              12.34070287,
              55.63607702
            ],
            [
              12.33925976,
              55.6360544
            ],
            [
              12.33732969,
              55.63653099
            ],
            [
              12.33595809,
              55.6365587
            ],
            [
              12.33253905,
              55.63601209
            ],
            [
              12.33,
              55.63647511340927
            ],
            [
              12.33,
              55.650490314916205
            ]
          ]
        ]
      }
    },
    {
      "type": "Feature",
      "properties": {
        "postnummernavn": "Valby",
        "source": "Dataforsyningen postnumre"
      },
      "geometry": {
        "type": "Polygon",
        "coordinates": [
          [
            [
              12.49145048,
              55.67893654
            ],
            [
              12.4915706,
              55.67816893
            ],
            [
              12.49201688,
              55.67811468
            ],
            [
              12.49209728,
              55.67779391
            ],
            [
              12.49290667,
              55.67247936
            ],
            [
              12.49518819,
              55.67242531
            ],
            [
              12.49630498,
              55.66893102
            ],
            [
              12.50102954,
              55.66912196
            ],
            [
              12.50105781,
              55.66928867
            ],
            [
              12.50262949,
              55.66936175
            ],
            [
              12.50306958,
              55.66910964
            ],
            [
              12.50358911,
              55.66911062
            ],
            [
              12.51139187,
              55.66951097
            ],
            [
              12.51954804,
              55.66751809
            ],
            [
              12.52303027,
              55.6664869
            ],
            [
              12.52489734,
              55.66677231
            ],
            [
              12.52472093,
              55.66718965
            ],
            [
              12.525873,
              55.66736081
            ],
            [
              12.52606962,
              55.6669455
            ],
            [
              12.52977053,
              55.66769177
            ],
            [
              12.52994414,
              55.66752996
            ],
            [
              12.52757609,
              55.66702256
            ],
            [
              12.52767285,
              55.66664141
            ],
            [
              12.52713964,
              55.66641568
            ],
            [
              12.52767038,
              55.66523267
            ],
            [
              12.52815919,
              55.66531886
            ],
            [
              12.52886198,
              55.66395555
            ],
            [
              12.53003176,
              55.66392511
            ],
            [
              12.53055089,
              55.66303114
            ],
            [
              12.52770517,
              55.66288647
            ],
            [
              12.52476955,
              55.66223035
            ],
            [
              12.52779977,
              55.65173096
            ],
            [
              12.52733553,
              55.65166672
            ],
            [
              12.52743082,
              55.65129793
            ],
            [
              12.52686815,
              55.65127968
            ],
            [
              12.52686652,
              55.65179513
            ],
            [
              12.52349673,
              55.6513507
            ],
            [
              12.52080386,
              55.65149039
            ],
            [
              12.51790799,
              55.65233347
            ],
            [
              12.51666278,
              55.65238209
            ],
            [
              12.51550149,
              55.65277007
            ],
            [
              12.51515343,
              55.65247092
            ],
            [
              12.51273785,
              55.65172238
            ],
            [
              12.51175362,
              55.65198095
            ],
            [
              12.51232758,
              55.65270892
            ],
            [
              12.51207225,
              55.65281263
            ],
            [
              12.51180293,
              55.65248325
            ],
            [
              12.5108793,
              55.65275652
            ],
            [
              12.51009873,
              55.65163713
            ],
            [
              12.50911622,
              55.65186541
            ],
            [
              12.50840398,
              55.65085491
            ],
            [
              12.50808136,
              55.65067047
            ],
            [
              12.50833454,
              55.64999748
            ],
            [
              12.50811195,
              55.64986448
            ],
            [
              12.50824168,
              55.64982166
            ],
            [
              12.50701428,
              55.64870055
            ],
            [
              12.50763934,
              55.64849618
            ],
            [
              12.50648038,
              55.64754234
            ],
            [
              12.50591744,
              55.64753983
            ],
            [
              12.50568166,
              55.64724499
            ],
            [
              12.50626458,
              55.64706737
            ],
            [
              12.50340998,
              55.64322966
            ],
            [
              12.50231787,
              55.64347136
            ],
            [
              12.50099035,
              55.64185691
            ],
            [
              12.50060163,
              55.6419921
            ],
            [
              12.5003047,
              55.64170412
            ],
            [
              12.49864251,
              55.64259077
            ],
            [
              12.49721857,
              55.64304789
            ],
            [
              12.4972123,
              55.6433144
            ],
            [
              12.49430821,
              55.64540972
            ],
            [
              12.49158703,
              55.64594538
            ],
            [
              12.49048653,
              55.64647126
            ],
            [
              12.49009899,
              55.64756874
            ],
            [
              12.48923872,
              55.64862546
            ],
            [
              12.48853743,
              55.64915893
            ],
            [
              12.48864265,
              55.64936571
            ],
            [
              12.48767412,
              55.65092569
            ],
            [
              12.48627842,
              55.6518855
            ],
            [
              12.48672138,
              55.6521332
            ],
            [
              12.48690602,
              55.65250155
            ],
            [
              12.48627021,
              55.6528444
            ],
            [
              12.48474633,
              55.65282165
            ],
            [
              12.48398207,
              55.6533656
            ],
            [
              12.48475043,
              55.65396947
            ],
            [
              12.48377316,
              55.65352178
            ],
            [
              12.48278403,
              55.65400153
            ],
            [
              12.48165238,
              55.65409464
            ],
            [
              12.48114945,
              55.65444107
            ],
            [
              12.47874216,
              55.65617283
            ],
            [
              12.47784259,
              55.6570306
            ],
            [
              12.4774259,
              55.65807527
            ],
            [
              12.47731419,
              55.65917855
            ],
            [
              12.47750199,
              55.66032143
            ],
            [
              12.47794202,
              55.66036533
            ],
            [
              12.47789112,
              55.66054273
            ],
            [
              12.47756663,
              55.66051022
            ],
            [
              12.4780628,
              55.66152342
            ],
            [
              12.47816148,
              55.6630756
            ],
            [
              12.4784439,
              55.6630729
            ],
            [
              12.47817492,
              55.66354053
            ],
            [
              12.47856612,
              55.66420748
            ],
            [
              12.47858441,
              55.66457822
            ],
            [
              12.4783034,
              55.6645736
            ],
            [
              12.47832428,
              55.66499147
            ],
            [
              12.47819453,
              55.66499929
            ],
            [
              12.47836391,
              55.66566894
            ],
            [
              12.47812357,
              55.66600952
            ],
            [
              12.47831886,
              55.66680961
            ],
            [
              12.47860685,
              55.6712381
            ],
            [
              12.47853608,
              55.67286478
            ],
            [
              12.48113168,
              55.67286071
            ],
            [
              12.48366578,
              55.67375154
            ],
            [
              12.48395718,
              55.67405104
            ],
            [
              12.48433658,
              55.67578281
            ],
            [
              12.48611736,
              55.67692582
            ],
            [
              12.48727523,
              55.67735209
            ],
            [
              12.48756482,
              55.67772527
            ],
            [
              12.4910837,
              55.67933649
            ],
            [
              12.49145048,
              55.67893654
            ]
          ]
        ]
      }
    },
    {
      "type": "Feature",
      "properties": {
        "postnummernavn": "Vallensb\u00e6k",
        "source": "Dataforsyningen postnumre"
      },
      "geometry": {
        "type": "Polygon",
        "coordinates": [
          [
            [
              12.36503905,
              55.65614467
            ],
            [
              12.37228486,
              55.65079133
            ],
            [
              12.37369174,
              55.64959196
            ],
            [
              12.37607648,
              55.64684299
            ],
            [
              12.38060653,
              55.6435484
            ],
            [
              12.38292106,
              55.64010576
            ],
            [
              12.38737904,
              55.63554306
            ],
            [
              12.39132285,
              55.63039425
            ],
            [
              12.39037783,
              55.62984397
            ],
            [
              12.3897738,
              55.6291199
            ],
            [
              12.38324867,
              55.62865257
            ],
            [
              12.38189968,
              55.62927477
            ],
            [
              12.38126137,
              55.62892905
            ],
            [
              12.38135254,
              55.62884741
            ],
            [
              12.37957094,
              55.62840717
            ],
            [
              12.37113627,
              55.62725997
            ],
            [
              12.36835998,
              55.62968551
            ],
            [
              12.36735901,
              55.62967543
            ],
            [
              12.36739674,
              55.62918744
            ],
            [
              12.36336247,
              55.62936287
            ],
            [
              12.36326804,
              55.62766281
            ],
            [
              12.36241802,
              55.6262891
            ],
            [
              12.35773787,
              55.62771376
            ],
            [
              12.35605348,
              55.62862142
            ],
            [
              12.35462551,
              55.63018334
            ],
            [
              12.35270901,
              55.63178764
            ],
            [
              12.34607961,
              55.63821957
            ],
            [
              12.34133408,
              55.64195946
            ],
            [
              12.34273118,
              55.64405413
            ],
            [
              12.345781,
              55.64690362
            ],
            [
              12.34703921,
              55.64771677
            ],
            [
              12.34939833,
              55.6487229
            ],
            [
              12.35420881,
              55.64925365
            ],
            [
              12.35371989,
              55.65044683
            ],
            [
              12.35417951,
              55.65049441
            ],
            [
              12.3542883,
              55.65089603
            ],
            [
              12.3540902,
              55.65097257
            ],
            [
              12.35274721,
              55.65485945
            ],
            [
              12.35464089,
              55.65507136
            ],
            [
              12.3548438,
              55.65448426
            ],
            [
              12.35928685,
              55.65497327
            ],
            [
              12.35908257,
              55.65556221
            ],
            [
              12.36503905,
              55.65614467
            ]
          ]
        ]
      }
    },
    {
      "type": "Feature",
      "properties": {
        "postnummernavn": "Vallensb\u00e6k Strand",
        "source": "Dataforsyningen postnumre"
      },
      "geometry": {
        "type": "Polygon",
        "coordinates": [
          [
            [
              12.39132285,
              55.63039425
            ],
            [
              12.39659414,
              55.62474996
            ],
            [
              12.39859198,
              55.62322288
            ],
            [
              12.40338292,
              55.61837912
            ],
            [
              12.40491381,
              55.61260269
            ],
            [
              12.41024949,
              55.6076569
            ],
            [
              12.40605288,
              55.60331981
            ],
            [
              12.40245063,
              55.60981396
            ],
            [
              12.40035199,
              55.6095373
            ],
            [
              12.39610821,
              55.6095856
            ],
            [
              12.3853365,
              55.61189261
            ],
            [
              12.38309132,
              55.61289016
            ],
            [
              12.3810841,
              55.61429082
            ],
            [
              12.37865542,
              55.61492939
            ],
            [
              12.37812258,
              55.61609765
            ],
            [
              12.3770054,
              55.61740465
            ],
            [
              12.37479886,
              55.6180852
            ],
            [
              12.37469755,
              55.61879164
            ],
            [
              12.37337865,
              55.61993521
            ],
            [
              12.37211151,
              55.62032488
            ],
            [
              12.37049639,
              55.62162286
            ],
            [
              12.36915116,
              55.62228276
            ],
            [
              12.36736961,
              55.62403753
            ],
            [
              12.36410378,
              55.62581342
            ],
            [
              12.36241802,
              55.6262891
            ],
            [
              12.36326804,
              55.62766281
            ],
            [
              12.36336247,
              55.62936287
            ],
            [
              12.36739674,
              55.62918744
            ],
            [
              12.36735901,
              55.62967543
            ],
            [
              12.36835998,
              55.62968551
            ],
            [
              12.37113627,
              55.62725997
            ],
            [
              12.37957094,
              55.62840717
            ],
            [
              12.38135254,
              55.62884741
            ],
            [
              12.38126137,
              55.62892905
            ],
            [
              12.38189968,
              55.62927477
            ],
            [
              12.38324867,
              55.62865257
            ],
            [
              12.3897738,
              55.6291199
            ],
            [
              12.39037783,
              55.62984397
            ],
            [
              12.39132285,
              55.63039425
            ]
          ]
        ]
      }
    },
    {
      "type": "Feature",
      "properties": {
        "postnummernavn": "Vanl\u00f8se",
        "source": "Dataforsyningen postnumre"
      },
      "geometry": {
        "type": "Polygon",
        "coordinates": [
          [
            [
              12.49330927,
              55.68238363
            ],
            [
              12.49151609,
              55.67918149
            ],
            [
              12.49131567,
              55.67908253
            ],
            [
              12.4910837,
              55.67933649
            ],
            [
              12.48756482,
              55.67772527
            ],
            [
              12.48727523,
              55.67735209
            ],
            [
              12.48701473,
              55.67737883
            ],
            [
              12.48460189,
              55.67601948
            ],
            [
              12.4843082,
              55.6757214
            ],
            [
              12.48395718,
              55.67405104
            ],
            [
              12.48366578,
              55.67375154
            ],
            [
              12.48088014,
              55.67282496
            ],
            [
              12.47415835,
              55.67292631
            ],
            [
              12.47364267,
              55.67392161
            ],
            [
              12.47302943,
              55.67448459
            ],
            [
              12.47273505,
              55.67607209
            ],
            [
              12.47216564,
              55.67687497
            ],
            [
              12.4720027,
              55.67762686
            ],
            [
              12.4703974,
              55.67879497
            ],
            [
              12.46942644,
              55.68022663
            ],
            [
              12.46937439,
              55.68126437
            ],
            [
              12.46781219,
              55.68234481
            ],
            [
              12.4679232,
              55.68280572
            ],
            [
              12.46751861,
              55.68387239
            ],
            [
              12.46699684,
              55.68666738
            ],
            [
              12.46601779,
              55.69020206
            ],
            [
              12.46623641,
              55.69089651
            ],
            [
              12.46671934,
              55.69144445
            ],
            [
              12.46721918,
              55.69140883
            ],
            [
              12.46720248,
              55.69162087
            ],
            [
              12.46692859,
              55.69170594
            ],
            [
              12.46682187,
              55.6927346
            ],
            [
              12.46637741,
              55.69340848
            ],
            [
              12.46348605,
              55.69634511
            ],
            [
              12.46345519,
              55.69685435
            ],
            [
              12.46407986,
              55.69902414
            ],
            [
              12.46379902,
              55.70079186
            ],
            [
              12.4642897,
              55.70071965
            ],
            [
              12.46411757,
              55.7010215
            ],
            [
              12.46430488,
              55.70097736
            ],
            [
              12.46430285,
              55.70131756
            ],
            [
              12.46470888,
              55.70126384
            ],
            [
              12.46506246,
              55.70109974
            ],
            [
              12.46506655,
              55.70082592
            ],
            [
              12.46571847,
              55.70066508
            ],
            [
              12.46573282,
              55.70094575
            ],
            [
              12.46651329,
              55.70090589
            ],
            [
              12.46650715,
              55.70077551
            ],
            [
              12.46690107,
              55.70075593
            ],
            [
              12.46680194,
              55.70039368
            ],
            [
              12.46695166,
              55.70035483
            ],
            [
              12.46702035,
              55.70059808
            ],
            [
              12.46783909,
              55.70061657
            ],
            [
              12.46770673,
              55.70042025
            ],
            [
              12.46804753,
              55.70034741
            ],
            [
              12.46794902,
              55.70011084
            ],
            [
              12.46894118,
              55.70029499
            ],
            [
              12.46914661,
              55.70009074
            ],
            [
              12.46909111,
              55.69985089
            ],
            [
              12.47045367,
              55.69952066
            ],
            [
              12.47040271,
              55.70031739
            ],
            [
              12.47124567,
              55.7004276
            ],
            [
              12.47096195,
              55.69968296
            ],
            [
              12.47129674,
              55.69965029
            ],
            [
              12.47119537,
              55.69934224
            ],
            [
              12.47243656,
              55.6990495
            ],
            [
              12.47248107,
              55.69931951
            ],
            [
              12.47284104,
              55.6993104
            ],
            [
              12.47281988,
              55.69911876
            ],
            [
              12.47318749,
              55.69910961
            ],
            [
              12.47291587,
              55.69893739
            ],
            [
              12.47367523,
              55.69875898
            ],
            [
              12.47381894,
              55.69902726
            ],
            [
              12.47455369,
              55.69893578
            ],
            [
              12.47449495,
              55.69856655
            ],
            [
              12.47495272,
              55.69845944
            ],
            [
              12.47495766,
              55.69873911
            ],
            [
              12.47527172,
              55.69873129
            ],
            [
              12.4756812,
              55.69862726
            ],
            [
              12.47566002,
              55.69829383
            ],
            [
              12.47632944,
              55.69813378
            ],
            [
              12.47626867,
              55.69828126
            ],
            [
              12.47743691,
              55.6982182
            ],
            [
              12.47770946,
              55.69792068
            ],
            [
              12.48063338,
              55.69788935
            ],
            [
              12.48501954,
              55.69827885
            ],
            [
              12.48502687,
              55.69741205
            ],
            [
              12.48531946,
              55.69740994
            ],
            [
              12.48585072,
              55.69702026
            ],
            [
              12.48686251,
              55.6970958
            ],
            [
              12.48704961,
              55.69688898
            ],
            [
              12.48686889,
              55.69672796
            ],
            [
              12.48809938,
              55.69665494
            ],
            [
              12.48812326,
              55.69649412
            ],
            [
              12.48838585,
              55.69651102
            ],
            [
              12.48839381,
              55.69616633
            ],
            [
              12.4888063,
              55.6960146
            ],
            [
              12.49062979,
              55.69605218
            ],
            [
              12.49095743,
              55.69534566
            ],
            [
              12.49171694,
              55.69520625
            ],
            [
              12.49196051,
              55.69481205
            ],
            [
              12.49265583,
              55.69494709
            ],
            [
              12.4933133,
              55.69435669
            ],
            [
              12.49421018,
              55.6946132
            ],
            [
              12.49481487,
              55.69455875
            ],
            [
              12.49488393,
              55.69429099
            ],
            [
              12.49550704,
              55.69453543
            ],
            [
              12.49536047,
              55.69507235
            ],
            [
              12.4955479,
              55.69509264
            ],
            [
              12.49517316,
              55.69561664
            ],
            [
              12.49818675,
              55.69614674
            ],
            [
              12.49845704,
              55.69537538
            ],
            [
              12.49906275,
              55.69544082
            ],
            [
              12.49909309,
              55.6952532
            ],
            [
              12.50452096,
              55.69674449
            ],
            [
              12.50512708,
              55.69675019
            ],
            [
              12.50612351,
              55.69718154
            ],
            [
              12.5055142,
              55.69754369
            ],
            [
              12.50622761,
              55.69770529
            ],
            [
              12.50645385,
              55.6972648
            ],
            [
              12.50716554,
              55.69736476
            ],
            [
              12.50746998,
              55.69764216
            ],
            [
              12.50772668,
              55.69753619
            ],
            [
              12.50697242,
              55.69683546
            ],
            [
              12.51000005,
              55.69509846
            ],
            [
              12.50981314,
              55.69500247
            ],
            [
              12.51018642,
              55.69476601
            ],
            [
              12.5108755,
              55.69453984
            ],
            [
              12.51135513,
              55.69403392
            ],
            [
              12.51187023,
              55.69413444
            ],
            [
              12.51253381,
              55.69363682
            ],
            [
              12.51260785,
              55.6934171
            ],
            [
              12.51233083,
              55.6933317
            ],
            [
              12.51366259,
              55.69270551
            ],
            [
              12.51445597,
              55.69284364
            ],
            [
              12.51499763,
              55.6924974
            ],
            [
              12.51492917,
              55.69218538
            ],
            [
              12.51604457,
              55.69137735
            ],
            [
              12.51617907,
              55.69122135
            ],
            [
              12.51586572,
              55.69108755
            ],
            [
              12.51608339,
              55.69097845
            ],
            [
              12.52099779,
              55.69347271
            ],
            [
              12.5210437,
              55.69311254
            ],
            [
              12.52034778,
              55.69252756
            ],
            [
              12.51752084,
              55.69085495
            ],
            [
              12.51571104,
              55.69038821
            ],
            [
              12.51554017,
              55.69050254
            ],
            [
              12.51368985,
              55.68990844
            ],
            [
              12.51253778,
              55.68981862
            ],
            [
              12.50672458,
              55.68859029
            ],
            [
              12.50396946,
              55.68825929
            ],
            [
              12.50300021,
              55.68795978
            ],
            [
              12.49565664,
              55.68389637
            ],
            [
              12.49520588,
              55.68382461
            ],
            [
              12.49422314,
              55.68287092
            ],
            [
              12.49384349,
              55.68296806
            ],
            [
              12.49330927,
              55.68238363
            ]
          ]
        ]
      }
    },
    {
      "type": "Feature",
      "properties": {
        "postnummernavn": "Virum",
        "source": "Dataforsyningen postnumre"
      },
      "geometry": {
        "type": "Polygon",
        "coordinates": [
          [
            [
              12.45786785,
              55.79995521
            ],
            [
              12.45799562,
              55.79963224
            ],
            [
              12.45917994,
              55.79969429
            ],
            [
              12.45919197,
              55.79940183
            ],
            [
              12.4597391,
              55.79922143
            ],
            [
              12.46004355,
              55.79927418
            ],
            [
              12.45995838,
              55.79967768
            ],
            [
              12.46033989,
              55.7997857
            ],
            [
              12.46131671,
              55.79969147
            ],
            [
              12.46127156,
              55.79994332
            ],
            [
              12.46176285,
              55.79995385
            ],
            [
              12.46180831,
              55.79969281
            ],
            [
              12.46229895,
              55.79969426
            ],
            [
              12.46224711,
              55.79996421
            ],
            [
              12.462743677991636,
              55.8
            ],
            [
              12.483311591186375,
              55.8
            ],
            [
              12.48388925,
              55.79893526
            ],
            [
              12.48669896,
              55.79953906
            ],
            [
              12.487487603593104,
              55.8
            ],
            [
              12.501380599722877,
              55.8
            ],
            [
              12.50045127,
              55.7994814
            ],
            [
              12.4994432,
              55.79816007
            ],
            [
              12.49787006,
              55.79845592
            ],
            [
              12.49729002,
              55.7978478
            ],
            [
              12.49713041,
              55.79709716
            ],
            [
              12.49778404,
              55.79624531
            ],
            [
              12.49663632,
              55.79618169
            ],
            [
              12.49693803,
              55.79476963
            ],
            [
              12.49666072,
              55.794751
            ],
            [
              12.49583631,
              55.79410254
            ],
            [
              12.49315243,
              55.79377105
            ],
            [
              12.49356652,
              55.79299024
            ],
            [
              12.49363179,
              55.78991288
            ],
            [
              12.49012513,
              55.78951221
            ],
            [
              12.49147007,
              55.7874644
            ],
            [
              12.48940169,
              55.78720435
            ],
            [
              12.4895253,
              55.78701283
            ],
            [
              12.48879092,
              55.78693767
            ],
            [
              12.48703854,
              55.78798188
            ],
            [
              12.48572249,
              55.78316021
            ],
            [
              12.4857014,
              55.78263508
            ],
            [
              12.48603254,
              55.78270364
            ],
            [
              12.48608832,
              55.78248689
            ],
            [
              12.4858217,
              55.78076082
            ],
            [
              12.486925,
              55.77991525
            ],
            [
              12.49026652,
              55.77800459
            ],
            [
              12.48748298,
              55.77827618
            ],
            [
              12.48724689,
              55.7784031
            ],
            [
              12.48762511,
              55.77840981
            ],
            [
              12.48670853,
              55.7784682
            ],
            [
              12.48528337,
              55.77895014
            ],
            [
              12.48527644,
              55.77937428
            ],
            [
              12.48434886,
              55.77946696
            ],
            [
              12.48076001,
              55.77897019
            ],
            [
              12.47840019,
              55.77923945
            ],
            [
              12.47545146,
              55.77909483
            ],
            [
              12.47436249,
              55.77927976
            ],
            [
              12.46632916,
              55.77893278
            ],
            [
              12.46630596,
              55.77873805
            ],
            [
              12.46194947,
              55.77858509
            ],
            [
              12.46187073,
              55.77826587
            ],
            [
              12.46032945,
              55.77857321
            ],
            [
              12.45469982,
              55.77849291
            ],
            [
              12.45166426,
              55.77892641
            ],
            [
              12.44934787,
              55.77976619
            ],
            [
              12.45021799,
              55.78049287
            ],
            [
              12.44977443,
              55.78066025
            ],
            [
              12.45035829,
              55.78122388
            ],
            [
              12.44942786,
              55.78165013
            ],
            [
              12.44956059,
              55.78199454
            ],
            [
              12.44927522,
              55.78209265
            ],
            [
              12.44966162,
              55.7826317
            ],
            [
              12.44689418,
              55.78347447
            ],
            [
              12.44633748,
              55.78334794
            ],
            [
              12.44696133,
              55.78256079
            ],
            [
              12.44676463,
              55.78210982
            ],
            [
              12.44665633,
              55.78229979
            ],
            [
              12.44542855,
              55.78202476
            ],
            [
              12.44299112,
              55.7841157
            ],
            [
              12.44259507,
              55.78395993
            ],
            [
              12.44259174,
              55.78371798
            ],
            [
              12.44155833,
              55.78332426
            ],
            [
              12.43916007,
              55.78339477
            ],
            [
              12.43859831,
              55.78361047
            ],
            [
              12.43860189,
              55.78378858
            ],
            [
              12.43576614,
              55.78374908
            ],
            [
              12.43033644,
              55.78297414
            ],
            [
              12.42628063,
              55.78293964
            ],
            [
              12.4202318,
              55.78360276
            ],
            [
              12.41697107,
              55.78345427
            ],
            [
              12.41504365,
              55.78359249
            ],
            [
              12.41513123225358,
              55.785131232253576
            ],
            [
              12.429527282491646,
              55.799527282491646
            ],
            [
              12.431244897359202,
              55.8
            ],
            [
              12.439435265552357,
              55.8
            ],
            [
              12.43918152,
              55.79968994
            ],
            [
              12.44644306,
              55.79959844
            ],
            [
              12.449539829353686,
              55.8
            ],
            [
              12.452937453005243,
              55.8
            ],
            [
              12.453101,
              55.79970997
            ],
            [
              12.45367846,
              55.79981206
            ],
            [
              12.453572730439687,
              55.8
            ],
            [
              12.45786785,
              55.79995521
            ]
          ]
        ]
      }
    },
    {
      "type": "Feature",
      "properties": {
        "postnummernavn": "V\u00e6rl\u00f8se",
        "source": "Dataforsyningen postnumre"
      },
      "geometry": {
        "type": "Polygon",
        "coordinates": [
          [
            [
              12.41513123225358,
              55.785131232253576
            ],
            [
              12.41503978,
              55.78352642
            ],
            [
              12.41613721,
              55.78111136
            ],
            [
              12.41524139,
              55.77979426
            ],
            [
              12.41471893,
              55.77825107
            ],
            [
              12.41359661,
              55.77749978
            ],
            [
              12.41554223,
              55.77641044
            ],
            [
              12.41447408,
              55.77519685
            ],
            [
              12.41626982,
              55.774556
            ],
            [
              12.41707932,
              55.77448808
            ],
            [
              12.42067379,
              55.77564065
            ],
            [
              12.42283983,
              55.77558496
            ],
            [
              12.42452977,
              55.7749723
            ],
            [
              12.42695805,
              55.77493684
            ],
            [
              12.42707239,
              55.7739323
            ],
            [
              12.42749827,
              55.77369788
            ],
            [
              12.42690894,
              55.77302677
            ],
            [
              12.42566573,
              55.7733249
            ],
            [
              12.42511108,
              55.77227078
            ],
            [
              12.42571579,
              55.77198759
            ],
            [
              12.42536922,
              55.77187894
            ],
            [
              12.42582914,
              55.77164906
            ],
            [
              12.4255082,
              55.77144178
            ],
            [
              12.42495789,
              55.77163587
            ],
            [
              12.42455068,
              55.77136158
            ],
            [
              12.42417195,
              55.77153524
            ],
            [
              12.4232471,
              55.7708349
            ],
            [
              12.41905458,
              55.77265482
            ],
            [
              12.41727828,
              55.77034193
            ],
            [
              12.41689266,
              55.76023878
            ],
            [
              12.41635778,
              55.75479611
            ],
            [
              12.41603822,
              55.75480645
            ],
            [
              12.4159906,
              55.75423297
            ],
            [
              12.41555628,
              55.75407422
            ],
            [
              12.41551779,
              55.753667
            ],
            [
              12.41625211,
              55.75364135
            ],
            [
              12.41619221,
              55.75298226
            ],
            [
              12.41336844,
              55.75308643
            ],
            [
              12.4102119,
              55.75240722
            ],
            [
              12.40739811,
              55.7527113
            ],
            [
              12.40589364,
              55.75327651
            ],
            [
              12.40122016,
              55.75682523
            ],
            [
              12.3979837,
              55.75798012
            ],
            [
              12.39570371,
              55.75908113
            ],
            [
              12.39510591,
              55.75986011
            ],
            [
              12.3948426,
              55.75972758
            ],
            [
              12.39457865,
              55.75914578
            ],
            [
              12.39388836,
              55.75664394
            ],
            [
              12.39115664,
              55.75664202
            ],
            [
              12.39036613,
              55.75638693
            ],
            [
              12.38745111,
              55.75661881
            ],
            [
              12.38881386,
              55.75815257
            ],
            [
              12.389010076056337,
              55.759010076056335
            ],
            [
              12.41513123225358,
              55.785131232253576
            ]
          ]
        ]
      }
    }
  ]
}
