{
  "type": "FeatureCollection",
  "features": [
    {
      "type": "Feature",
      "properties": {
        "name": "Aalholm",
        "code": "7028",
        "source": "Dataforsyningen sogne"
      },
      "geometry": {
        "type": "Polygon",
        "coordinates": [
          [
            [
              12.4933656,
              55.67256213
            ],
            [
              12.49521615,
              55.67252288
            ],
            [
              12.49528947,
              55.67231938
            ],
            [
              12.49544891,
              55.6723285
            ],
            [
              12.49622505,
              55.66984099
            ],
            [
              12.49595374,
              55.66996867
            ],
            [
              12.49430855,
              55.66928051
            ],
            [
              12.49378967,
              55.66939735
            ],
            [
              12.49389115,
              55.66934006
            ],
            [
              12.49382516,
              55.66903003
            ],
            [
              12.49407772,
              55.66712652
            ],
            [
              12.49409677,
              55.66577069
            ],
            [
              12.49437329,
              55.66577836
            ],
            [
              12.49404058,
              55.6657329
            ],
            [
              12.49388224,
              55.66430012
            ],
            [
              12.48819807,
              55.6643922
            ],
            [
              12.48815473,
              55.66463441
            ],
            [
              12.48386275,
              55.66450864
            ],
            [
              12.48385881,
              55.66439995
            ],
            [
              12.48350113,
              55.66440796
            ],
            [
              12.48349293,
              55.6644999
            ],
            [
              12.4783034,
              55.6645736
            ],
            [
              12.47832332,
              55.66499141
            ],
            [
              12.4781955,
              55.66499944
            ],
            [
              12.47822846,
              55.66552109
            ],
            [
              12.47836391,
              55.66566894
            ],
            [
              12.47812357,
              55.66600952
            ],
            [
              12.47831901,
              55.66680961
            ],
            [
              12.47854923,
              55.67204735
            ],
            [
              12.47473283,
              55.67216194
            ],
            [
              12.47450943,
              55.6724827
            ],
            [
              12.47452411,
              55.67265169
            ],
            [
              12.4784919,
              55.67256796
            ],
            [
              12.47846078,
              55.67276036
            ],
            [
              12.48044161,
              55.67274219
            ],
            [
              12.48193235,
              55.67299541
            ],
            [
              12.48391438,
              55.67387225
            ],
            [
              12.48434232,
              55.67567034
            ],
            [
              12.48462848,
              55.67599463
            ],
            [
              12.48733774,
              55.67745362
            ],
            [
              12.4894467,
              55.67812589
            ],
            [
              12.49131567,
              55.67908253
            ],
            [
              12.49259745,
              55.67761773
            ],
            [
              12.49278053,
              55.67582959
            ],
            [
              12.4933656,
              55.67256213
            ]
          ]
        ]
      }
    },
    {
      "type": "Feature",
      "properties": {
        "name": "Advents",
        "code": "7059",
        "source": "Dataforsyningen sogne"
      },
      "geometry": {
        "type": "Polygon",
        "coordinates": [
          [
            [
              12.49952081,
              55.69797586
            ],
            [
              12.499894,
              55.69696688
            ],
            [
              12.49889484,
              55.69679605
            ],
            [
              12.49999285,
              55.69691686
            ],
            [
              12.50049873,
              55.69560288
            ],
            [
              12.5009166,
              55.69546012
            ],
            [
              12.50202915,
              55.6944169
            ],
            [
              12.50285094,
              55.69440297
            ],
            [
              12.5025046,
              55.69428455
            ],
            [
              12.50240512,
              55.69406242
            ],
            [
              12.50394019,
              55.6926435
            ],
            [
              12.50370181,
              55.69263548
            ],
            [
              12.50391761,
              55.69239311
            ],
            [
              12.50491921,
              55.69246591
            ],
            [
              12.5050053,
              55.69238388
            ],
            [
              12.50448666,
              55.69210827
            ],
            [
              12.50546906,
              55.69128274
            ],
            [
              12.50451394,
              55.6903456
            ],
            [
              12.50573538,
              55.68920383
            ],
            [
              12.50895579,
              55.68948264
            ],
            [
              12.51096397,
              55.68979517
            ],
            [
              12.51517993,
              55.69102511
            ],
            [
              12.5156924,
              55.69055806
            ],
            [
              12.51510763,
              55.69035498
            ],
            [
              12.51527691,
              55.69022289
            ],
            [
              12.51038791,
              55.68910492
            ],
            [
              12.50391819,
              55.68823954
            ],
            [
              12.5023816,
              55.68775797
            ],
            [
              12.50141218,
              55.68708799
            ],
            [
              12.50044329,
              55.68671364
            ],
            [
              12.49820355,
              55.68552233
            ],
            [
              12.49749698,
              55.68590458
            ],
            [
              12.49736371,
              55.68584166
            ],
            [
              12.49627228,
              55.6861936
            ],
            [
              12.49381877,
              55.68658883
            ],
            [
              12.49394543,
              55.68682566
            ],
            [
              12.49092632,
              55.68736876
            ],
            [
              12.49096172,
              55.68744616
            ],
            [
              12.49081456,
              55.68747732
            ],
            [
              12.49095738,
              55.68757603
            ],
            [
              12.49075129,
              55.68781369
            ],
            [
              12.49089876,
              55.68783782
            ],
            [
              12.49107257,
              55.68876565
            ],
            [
              12.49023222,
              55.68884145
            ],
            [
              12.4894,
              55.68871389
            ],
            [
              12.48934416,
              55.68881061
            ],
            [
              12.49022148,
              55.68893338
            ],
            [
              12.49108214,
              55.68887471
            ],
            [
              12.4912379,
              55.68935393
            ],
            [
              12.49082734,
              55.6893854
            ],
            [
              12.49071982,
              55.68958618
            ],
            [
              12.48904089,
              55.68927421
            ],
            [
              12.48894177,
              55.68941577
            ],
            [
              12.48999991,
              55.68960271
            ],
            [
              12.48932001,
              55.69061418
            ],
            [
              12.48826305,
              55.69044437
            ],
            [
              12.48815989,
              55.69059782
            ],
            [
              12.48922339,
              55.69076951
            ],
            [
              12.48848394,
              55.69189371
            ],
            [
              12.4874512,
              55.69167267
            ],
            [
              12.48735847,
              55.69180748
            ],
            [
              12.48959369,
              55.69225876
            ],
            [
              12.48920371,
              55.69282319
            ],
            [
              12.4894227,
              55.69309749
            ],
            [
              12.48902854,
              55.69563252
            ],
            [
              12.48753186,
              55.69621593
            ],
            [
              12.48742481,
              55.69655094
            ],
            [
              12.48762093,
              55.69718834
            ],
            [
              12.49281507,
              55.69746026
            ],
            [
              12.49298404,
              55.69759455
            ],
            [
              12.49381046,
              55.6976656
            ],
            [
              12.49406856,
              55.6978459
            ],
            [
              12.49489802,
              55.69787424
            ],
            [
              12.49488413,
              55.69778472
            ],
            [
              12.49952081,
              55.69797586
            ]
          ],
          [
            [
              12.48867661,
              55.69197473
            ],
            [
              12.48940926,
              55.69077601
            ],
            [
              12.49045119,
              55.69093608
            ],
            [
              12.48966765,
              55.6921332
            ],
            [
              12.48867661,
              55.69197473
            ]
          ],
          [
            [
              12.49055673,
              55.69079505
            ],
            [
              12.48949963,
              55.69061491
            ],
            [
              12.49015715,
              55.68962027
            ],
            [
              12.49098303,
              55.68973541
            ],
            [
              12.49055673,
              55.69079505
            ]
          ],
          [
            [
              12.51005117,
              55.68934879
            ],
            [
              12.50735942,
              55.68888756
            ],
            [
              12.51041085,
              55.68927195
            ],
            [
              12.51005117,
              55.68934879
            ]
          ]
        ]
      }
    },
    {
      "type": "Feature",
      "properties": {
        "name": "Aldersro",
        "code": "7054",
        "source": "Dataforsyningen sogne"
      },
      "geometry": {
        "type": "Polygon",
        "coordinates": [
          [
            [
              12.56144984,
              55.70992625
            ],
            [
              12.56330674,
              55.70668152
            ],
            [
              12.56336091,
              55.70631821
            ],
            [
              12.56238611,
              55.70591034
            ],
            [
              12.56136061,
              55.6969777
            ],
            [
              12.56034133,
              55.69658729
            ],
            [
              12.55639687,
              55.69802405
            ],
            [
              12.55394032,
              55.69916086
            ],
            [
              12.55845115,
              55.70308714
            ],
            [
              12.55683577,
              55.70377265
            ],
            [
              12.55693831,
              55.70383596
            ],
            [
              12.55274963,
              55.70619161
            ],
            [
              12.55006568,
              55.70835269
            ],
            [
              12.54976917,
              55.70814232
            ],
            [
              12.54953919,
              55.70833656
            ],
            [
              12.54973587,
              55.70847468
            ],
            [
              12.54896851,
              55.70888925
            ],
            [
              12.54819718,
              55.70960444
            ],
            [
              12.55162047,
              55.71075999
            ],
            [
              12.55321115,
              55.71148856
            ],
            [
              12.55903007,
              55.71544734
            ],
            [
              12.56045166,
              55.71248424
            ],
            [
              12.56010036,
              55.71224518
            ],
            [
              12.56117378,
              55.71011446
            ],
            [
              12.56144984,
              55.70992625
            ]
          ]
        ]
      }
    },
    {
      "type": "Feature",
      "properties": {
        "name": "Allehelgens",
        "code": "7085",
        "source": "Dataforsyningen sogne"
      },
      "geometry": {
        "type": "Polygon",
        "coordinates": [
          [
            [
              12.63220594,
              55.66960609
            ],
            [
              12.63152621,
              55.66939288
            ],
            [
              12.63165354,
              55.66851841
            ],
            [
              12.63300886,
              55.66698486
            ],
            [
              12.63340128,
              55.6666961
            ],
            [
              12.6334424,
              55.66648771
            ],
            [
              12.63389465,
              55.66609295
            ],
            [
              12.63413318,
              55.66564437
            ],
            [
              12.63490496,
              55.6649541
            ],
            [
              12.63478284,
              55.66491015
            ],
            [
              12.63440984,
              55.66528962
            ],
            [
              12.63350108,
              55.66502989
            ],
            [
              12.63055851,
              55.6646797
            ],
            [
              12.63061329,
              55.66453447
            ],
            [
              12.63220608,
              55.66467927
            ],
            [
              12.63238596,
              55.6640561
            ],
            [
              12.63249583,
              55.66406237
            ],
            [
              12.6323896,
              55.66403873
            ],
            [
              12.63252717,
              55.66401783
            ],
            [
              12.6324247,
              55.6639867
            ],
            [
              12.63275053,
              55.66365603
            ],
            [
              12.63503825,
              55.66432304
            ],
            [
              12.63485781,
              55.66473573
            ],
            [
              12.63494864,
              55.66474599
            ],
            [
              12.63556354,
              55.66335314
            ],
            [
              12.63186329,
              55.66230169
            ],
            [
              12.62875337,
              55.66195255
            ],
            [
              12.62838855,
              55.66169754
            ],
            [
              12.6268526,
              55.66147108
            ],
            [
              12.61970039,
              55.66115231
            ],
            [
              12.61541994,
              55.66071312
            ],
            [
              12.61427448,
              55.66048002
            ],
            [
              12.6127605,
              55.66264441
            ],
            [
              12.61262102,
              55.66261201
            ],
            [
              12.61214224,
              55.66326086
            ],
            [
              12.61102211,
              55.66340662
            ],
            [
              12.61104621,
              55.66351274
            ],
            [
              12.61202761,
              55.66379288
            ],
            [
              12.61183747,
              55.66403911
            ],
            [
              12.61165507,
              55.6639622
            ],
            [
              12.61147271,
              55.66416162
            ],
            [
              12.61174429,
              55.66423275
            ],
            [
              12.61154166,
              55.66453338
            ],
            [
              12.61105947,
              55.66443654
            ],
            [
              12.61083373,
              55.66479199
            ],
            [
              12.61130393,
              55.66488631
            ],
            [
              12.61121479,
              55.6650186
            ],
            [
              12.61081184,
              55.66493758
            ],
            [
              12.61038235,
              55.66577488
            ],
            [
              12.61211024,
              55.66613446
            ],
            [
              12.61220016,
              55.66633323
            ],
            [
              12.61171594,
              55.66698575
            ],
            [
              12.6111688,
              55.66688542
            ],
            [
              12.61109293,
              55.66698908
            ],
            [
              12.61914876,
              55.66871735
            ],
            [
              12.6191181,
              55.66882625
            ],
            [
              12.61969352,
              55.66883453
            ],
            [
              12.62007359,
              55.66891521
            ],
            [
              12.61974483,
              55.66895414
            ],
            [
              12.62474083,
              55.67002314
            ],
            [
              12.62513428,
              55.66999721
            ],
            [
              12.6250639,
              55.67010486
            ],
            [
              12.62574242,
              55.67024863
            ],
            [
              12.62610866,
              55.67006111
            ],
            [
              12.63086685,
              55.67057463
            ],
            [
              12.63220594,
              55.66960609
            ]
          ]
        ]
      }
    },
    {
      "type": "Feature",
      "properties": {
        "name": "Anna",
        "code": "7050",
        "source": "Dataforsyningen sogne"
      },
      "geometry": {
        "type": "Polygon",
        "coordinates": [
          [
            [
              12.54474784,
              55.69456489
            ],
            [
              12.54631982,
              55.69376739
            ],
            [
              12.5466627,
              55.69391436
            ],
            [
              12.54686626,
              55.69378995
            ],
            [
              12.54655977,
              55.69361358
            ],
            [
              12.54731758,
              55.69315632
            ],
            [
              12.54118106,
              55.68770874
            ],
            [
              12.54049631,
              55.68842473
            ],
            [
              12.5377741,
              55.68978892
            ],
            [
              12.53690836,
              55.6906769
            ],
            [
              12.53763737,
              55.6902749
            ],
            [
              12.53961686,
              55.69144092
            ],
            [
              12.54131394,
              55.6931454
            ],
            [
              12.54161416,
              55.69307846
            ],
            [
              12.54379364,
              55.69526477
            ],
            [
              12.54474784,
              55.69456489
            ]
          ]
        ]
      }
    },
    {
      "type": "Feature",
      "properties": {
        "name": "Ansgarkirkens",
        "code": "7061",
        "source": "Dataforsyningen sogne"
      },
      "geometry": {
        "type": "Polygon",
        "coordinates": [
          [
            [
              12.52203214,
              55.70611432
            ],
            [
              12.5236856,
              55.70584249
            ],
            [
              12.52755223,
              55.70427535
            ],
            [
              12.52596844,
              55.70306692
            ],
            [
              12.52898605,
              55.70192516
            ],
            [
              12.52838991,
              55.70131793
            ],
            [
              12.52841589,
              55.70120002
            ],
            [
              12.53274592,
              55.69793407
            ],
            [
              12.5337074,
              55.69765911
            ],
            [
              12.53536689,
              55.69776531
            ],
            [
              12.53542978,
              55.69743063
            ],
            [
              12.5321496,
              55.69713085
            ],
            [
              12.5322532,
              55.69667901
            ],
            [
              12.53063666,
              55.69671638
            ],
            [
              12.52972538,
              55.69583418
            ],
            [
              12.52732187,
              55.69555481
            ],
            [
              12.52610557,
              55.69620481
            ],
            [
              12.52471352,
              55.6972883
            ],
            [
              12.52264498,
              55.6973631
            ],
            [
              12.52239883,
              55.69753625
            ],
            [
              12.51825233,
              55.6979161
            ],
            [
              12.51603944,
              55.69843471
            ],
            [
              12.52032368,
              55.70251476
            ],
            [
              12.52203214,
              55.70611432
            ]
          ]
        ]
      }
    },
    {
      "type": "Feature",
      "properties": {
        "name": "Aved\u00f8re",
        "code": "7146",
        "source": "Dataforsyningen sogne"
      },
      "geometry": {
        "type": "MultiPolygon",
        "coordinates": [
          [
            [
              [
                12.46663132,
                55.59979893
              ],
              [
                12.46645907,
                55.59983923
              ],
              [
                12.46662476,
                55.59985423
              ],
              [
                12.46663132,
                55.59979893
              ]
            ]
          ],
          [
            [
              [
                12.46023105,
                55.64746299
              ],
              [
                12.46171406,
                55.64521426
              ],
              [
                12.46091213,
                55.64508675
              ],
              [
                12.46475812,
                55.6390744
              ],
              [
                12.46698564,
                55.63479621
              ],
              [
                12.46758776,
                55.63486837
              ],
              [
                12.47063786,
                55.63019665
              ],
              [
                12.47184478,
                55.62773126
              ],
              [
                12.47350024,
                55.62497431
              ],
              [
                12.47283047,
                55.62484188
              ],
              [
                12.47405463,
                55.62269472
              ],
              [
                12.47394519,
                55.62267723
              ],
              [
                12.47401501,
                55.62251107
              ],
              [
                12.47415736,
                55.62246765
              ],
              [
                12.47563209,
                55.61929427
              ],
              [
                12.47593941,
                55.61801029
              ],
              [
                12.47580614,
                55.6170241
              ],
              [
                12.4765267,
                55.61701211
              ],
              [
                12.47643738,
                55.61724671
              ],
              [
                12.47651951,
                55.61744022
              ],
              [
                12.47991532,
                55.6169142
              ],
              [
                12.48481802,
                55.61674986
              ],
              [
                12.4855549,
                55.61700395
              ],
              [
                12.48626671,
                55.61704358
              ],
              [
                12.48649848,
                55.61723274
              ],
              [
                12.48738422,
                55.61735009
              ],
              [
                12.48778637,
                55.6178049
              ],
              [
                12.4888591,
                55.61813851
              ],
              [
                12.48975972,
                55.618627
              ],
              [
                12.49031488,
                55.6186022
              ],
              [
                12.4960124,
                55.61563493
              ],
              [
                12.49795375,
                55.61551982
              ],
              [
                12.49868064,
                55.61534566
              ],
              [
                12.49895271,
                55.61512551
              ],
              [
                12.5035606,
                55.61480294
              ],
              [
                12.50379135,
                55.61474671
              ],
              [
                12.50375283,
                55.61455728
              ],
              [
                12.50494064,
                55.61447475
              ],
              [
                12.5047451,
                55.61414954
              ],
              [
                12.50368141,
                55.61422177
              ],
              [
                12.50341468,
                55.61377164
              ],
              [
                12.50230439,
                55.61293704
              ],
              [
                12.50194417,
                55.61128929
              ],
              [
                12.50045154,
                55.61146376
              ],
              [
                12.50037575,
                55.61117316
              ],
              [
                12.50060851,
                55.61071405
              ],
              [
                12.50160797,
                55.61072065
              ],
              [
                12.50159316,
                55.61062936
              ],
              [
                12.5016332,
                55.61071318
              ],
              [
                12.50202863,
                55.61042341
              ],
              [
                12.50265966,
                55.61029415
              ],
              [
                12.50215543,
                55.61020309
              ],
              [
                12.49824037,
                55.6104848
              ],
              [
                12.49655379,
                55.61009928
              ],
              [
                12.4954285,
                55.60508676
              ],
              [
                12.49191104,
                55.60107073
              ],
              [
                12.49144642,
                55.60070003
              ],
              [
                12.48834286,
                55.59921961
              ],
              [
                12.48625543,
                55.59869287
              ],
              [
                12.48475184,
                55.59778885
              ],
              [
                12.48442878,
                55.59779354
              ],
              [
                12.48377362,
                55.59806088
              ],
              [
                12.48180924,
                55.59902273
              ],
              [
                12.4812606,
                55.59982391
              ],
              [
                12.4809943,
                55.60093483
              ],
              [
                12.4806734,
                55.60104834
              ],
              [
                12.46874853,
                55.60188949
              ],
              [
                12.46839294,
                55.60183563
              ],
              [
                12.46831048,
                55.60169131
              ],
              [
                12.46831941,
                55.60183924
              ],
              [
                12.467837,
                55.60195333
              ],
              [
                12.46167136,
                55.60238326
              ],
              [
                12.46114976,
                55.60233416
              ],
              [
                12.46105908,
                55.60219007
              ],
              [
                12.46107676,
                55.60234027
              ],
              [
                12.46071455,
                55.60246874
              ],
              [
                12.45967045,
                55.60267581
              ],
              [
                12.45747651,
                55.60340968
              ],
              [
                12.45642385,
                55.60358487
              ],
              [
                12.45583093,
                55.60349793
              ],
              [
                12.4546982,
                55.6029689
              ],
              [
                12.45458556,
                55.60271393
              ],
              [
                12.45403905,
                55.60256039
              ],
              [
                12.45381399,
                55.60271555
              ],
              [
                12.45408121,
                55.60295834
              ],
              [
                12.45474804,
                55.60309131
              ],
              [
                12.45568182,
                55.60361543
              ],
              [
                12.44891677,
                55.60410917
              ],
              [
                12.44818938,
                55.60422334
              ],
              [
                12.4476931,
                55.60448259
              ],
              [
                12.44732677,
                55.60502978
              ],
              [
                12.44452574,
                55.61204157
              ],
              [
                12.44417249,
                55.61234984
              ],
              [
                12.44413093,
                55.61288285
              ],
              [
                12.44332962,
                55.61478925
              ],
              [
                12.44353436,
                55.61516545
              ],
              [
                12.44286643,
                55.61511966
              ],
              [
                12.44274817,
                55.61540513
              ],
              [
                12.44242393,
                55.61561358
              ],
              [
                12.4416583,
                55.61568203
              ],
              [
                12.44094244,
                55.61736554
              ],
              [
                12.43858344,
                55.62093031
              ],
              [
                12.44233303,
                55.62189481
              ],
              [
                12.43934686,
                55.62532176
              ],
              [
                12.43775571,
                55.62684881
              ],
              [
                12.43615391,
                55.6280289
              ],
              [
                12.43349961,
                55.62944139
              ],
              [
                12.43203209,
                55.63043504
              ],
              [
                12.43019837,
                55.63181817
              ],
              [
                12.42935799,
                55.63275332
              ],
              [
                12.42846942,
                55.63428684
              ],
              [
                12.42590762,
                55.64042662
              ],
              [
                12.42697069,
                55.64176565
              ],
              [
                12.42723954,
                55.64234976
              ],
              [
                12.42711263,
                55.64280567
              ],
              [
                12.42771227,
                55.64307806
              ],
              [
                12.43602227,
                55.64511372
              ],
              [
                12.4441097,
                55.64659115
              ],
              [
                12.45308986,
                55.6477158
              ],
              [
                12.45995496,
                55.64818496
              ],
              [
                12.46023105,
                55.64746299
              ]
            ]
          ]
        ]
      }
    },
    {
      "type": "Feature",
      "properties": {
        "name": "Bagsv\u00e6rd",
        "code": "7132",
        "source": "Dataforsyningen sogne"
      },
      "geometry": {
        "type": "Polygon",
        "coordinates": [
          [
            [
              12.44819814,
              55.77337665
            ],
            [
              12.44960248,
              55.77356765
            ],
            [
              12.45110981,
              55.77405362
            ],
            [
              12.45214833,
              55.7740327
            ],
            [
              12.4553362,
              55.773216
            ],
            [
              12.45718134,
              55.7730113
            ],
            [
              12.45836788,
              55.77269197
            ],
            [
              12.45853734,
              55.77144388
            ],
            [
              12.45922614,
              55.77072666
            ],
            [
              12.46005937,
              55.77022826
            ],
            [
              12.46390001,
              55.76854298
            ],
            [
              12.46536783,
              55.7680957
            ],
            [
              12.46608263,
              55.76497441
            ],
            [
              12.46542087,
              55.76486766
            ],
            [
              12.46614674,
              55.76197399
            ],
            [
              12.46539912,
              55.76192685
            ],
            [
              12.46539515,
              55.76055309
            ],
            [
              12.46442981,
              55.7606956
            ],
            [
              12.46426756,
              55.76053474
            ],
            [
              12.46479909,
              55.75943763
            ],
            [
              12.46222788,
              55.75883421
            ],
            [
              12.46100177,
              55.75823102
            ],
            [
              12.46036588,
              55.75859988
            ],
            [
              12.45884866,
              55.7578853
            ],
            [
              12.45863528,
              55.7580162
            ],
            [
              12.45793059,
              55.75781738
            ],
            [
              12.45786481,
              55.75792443
            ],
            [
              12.4561472,
              55.75761099
            ],
            [
              12.4564268,
              55.75711318
            ],
            [
              12.45513649,
              55.75686385
            ],
            [
              12.45507108,
              55.75680222
            ],
            [
              12.45628556,
              55.7539007
            ],
            [
              12.45646596,
              55.75273466
            ],
            [
              12.4522616,
              55.75129892
            ],
            [
              12.44648035,
              55.74973757
            ],
            [
              12.44591436,
              55.75011814
            ],
            [
              12.44471542,
              55.75049985
            ],
            [
              12.44210351,
              55.75107708
            ],
            [
              12.44009052,
              55.75176505
            ],
            [
              12.44069921,
              55.75238565
            ],
            [
              12.44078414,
              55.75271622
            ],
            [
              12.44033012,
              55.75350543
            ],
            [
              12.4402197,
              55.75461346
            ],
            [
              12.43997893,
              55.75517784
            ],
            [
              12.4386917,
              55.75539778
            ],
            [
              12.43676552,
              55.7553707
            ],
            [
              12.43641119,
              55.75510019
            ],
            [
              12.43636709,
              55.75398876
            ],
            [
              12.43664948,
              55.75331163
            ],
            [
              12.43533991,
              55.75230414
            ],
            [
              12.42964316,
              55.75229736
            ],
            [
              12.42564207,
              55.75287186
            ],
            [
              12.42082553,
              55.75307145
            ],
            [
              12.41618483,
              55.75299262
            ],
            [
              12.41689266,
              55.76023878
            ],
            [
              12.41728463,
              55.77037979
            ],
            [
              12.41930603,
              55.77298139
            ],
            [
              12.42200901,
              55.77284954
            ],
            [
              12.42388558,
              55.77239074
            ],
            [
              12.42535202,
              55.77187744
            ],
            [
              12.43818388,
              55.77594852
            ],
            [
              12.43857957,
              55.77622264
            ],
            [
              12.43894605,
              55.77671749
            ],
            [
              12.44018006,
              55.77637067
            ],
            [
              12.44095418,
              55.77578047
            ],
            [
              12.44170842,
              55.77539914
            ],
            [
              12.44372294,
              55.77484886
            ],
            [
              12.44417622,
              55.77436384
            ],
            [
              12.44708833,
              55.77373329
            ],
            [
              12.44819814,
              55.77337665
            ]
          ]
        ]
      }
    },
    {
      "type": "Feature",
      "properties": {
        "name": "Ballerup",
        "code": "7187",
        "source": "Dataforsyningen sogne"
      },
      "geometry": {
        "type": "Polygon",
        "coordinates": [
          [
            [
              12.3889737,
              55.7589578
            ],
            [
              12.39098369,
              55.75885438
            ],
            [
              12.39241836,
              55.75891967
            ],
            [
              12.3923992,
              55.75931014
            ],
            [
              12.39332202,
              55.75931835
            ],
            [
              12.39334298,
              55.75842955
            ],
            [
              12.39429156,
              55.75830127
            ],
            [
              12.3936572,
              55.75566662
            ],
            [
              12.39366088,
              55.75525778
            ],
            [
              12.39357306,
              55.75525077
            ],
            [
              12.39377736,
              55.75473245
            ],
            [
              12.39348039,
              55.75469094
            ],
            [
              12.39367089,
              55.75427244
            ],
            [
              12.39356674,
              55.75425177
            ],
            [
              12.39357781,
              55.75410032
            ],
            [
              12.39381474,
              55.75271031
            ],
            [
              12.39343151,
              55.75151826
            ],
            [
              12.39343758,
              55.75110567
            ],
            [
              12.39728693,
              55.74624641
            ],
            [
              12.3987426,
              55.74524478
            ],
            [
              12.39972479,
              55.74359306
            ],
            [
              12.40006203,
              55.74279628
            ],
            [
              12.40018339,
              55.74022451
            ],
            [
              12.39998262,
              55.74007669
            ],
            [
              12.40014931,
              55.73963717
            ],
            [
              12.40037691,
              55.73768923
            ],
            [
              12.40529859,
              55.73832187
            ],
            [
              12.40582299,
              55.73685309
            ],
            [
              12.40641724,
              55.73619499
            ],
            [
              12.40759871,
              55.73566678
            ],
            [
              12.40935406,
              55.7353822
            ],
            [
              12.40951911,
              55.73462757
            ],
            [
              12.40927685,
              55.73391482
            ],
            [
              12.40835683,
              55.73308442
            ],
            [
              12.40777167,
              55.73200609
            ],
            [
              12.40414158,
              55.73234492
            ],
            [
              12.40401127,
              55.7305985
            ],
            [
              12.40361059,
              55.73058075
            ],
            [
              12.40296419,
              55.73020225
            ],
            [
              12.40244273,
              55.73017715
            ],
            [
              12.40268568,
              55.72984925
            ],
            [
              12.39849985,
              55.72799879
            ],
            [
              12.39787499,
              55.72753345
            ],
            [
              12.39730254,
              55.72730249
            ],
            [
              12.39727583,
              55.72600554
            ],
            [
              12.39587188,
              55.72627817
            ],
            [
              12.39466477,
              55.72635203
            ],
            [
              12.39447491,
              55.72623887
            ],
            [
              12.3941377,
              55.72517007
            ],
            [
              12.39387134,
              55.72506748
            ],
            [
              12.39236902,
              55.72524739
            ],
            [
              12.39203815,
              55.72517238
            ],
            [
              12.39503812,
              55.72480305
            ],
            [
              12.39466413,
              55.72386843
            ],
            [
              12.38795204,
              55.72451023
            ],
            [
              12.38790839,
              55.72432819
            ],
            [
              12.38581463,
              55.72447221
            ],
            [
              12.38535387,
              55.72299482
            ],
            [
              12.38503847,
              55.72297116
            ],
            [
              12.38487726,
              55.72276144
            ],
            [
              12.38497006,
              55.72261709
            ],
            [
              12.38470896,
              55.72189403
            ],
            [
              12.38155563,
              55.72201748
            ],
            [
              12.37981765,
              55.7217611
            ],
            [
              12.37865807,
              55.72186748
            ],
            [
              12.37677875,
              55.72154392
            ],
            [
              12.37668803,
              55.72175699
            ],
            [
              12.37694619,
              55.72191487
            ],
            [
              12.3767796,
              55.72198716
            ],
            [
              12.37390951,
              55.72226778
            ],
            [
              12.36914107,
              55.722675
            ],
            [
              12.36830993,
              55.72263542
            ],
            [
              12.3622537,
              55.72325321
            ],
            [
              12.35582118,
              55.72342201
            ],
            [
              12.35576334,
              55.72448695
            ],
            [
              12.35587028,
              55.72513318
            ],
            [
              12.356242,
              55.7258592
            ],
            [
              12.35643243,
              55.72589508
            ],
            [
              12.3570869,
              55.72656283
            ],
            [
              12.357577193631325,
              55.727577193631326
            ],
            [
              12.35809598,
              55.72790311
            ],
            [
              12.35873952,
              55.72755688
            ],
            [
              12.35983375,
              55.72793314
            ],
            [
              12.35882556,
              55.72847646
            ],
            [
              12.35900264,
              55.72848654
            ],
            [
              12.3595762,
              55.72896273
            ],
            [
              12.35959905,
              55.72904869
            ],
            [
              12.359172017065603,
              55.7291720170656
            ],
            [
              12.3889737,
              55.7589578
            ]
          ]
        ]
      }
    },
    {
      "type": "Feature",
      "properties": {
        "name": "Bellah\u00f8j-Utterslev",
        "code": "9182",
        "source": "Dataforsyningen sogne"
      },
      "geometry": {
        "type": "Polygon",
        "coordinates": [
          [
            [
              12.4923136,
              55.72269023
            ],
            [
              12.49414059,
              55.72297576
            ],
            [
              12.50018871,
              55.72067239
            ],
            [
              12.50098531,
              55.72044403
            ],
            [
              12.50268334,
              55.72051911
            ],
            [
              12.50435707,
              55.71985405
            ],
            [
              12.50503897,
              55.71998311
            ],
            [
              12.50589224,
              55.71983816
            ],
            [
              12.50671149,
              55.71992678
            ],
            [
              12.50805195,
              55.72027591
            ],
            [
              12.51134787,
              55.72007373
            ],
            [
              12.51222668,
              55.71982316
            ],
            [
              12.51311632,
              55.71985109
            ],
            [
              12.51337605,
              55.71885405
            ],
            [
              12.51401519,
              55.71886515
            ],
            [
              12.51426001,
              55.71855845
            ],
            [
              12.51520992,
              55.71808948
            ],
            [
              12.51653154,
              55.71776163
            ],
            [
              12.51661715,
              55.71771107
            ],
            [
              12.51646658,
              55.71736705
            ],
            [
              12.51663437,
              55.71726496
            ],
            [
              12.51661028,
              55.71713356
            ],
            [
              12.5170705,
              55.71704898
            ],
            [
              12.51949835,
              55.71682937
            ],
            [
              12.51942591,
              55.71699078
            ],
            [
              12.52074342,
              55.71740858
            ],
            [
              12.52135423,
              55.71782876
            ],
            [
              12.52184568,
              55.7168602
            ],
            [
              12.52095185,
              55.7163077
            ],
            [
              12.51997617,
              55.71548968
            ],
            [
              12.52136452,
              55.7124061
            ],
            [
              12.5219896,
              55.71136402
            ],
            [
              12.52186559,
              55.70989341
            ],
            [
              12.52616556,
              55.70899418
            ],
            [
              12.52264344,
              55.70731612
            ],
            [
              12.52222569,
              55.70689481
            ],
            [
              12.5219387,
              55.70619963
            ],
            [
              12.52203214,
              55.70611432
            ],
            [
              12.52032368,
              55.70251476
            ],
            [
              12.51603944,
              55.69843471
            ],
            [
              12.51044184,
              55.70037186
            ],
            [
              12.50677288,
              55.69700706
            ],
            [
              12.50651147,
              55.69693253
            ],
            [
              12.50541545,
              55.69760181
            ],
            [
              12.5051159,
              55.6975299
            ],
            [
              12.50420111,
              55.69807035
            ],
            [
              12.50425838,
              55.69789743
            ],
            [
              12.50374944,
              55.69774697
            ],
            [
              12.50238115,
              55.69855554
            ],
            [
              12.50249754,
              55.69860896
            ],
            [
              12.50217342,
              55.69885649
            ],
            [
              12.50240693,
              55.69902668
            ],
            [
              12.50196504,
              55.69884445
            ],
            [
              12.50144779,
              55.69920404
            ],
            [
              12.50140042,
              55.69937749
            ],
            [
              12.50305245,
              55.70091211
            ],
            [
              12.50339624,
              55.70145114
            ],
            [
              12.50330623,
              55.70148967
            ],
            [
              12.50317644,
              55.70119252
            ],
            [
              12.50275651,
              55.70124696
            ],
            [
              12.50283836,
              55.7014071
            ],
            [
              12.50240507,
              55.70148133
            ],
            [
              12.50236598,
              55.70164933
            ],
            [
              12.50265824,
              55.70298396
            ],
            [
              12.50243327,
              55.70283833
            ],
            [
              12.50253239,
              55.70336555
            ],
            [
              12.50261365,
              55.7033608
            ],
            [
              12.50256311,
              55.7030934
            ],
            [
              12.50266822,
              55.70307574
            ],
            [
              12.50284872,
              55.70481575
            ],
            [
              12.50435736,
              55.70502937
            ],
            [
              12.50412399,
              55.70769789
            ],
            [
              12.50587124,
              55.70772952
            ],
            [
              12.50574316,
              55.70861201
            ],
            [
              12.50794605,
              55.70899844
            ],
            [
              12.50840992,
              55.70912049
            ],
            [
              12.50842891,
              55.70925401
            ],
            [
              12.50677929,
              55.71053032
            ],
            [
              12.50648229,
              55.71086439
            ],
            [
              12.50685259,
              55.71095523
            ],
            [
              12.50517802,
              55.71246089
            ],
            [
              12.50540071,
              55.71297459
            ],
            [
              12.50473934,
              55.71284585
            ],
            [
              12.50088592,
              55.71648296
            ],
            [
              12.49998365,
              55.71717057
            ],
            [
              12.49909799,
              55.71837165
            ],
            [
              12.49863582,
              55.71877848
            ],
            [
              12.49841101,
              55.7189328
            ],
            [
              12.49740328,
              55.71870275
            ],
            [
              12.4911145,
              55.72282965
            ],
            [
              12.48802318,
              55.7245211
            ],
            [
              12.48870212,
              55.72449181
            ],
            [
              12.49031827,
              55.72381259
            ],
            [
              12.4923136,
              55.72269023
            ]
          ]
        ]
      }
    },
    {
      "type": "Feature",
      "properties": {
        "name": "Betlehems",
        "code": "7011",
        "source": "Dataforsyningen sogne"
      },
      "geometry": {
        "type": "Polygon",
        "coordinates": [
          [
            [
              12.55986632,
              55.6843761
            ],
            [
              12.55734109,
              55.68174889
            ],
            [
              12.55418746,
              55.68149847
            ],
            [
              12.55369246,
              55.68161353
            ],
            [
              12.55526752,
              55.68385276
            ],
            [
              12.55461981,
              55.68440366
            ],
            [
              12.55324014,
              55.68487417
            ],
            [
              12.55343983,
              55.68524001
            ],
            [
              12.55484581,
              55.68629796
            ],
            [
              12.55986632,
              55.6843761
            ]
          ]
        ]
      }
    },
    {
      "type": "Feature",
      "properties": {
        "name": "Bispebjerg",
        "code": "7064",
        "source": "Dataforsyningen sogne"
      },
      "geometry": {
        "type": "Polygon",
        "coordinates": [
          [
            [
              12.53786661,
              55.72029146
            ],
            [
              12.54016006,
              55.71968788
            ],
            [
              12.54119505,
              55.71989728
            ],
            [
              12.54153202,
              55.71968506
            ],
            [
              12.54201562,
              55.71980076
            ],
            [
              12.54612186,
              55.71428266
            ],
            [
              12.54648464,
              55.71368501
            ],
            [
              12.54697661,
              55.71239775
            ],
            [
              12.54668808,
              55.71244593
            ],
            [
              12.54658845,
              55.71118952
            ],
            [
              12.54613848,
              55.710246
            ],
            [
              12.54522724,
              55.70920485
            ],
            [
              12.54428068,
              55.70849929
            ],
            [
              12.54465335,
              55.70829316
            ],
            [
              12.54292946,
              55.70746845
            ],
            [
              12.54185568,
              55.7067819
            ],
            [
              12.53973658,
              55.70863724
            ],
            [
              12.53810977,
              55.71036201
            ],
            [
              12.53495128,
              55.71012756
            ],
            [
              12.52842852,
              55.71008426
            ],
            [
              12.52616556,
              55.70899418
            ],
            [
              12.52186559,
              55.70989341
            ],
            [
              12.5219896,
              55.71136402
            ],
            [
              12.52136452,
              55.7124061
            ],
            [
              12.51997617,
              55.71548968
            ],
            [
              12.52095185,
              55.7163077
            ],
            [
              12.52184568,
              55.7168602
            ],
            [
              12.52135423,
              55.71782876
            ],
            [
              12.52074342,
              55.71740858
            ],
            [
              12.51942591,
              55.71699078
            ],
            [
              12.51949835,
              55.71682937
            ],
            [
              12.51661028,
              55.71713356
            ],
            [
              12.51663437,
              55.71726496
            ],
            [
              12.51833317,
              55.71699407
            ],
            [
              12.51875038,
              55.71811108
            ],
            [
              12.51988845,
              55.71860031
            ],
            [
              12.52246333,
              55.71887133
            ],
            [
              12.52748327,
              55.71908722
            ],
            [
              12.52798766,
              55.71925371
            ],
            [
              12.52851049,
              55.71963863
            ],
            [
              12.52937735,
              55.71942109
            ],
            [
              12.5297993,
              55.71975629
            ],
            [
              12.52997263,
              55.7202703
            ],
            [
              12.53619712,
              55.72044471
            ],
            [
              12.53786661,
              55.72029146
            ]
          ]
        ]
      }
    },
    {
      "type": "Feature",
      "properties": {
        "name": "Bl\u00e5g\u00e5rdens",
        "code": "9161",
        "source": "Dataforsyningen sogne"
      },
      "geometry": {
        "type": "Polygon",
        "coordinates": [
          [
            [
              12.56222503,
              55.68679292
            ],
            [
              12.55986632,
              55.6843761
            ],
            [
              12.55484581,
              55.68629796
            ],
            [
              12.55343983,
              55.68524001
            ],
            [
              12.55324014,
              55.68487417
            ],
            [
              12.54707801,
              55.68523447
            ],
            [
              12.54646187,
              55.68538518
            ],
            [
              12.54436845,
              55.68643461
            ],
            [
              12.54222209,
              55.68713782
            ],
            [
              12.54118106,
              55.68770874
            ],
            [
              12.54841363,
              55.69412709
            ],
            [
              12.54827594,
              55.69430632
            ],
            [
              12.54835797,
              55.69451391
            ],
            [
              12.54894738,
              55.69466383
            ],
            [
              12.54933448,
              55.6944665
            ],
            [
              12.54932437,
              55.69418481
            ],
            [
              12.55590803,
              55.68981152
            ],
            [
              12.56304831,
              55.68715196
            ],
            [
              12.56265596,
              55.68686528
            ],
            [
              12.56222503,
              55.68679292
            ]
          ]
        ]
      }
    },
    {
      "type": "Feature",
      "properties": {
        "name": "Br\u00f8ndby Strand",
        "code": "9084",
        "source": "Dataforsyningen sogne"
      },
      "geometry": {
        "type": "Polygon",
        "coordinates": [
          [
            [
              12.43349961,
              55.62944139
            ],
            [
              12.43615391,
              55.6280289
            ],
            [
              12.43818273,
              55.62647367
            ],
            [
              12.43934686,
              55.62532176
            ],
            [
              12.44233306,
              55.62189482
            ],
            [
              12.43858344,
              55.62093031
            ],
            [
              12.44094244,
              55.61736554
            ],
            [
              12.4416583,
              55.61568203
            ],
            [
              12.44242393,
              55.61561358
            ],
            [
              12.44274817,
              55.61540513
            ],
            [
              12.44286643,
              55.61511966
            ],
            [
              12.44353436,
              55.61516545
            ],
            [
              12.44332962,
              55.61478925
            ],
            [
              12.44413093,
              55.61288285
            ],
            [
              12.44417249,
              55.61234984
            ],
            [
              12.44452574,
              55.61204157
            ],
            [
              12.44660115,
              55.60691025
            ],
            [
              12.4463604,
              55.60709901
            ],
            [
              12.44602349,
              55.607153
            ],
            [
              12.44220669,
              55.60665716
            ],
            [
              12.44020162,
              55.60696775
            ],
            [
              12.4405001,
              55.60739761
            ],
            [
              12.43879024,
              55.60899357
            ],
            [
              12.43866437,
              55.61179801
            ],
            [
              12.43698309,
              55.61209965
            ],
            [
              12.43331956,
              55.61249575
            ],
            [
              12.43206916,
              55.6124299
            ],
            [
              12.43053375,
              55.61268735
            ],
            [
              12.4280034,
              55.61271582
            ],
            [
              12.42670034,
              55.61286026
            ],
            [
              12.42491947,
              55.6127848
            ],
            [
              12.42195327,
              55.61303816
            ],
            [
              12.42001745,
              55.61286347
            ],
            [
              12.41800282,
              55.61301688
            ],
            [
              12.41344468,
              55.61302231
            ],
            [
              12.40839872,
              55.61268957
            ],
            [
              12.40496802,
              55.61224602
            ],
            [
              12.40338292,
              55.61837912
            ],
            [
              12.39851125,
              55.62331449
            ],
            [
              12.39659429,
              55.62474995
            ],
            [
              12.39239078,
              55.62911815
            ],
            [
              12.41179824,
              55.63234951
            ],
            [
              12.41130118,
              55.62947059
            ],
            [
              12.41153183,
              55.62946021
            ],
            [
              12.41840519,
              55.63050147
            ],
            [
              12.41819561,
              55.63179325
            ],
            [
              12.42923267,
              55.63309059
            ],
            [
              12.42935799,
              55.63275332
            ],
            [
              12.43019837,
              55.63181817
            ],
            [
              12.43349961,
              55.62944139
            ]
          ]
        ]
      }
    },
    {
      "type": "Feature",
      "properties": {
        "name": "Br\u00f8ndbyvester",
        "code": "7144",
        "source": "Dataforsyningen sogne"
      },
      "geometry": {
        "type": "Polygon",
        "coordinates": [
          [
            [
              12.38985676,
              55.66075973
            ],
            [
              12.39452609,
              55.66085235
            ],
            [
              12.39479475,
              55.66034599
            ],
            [
              12.39589179,
              55.66045138
            ],
            [
              12.39730419,
              55.65994003
            ],
            [
              12.39942875,
              55.65961006
            ],
            [
              12.39937364,
              55.65933781
            ],
            [
              12.40025832,
              55.65952735
            ],
            [
              12.40194784,
              55.6589188
            ],
            [
              12.40498898,
              55.65863396
            ],
            [
              12.40610597,
              55.65811291
            ],
            [
              12.40722695,
              55.65795256
            ],
            [
              12.40743946,
              55.65828777
            ],
            [
              12.40778953,
              55.65824946
            ],
            [
              12.40798114,
              55.65847584
            ],
            [
              12.40787321,
              55.65851121
            ],
            [
              12.40805154,
              55.65870927
            ],
            [
              12.4081838,
              55.65930459
            ],
            [
              12.40867585,
              55.65960947
            ],
            [
              12.41013384,
              55.65995663
            ],
            [
              12.41295077,
              55.65972674
            ],
            [
              12.41277048,
              55.65846948
            ],
            [
              12.41358695,
              55.65828446
            ],
            [
              12.41382534,
              55.65792644
            ],
            [
              12.41337401,
              55.65685871
            ],
            [
              12.41343496,
              55.65676611
            ],
            [
              12.41254459,
              55.65510692
            ],
            [
              12.41265334,
              55.65500985
            ],
            [
              12.41598927,
              55.6549512
            ],
            [
              12.41941419,
              55.65535482
            ],
            [
              12.41953222,
              55.65496877
            ],
            [
              12.42147068,
              55.65514432
            ],
            [
              12.42165016,
              55.65505066
            ],
            [
              12.42210247,
              55.65350124
            ],
            [
              12.42285228,
              55.65358146
            ],
            [
              12.42273955,
              55.6535143
            ],
            [
              12.42279664,
              55.65320844
            ],
            [
              12.4222223,
              55.65305786
            ],
            [
              12.42218016,
              55.65268275
            ],
            [
              12.42235491,
              55.65248043
            ],
            [
              12.42282423,
              55.65243738
            ],
            [
              12.42298271,
              55.64845656
            ],
            [
              12.4228929,
              55.64845134
            ],
            [
              12.42299704,
              55.64838756
            ],
            [
              12.42308999,
              55.64749824
            ],
            [
              12.42316209,
              55.64555824
            ],
            [
              12.42433966,
              55.64600144
            ],
            [
              12.42497429,
              55.64479407
            ],
            [
              12.42697069,
              55.64176565
            ],
            [
              12.42590762,
              55.64042662
            ],
            [
              12.42846942,
              55.63428684
            ],
            [
              12.42923267,
              55.63309059
            ],
            [
              12.41819561,
              55.63179325
            ],
            [
              12.41840519,
              55.63050147
            ],
            [
              12.41153183,
              55.62946021
            ],
            [
              12.41130118,
              55.62947059
            ],
            [
              12.41179824,
              55.63234951
            ],
            [
              12.39239078,
              55.62911815
            ],
            [
              12.38910416,
              55.63317285
            ],
            [
              12.38731934,
              55.63560261
            ],
            [
              12.38295285,
              55.64002099
            ],
            [
              12.3818393,
              55.64192872
            ],
            [
              12.38060653,
              55.6435484
            ],
            [
              12.37751688,
              55.64564993
            ],
            [
              12.37607648,
              55.64684299
            ],
            [
              12.37369174,
              55.64959205
            ],
            [
              12.37228486,
              55.65079133
            ],
            [
              12.36489063,
              55.65629413
            ],
            [
              12.36430678,
              55.65690492
            ],
            [
              12.36342441,
              55.65857
            ],
            [
              12.36633799,
              55.65896566
            ],
            [
              12.36694154,
              55.65929687
            ],
            [
              12.37545371,
              55.66026034
            ],
            [
              12.37674392,
              55.660152
            ],
            [
              12.37759459,
              55.66030251
            ],
            [
              12.37762536,
              55.66021648
            ],
            [
              12.37880979,
              55.66030911
            ],
            [
              12.37880397,
              55.66053106
            ],
            [
              12.38158425,
              55.66087422
            ],
            [
              12.38184854,
              55.66016251
            ],
            [
              12.3874553,
              55.66083024
            ],
            [
              12.38763132,
              55.66084804
            ],
            [
              12.38767287,
              55.6607363
            ],
            [
              12.38966785,
              55.66097166
            ],
            [
              12.38985676,
              55.66075973
            ]
          ]
        ]
      }
    },
    {
      "type": "Feature",
      "properties": {
        "name": "Br\u00f8ndby\u00f8ster",
        "code": "7145",
        "source": "Dataforsyningen sogne"
      },
      "geometry": {
        "type": "Polygon",
        "coordinates": [
          [
            [
              12.451773,
              55.66485989
            ],
            [
              12.45293904,
              55.66483875
            ],
            [
              12.45314123,
              55.66456098
            ],
            [
              12.45572263,
              55.66455199
            ],
            [
              12.45484268,
              55.661248
            ],
            [
              12.45464114,
              55.65999597
            ],
            [
              12.45459809,
              55.65879701
            ],
            [
              12.45476431,
              55.65750026
            ],
            [
              12.45500317,
              55.65694811
            ],
            [
              12.45485488,
              55.65692756
            ],
            [
              12.45490543,
              55.65672707
            ],
            [
              12.45530666,
              55.65552018
            ],
            [
              12.45601687,
              55.65409894
            ],
            [
              12.459955,
              55.64818497
            ],
            [
              12.45121831,
              55.64750695
            ],
            [
              12.4441097,
              55.64659115
            ],
            [
              12.43739226,
              55.64539621
            ],
            [
              12.42771227,
              55.64307806
            ],
            [
              12.42711263,
              55.64280567
            ],
            [
              12.42723954,
              55.64234976
            ],
            [
              12.42697069,
              55.64176565
            ],
            [
              12.42497429,
              55.64479407
            ],
            [
              12.42433966,
              55.64600144
            ],
            [
              12.42316209,
              55.64555824
            ],
            [
              12.42308999,
              55.64749824
            ],
            [
              12.42299704,
              55.64838756
            ],
            [
              12.4228929,
              55.64845134
            ],
            [
              12.42298271,
              55.64845656
            ],
            [
              12.42282423,
              55.65243738
            ],
            [
              12.4222503,
              55.65254449
            ],
            [
              12.42221003,
              55.65304121
            ],
            [
              12.42279664,
              55.65320844
            ],
            [
              12.42273955,
              55.6535143
            ],
            [
              12.42285228,
              55.65358146
            ],
            [
              12.42745268,
              55.65433974
            ],
            [
              12.42822583,
              55.65458102
            ],
            [
              12.42847832,
              55.65512945
            ],
            [
              12.43307587,
              55.66068015
            ],
            [
              12.43389524,
              55.66119102
            ],
            [
              12.43533125,
              55.66164342
            ],
            [
              12.4349871,
              55.66197414
            ],
            [
              12.43748638,
              55.66212996
            ],
            [
              12.43694335,
              55.66483314
            ],
            [
              12.43794951,
              55.66466691
            ],
            [
              12.4398959,
              55.66459092
            ],
            [
              12.43993547,
              55.66526254
            ],
            [
              12.4517754,
              55.66498643
            ],
            [
              12.451773,
              55.66485989
            ]
          ]
        ]
      }
    },
    {
      "type": "Feature",
      "properties": {
        "name": "Br\u00f8nsh\u00f8j",
        "code": "7068",
        "source": "Dataforsyningen sogne"
      },
      "geometry": {
        "type": "Polygon",
        "coordinates": [
          [
            [
              12.50080996,
              55.71645645
            ],
            [
              12.50473934,
              55.71284585
            ],
            [
              12.50540071,
              55.71297459
            ],
            [
              12.50517802,
              55.71246089
            ],
            [
              12.50685259,
              55.71095523
            ],
            [
              12.50648229,
              55.71086439
            ],
            [
              12.50677929,
              55.71053032
            ],
            [
              12.50842891,
              55.70925401
            ],
            [
              12.50840992,
              55.70912049
            ],
            [
              12.50794605,
              55.70899844
            ],
            [
              12.50574316,
              55.70861201
            ],
            [
              12.50587124,
              55.70772952
            ],
            [
              12.50412399,
              55.70769789
            ],
            [
              12.50435736,
              55.70502937
            ],
            [
              12.50284872,
              55.70481575
            ],
            [
              12.50266822,
              55.70307574
            ],
            [
              12.50256311,
              55.7030934
            ],
            [
              12.50261365,
              55.7033608
            ],
            [
              12.50253239,
              55.70336555
            ],
            [
              12.50243327,
              55.70283833
            ],
            [
              12.50254563,
              55.70300309
            ],
            [
              12.50265824,
              55.70298396
            ],
            [
              12.50236598,
              55.70164933
            ],
            [
              12.50240507,
              55.70148133
            ],
            [
              12.50283836,
              55.7014071
            ],
            [
              12.50275651,
              55.70124696
            ],
            [
              12.50317644,
              55.70119252
            ],
            [
              12.50330623,
              55.70148967
            ],
            [
              12.50339624,
              55.70145114
            ],
            [
              12.50305245,
              55.70091211
            ],
            [
              12.50140042,
              55.69937749
            ],
            [
              12.50144779,
              55.69920404
            ],
            [
              12.50196504,
              55.69884445
            ],
            [
              12.50240693,
              55.69902668
            ],
            [
              12.50217342,
              55.69885649
            ],
            [
              12.50249754,
              55.69860896
            ],
            [
              12.50238115,
              55.69855554
            ],
            [
              12.50434174,
              55.69734395
            ],
            [
              12.50419514,
              55.69730876
            ],
            [
              12.50348526,
              55.69779435
            ],
            [
              12.49999285,
              55.69691686
            ],
            [
              12.49889484,
              55.69679605
            ],
            [
              12.499894,
              55.69696688
            ],
            [
              12.49952081,
              55.69797586
            ],
            [
              12.49488413,
              55.69778472
            ],
            [
              12.49489802,
              55.69787424
            ],
            [
              12.49406856,
              55.6978459
            ],
            [
              12.49381046,
              55.6976656
            ],
            [
              12.49298404,
              55.69759455
            ],
            [
              12.49281507,
              55.69746026
            ],
            [
              12.48837752,
              55.69723894
            ],
            [
              12.48814324,
              55.69737544
            ],
            [
              12.4882835,
              55.69818068
            ],
            [
              12.48859623,
              55.69888463
            ],
            [
              12.48684461,
              55.69877061
            ],
            [
              12.48707929,
              55.69841705
            ],
            [
              12.48687747,
              55.69840336
            ],
            [
              12.48547475,
              55.70050219
            ],
            [
              12.4882357,
              55.70308527
            ],
            [
              12.48845452,
              55.70344455
            ],
            [
              12.49100686,
              55.70559643
            ],
            [
              12.48995025,
              55.7058457
            ],
            [
              12.48514665,
              55.70767248
            ],
            [
              12.48636072,
              55.70875284
            ],
            [
              12.48707827,
              55.7088024
            ],
            [
              12.48797169,
              55.70908828
            ],
            [
              12.48902633,
              55.71058297
            ],
            [
              12.48972599,
              55.71102946
            ],
            [
              12.49038556,
              55.7111801
            ],
            [
              12.49148245,
              55.71120562
            ],
            [
              12.49267704,
              55.71104475
            ],
            [
              12.49439371,
              55.7110802
            ],
            [
              12.49376691,
              55.71272425
            ],
            [
              12.49614291,
              55.71299887
            ],
            [
              12.49762499,
              55.71289818
            ],
            [
              12.49864864,
              55.71315663
            ],
            [
              12.49891102,
              55.71281017
            ],
            [
              12.49925108,
              55.71265912
            ],
            [
              12.49950753,
              55.71354565
            ],
            [
              12.49993203,
              55.714208
            ],
            [
              12.49903215,
              55.71451969
            ],
            [
              12.49872733,
              55.71482267
            ],
            [
              12.49853457,
              55.71484543
            ],
            [
              12.4985587,
              55.71521654
            ],
            [
              12.49911626,
              55.7154613
            ],
            [
              12.499151,
              55.71568222
            ],
            [
              12.500038,
              55.71602692
            ],
            [
              12.50076756,
              55.71549206
            ],
            [
              12.50070032,
              55.71635986
            ],
            [
              12.50080996,
              55.71645645
            ]
          ]
        ]
      }
    },
    {
      "type": "Feature",
      "properties": {
        "name": "Buddinge",
        "code": "9072",
        "source": "Dataforsyningen sogne"
      },
      "geometry": {
        "type": "Polygon",
        "coordinates": [
          [
            [
              12.50047473,
              55.75643359
            ],
            [
              12.50019206,
              55.75228328
            ],
            [
              12.49924393,
              55.75235455
            ],
            [
              12.49894387,
              55.75168901
            ],
            [
              12.49865674,
              55.75169441
            ],
            [
              12.49864515,
              55.75152237
            ],
            [
              12.4987515,
              55.75152069
            ],
            [
              12.49868713,
              55.75086642
            ],
            [
              12.50168055,
              55.7502573
            ],
            [
              12.50040746,
              55.74794972
            ],
            [
              12.5009463,
              55.74785046
            ],
            [
              12.50070541,
              55.74748922
            ],
            [
              12.50417031,
              55.74681535
            ],
            [
              12.50609661,
              55.74578916
            ],
            [
              12.50635232,
              55.74546455
            ],
            [
              12.51004599,
              55.74413946
            ],
            [
              12.50936676,
              55.74408056
            ],
            [
              12.5127362,
              55.74302532
            ],
            [
              12.51174575,
              55.74185905
            ],
            [
              12.51144311,
              55.7416681
            ],
            [
              12.51134938,
              55.74114145
            ],
            [
              12.50633377,
              55.74144615
            ],
            [
              12.50631946,
              55.74136123
            ],
            [
              12.50586845,
              55.7413707
            ],
            [
              12.50575201,
              55.74069499
            ],
            [
              12.50609627,
              55.74066294
            ],
            [
              12.50575266,
              55.73966697
            ],
            [
              12.50498395,
              55.74009471
            ],
            [
              12.50448855,
              55.74010491
            ],
            [
              12.50426712,
              55.73996584
            ],
            [
              12.50285991,
              55.74074376
            ],
            [
              12.50069725,
              55.74140906
            ],
            [
              12.50052222,
              55.74122209
            ],
            [
              12.49891253,
              55.74173743
            ],
            [
              12.49734912,
              55.7409064
            ],
            [
              12.49645445,
              55.74069929
            ],
            [
              12.4903857,
              55.74084101
            ],
            [
              12.49000042,
              55.74098495
            ],
            [
              12.48980526,
              55.74128919
            ],
            [
              12.48857686,
              55.740891
            ],
            [
              12.48868265,
              55.74257155
            ],
            [
              12.48858409,
              55.74257084
            ],
            [
              12.48859677,
              55.74277171
            ],
            [
              12.48877216,
              55.74280269
            ],
            [
              12.48871235,
              55.74330728
            ],
            [
              12.48843099,
              55.74330332
            ],
            [
              12.48813754,
              55.74364596
            ],
            [
              12.4890387,
              55.74384333
            ],
            [
              12.48948366,
              55.74367486
            ],
            [
              12.48953064,
              55.74405791
            ],
            [
              12.48984274,
              55.74404193
            ],
            [
              12.49022672,
              55.74728259
            ],
            [
              12.48472351,
              55.74840175
            ],
            [
              12.48139674,
              55.74975747
            ],
            [
              12.47980972,
              55.75068048
            ],
            [
              12.47938743,
              55.75107251
            ],
            [
              12.47988149,
              55.75105293
            ],
            [
              12.48266285,
              55.75158951
            ],
            [
              12.48341364,
              55.7517724
            ],
            [
              12.48339086,
              55.75200485
            ],
            [
              12.48424086,
              55.75196121
            ],
            [
              12.48574831,
              55.75231709
            ],
            [
              12.49475612,
              55.75552133
            ],
            [
              12.49714768,
              55.7560115
            ],
            [
              12.50047473,
              55.75643359
            ]
          ]
        ]
      }
    },
    {
      "type": "Feature",
      "properties": {
        "name": "Christians",
        "code": "7081",
        "source": "Dataforsyningen sogne"
      },
      "geometry": {
        "type": "MultiPolygon",
        "coordinates": [
          [
            [
              [
                12.59555848,
                55.67001807
              ],
              [
                12.59592651,
                55.66942064
              ],
              [
                12.59616418,
                55.66925406
              ],
              [
                12.5967828,
                55.6690363
              ],
              [
                12.59747443,
                55.66909037
              ],
              [
                12.59681241,
                55.66842146
              ],
              [
                12.59979536,
                55.66535526
              ],
              [
                12.59964302,
                55.6650478
              ],
              [
                12.59887983,
                55.66484964
              ],
              [
                12.59873962,
                55.66500131
              ],
              [
                12.59848909,
                55.66489941
              ],
              [
                12.59854312,
                55.6647741
              ],
              [
                12.59699391,
                55.6644856
              ],
              [
                12.5968815,
                55.66419001
              ],
              [
                12.59500753,
                55.66376329
              ],
              [
                12.59515716,
                55.66355289
              ],
              [
                12.59487625,
                55.66349234
              ],
              [
                12.59482307,
                55.66372068
              ],
              [
                12.59434839,
                55.66360107
              ],
              [
                12.59525066,
                55.66660793
              ],
              [
                12.59074366,
                55.66770736
              ],
              [
                12.58751565,
                55.66785977
              ],
              [
                12.58233281,
                55.66874389
              ],
              [
                12.57981746,
                55.6700103
              ],
              [
                12.58355125,
                55.67233514
              ],
              [
                12.5875548,
                55.67034164
              ],
              [
                12.59129317,
                55.67260163
              ],
              [
                12.59462385,
                55.67085447
              ],
              [
                12.59555848,
                55.67001807
              ]
            ]
          ],
          [
            [
              [
                12.58697799,
                55.6741501
              ],
              [
                12.58702442,
                55.67426609
              ],
              [
                12.58706911,
                55.67423979
              ],
              [
                12.58705713,
                55.67416811
              ],
              [
                12.58697799,
                55.6741501
              ]
            ]
          ],
          [
            [
              [
                12.5878424,
                55.67457989
              ],
              [
                12.589256,
                55.6738403
              ],
              [
                12.58933108,
                55.67362482
              ],
              [
                12.59099155,
                55.67275317
              ],
              [
                12.5875951,
                55.67068952
              ],
              [
                12.5839249,
                55.67256699
              ],
              [
                12.58486126,
                55.67312832
              ],
              [
                12.58522386,
                55.67304812
              ],
              [
                12.58496633,
                55.67317749
              ],
              [
                12.58558353,
                55.67346417
              ],
              [
                12.58630162,
                55.67347995
              ],
              [
                12.58608341,
                55.67359036
              ],
              [
                12.58738612,
                55.67421774
              ],
              [
                12.58742681,
                55.67437355
              ],
              [
                12.5878424,
                55.67457989
              ]
            ]
          ]
        ]
      }
    },
    {
      "type": "Feature",
      "properties": {
        "name": "Christians",
        "code": "7120",
        "source": "Dataforsyningen sogne"
      },
      "geometry": {
        "type": "Polygon",
        "coordinates": [
          [
            [
              12.49270428,
              55.77334084
            ],
            [
              12.49285198,
              55.77341019
            ],
            [
              12.49372868,
              55.77284199
            ],
            [
              12.4947994,
              55.77258448
            ],
            [
              12.49469702,
              55.77247617
            ],
            [
              12.49573411,
              55.77149806
            ],
            [
              12.49777967,
              55.77012831
            ],
            [
              12.49842301,
              55.77016105
            ],
            [
              12.49997981,
              55.76949475
            ],
            [
              12.49950209,
              55.76899666
            ],
            [
              12.49959583,
              55.76894283
            ],
            [
              12.50323252,
              55.76754425
            ],
            [
              12.50343761,
              55.76773055
            ],
            [
              12.50395058,
              55.76761188
            ],
            [
              12.50769854,
              55.76624776
            ],
            [
              12.50766405,
              55.76608942
            ],
            [
              12.50905439,
              55.76573561
            ],
            [
              12.50893291,
              55.76584437
            ],
            [
              12.50955848,
              55.76562688
            ],
            [
              12.50991893,
              55.76529549
            ],
            [
              12.51033455,
              55.76528487
            ],
            [
              12.51647173,
              55.76309262
            ],
            [
              12.51321874,
              55.76291367
            ],
            [
              12.51253264,
              55.76250216
            ],
            [
              12.51244872,
              55.76296951
            ],
            [
              12.50878099,
              55.76257789
            ],
            [
              12.50728498,
              55.7618203
            ],
            [
              12.50653776,
              55.76162387
            ],
            [
              12.50620038,
              55.76131926
            ],
            [
              12.50552654,
              55.76105194
            ],
            [
              12.50367138,
              55.76039377
            ],
            [
              12.50314526,
              55.76043935
            ],
            [
              12.50170127,
              55.76025585
            ],
            [
              12.50097143,
              55.75999299
            ],
            [
              12.50052663,
              55.75956203
            ],
            [
              12.49240304,
              55.75988943
            ],
            [
              12.49184233,
              55.76000834
            ],
            [
              12.49180652,
              55.75967047
            ],
            [
              12.49057076,
              55.75970406
            ],
            [
              12.49060018,
              55.75997677
            ],
            [
              12.48161981,
              55.76033806
            ],
            [
              12.48152585,
              55.76015001
            ],
            [
              12.48152897,
              55.76031725
            ],
            [
              12.4795163,
              55.76038061
            ],
            [
              12.47994643,
              55.76311762
            ],
            [
              12.48126897,
              55.76488956
            ],
            [
              12.4814551,
              55.76539571
            ],
            [
              12.48146389,
              55.76631294
            ],
            [
              12.48132631,
              55.7666497
            ],
            [
              12.48009756,
              55.76769526
            ],
            [
              12.4798822,
              55.76809177
            ],
            [
              12.47991491,
              55.7684317
            ],
            [
              12.48034268,
              55.76841922
            ],
            [
              12.480303,
              55.76824798
            ],
            [
              12.48097582,
              55.76870824
            ],
            [
              12.4820395,
              55.76836329
            ],
            [
              12.48254171,
              55.76870411
            ],
            [
              12.48345833,
              55.7682699
            ],
            [
              12.48426132,
              55.76873355
            ],
            [
              12.48499182,
              55.76949606
            ],
            [
              12.48498917,
              55.76968423
            ],
            [
              12.48456111,
              55.77037946
            ],
            [
              12.48476919,
              55.77061974
            ],
            [
              12.48548414,
              55.77089706
            ],
            [
              12.48757589,
              55.77274734
            ],
            [
              12.4881114,
              55.77302237
            ],
            [
              12.4883225,
              55.7736438
            ],
            [
              12.48893473,
              55.7745803
            ],
            [
              12.49152138,
              55.77437901
            ],
            [
              12.49214868,
              55.77369185
            ],
            [
              12.49270428,
              55.77334084
            ]
          ]
        ]
      }
    },
    {
      "type": "Feature",
      "properties": {
        "name": "Davids",
        "code": "9175",
        "source": "Dataforsyningen sogne"
      },
      "geometry": {
        "type": "Polygon",
        "coordinates": [
          [
            [
              12.58300229,
              55.70935582
            ],
            [
              12.58481372,
              55.70926891
            ],
            [
              12.5812784,
              55.705479
            ],
            [
              12.58160188,
              55.70552305
            ],
            [
              12.58143637,
              55.70532944
            ],
            [
              12.5776699,
              55.70491306
            ],
            [
              12.57767545,
              55.70669012
            ],
            [
              12.57803231,
              55.70670741
            ],
            [
              12.57803202,
              55.70687646
            ],
            [
              12.57767835,
              55.706875
            ],
            [
              12.57768278,
              55.70899837
            ],
            [
              12.57779491,
              55.70966346
            ],
            [
              12.57936772,
              55.7096646
            ],
            [
              12.5794066,
              55.70935334
            ],
            [
              12.5797694,
              55.70935337
            ],
            [
              12.5797271,
              55.70966545
            ],
            [
              12.58131821,
              55.70966468
            ],
            [
              12.58131519,
              55.70935518
            ],
            [
              12.58162159,
              55.70935325
            ],
            [
              12.58161636,
              55.70966479
            ],
            [
              12.58300405,
              55.70966698
            ],
            [
              12.58300229,
              55.70935582
            ]
          ]
        ]
      }
    },
    {
      "type": "Feature",
      "properties": {
        "name": "Drag\u00f8r",
        "code": "7193",
        "source": "Dataforsyningen sogne"
      },
      "geometry": {
        "type": "MultiPolygon",
        "coordinates": [
          [
            [
              [
                12.67224958,
                55.59806546
              ],
              [
                12.67311607,
                55.59601289
              ],
              [
                12.67454271,
                55.59484283
              ],
              [
                12.67541843,
                55.59483364
              ],
              [
                12.67596564,
                55.59450267
              ],
              [
                12.67998967,
                55.59462847
              ],
              [
                12.67728692,
                55.59449142
              ],
              [
                12.67729906,
                55.59439897
              ],
              [
                12.67704615,
                55.59437069
              ],
              [
                12.67700918,
                55.59445587
              ],
              [
                12.67574152,
                55.59444267
              ],
              [
                12.67453695,
                55.59416014
              ],
              [
                12.67458568,
                55.59400554
              ],
              [
                12.67528399,
                55.59416416
              ],
              [
                12.67593492,
                55.59418805
              ],
              [
                12.6748273,
                55.59399631
              ],
              [
                12.67490214,
                55.59380505
              ],
              [
                12.67701494,
                55.59391698
              ],
              [
                12.67569229,
                55.59372675
              ],
              [
                12.67592696,
                55.59369075
              ],
              [
                12.67597304,
                55.59342814
              ],
              [
                12.67700726,
                55.593489
              ],
              [
                12.67742629,
                55.59417547
              ],
              [
                12.67717311,
                55.59343717
              ],
              [
                12.67836984,
                55.59357999
              ],
              [
                12.6785452,
                55.59345684
              ],
              [
                12.67952756,
                55.59382002
              ],
              [
                12.67920644,
                55.59417389
              ],
              [
                12.67969673,
                55.59387482
              ],
              [
                12.68051507,
                55.59425327
              ],
              [
                12.68053269,
                55.59453267
              ],
              [
                12.68069208,
                55.59433229
              ],
              [
                12.68059948,
                55.59420505
              ],
              [
                12.68150879,
                55.5944018
              ],
              [
                12.68195168,
                55.5943679
              ],
              [
                12.68053556,
                55.59413809
              ],
              [
                12.67934515,
                55.59363918
              ],
              [
                12.67972197,
                55.59319344
              ],
              [
                12.68047922,
                55.59335224
              ],
              [
                12.67973652,
                55.59284195
              ],
              [
                12.68016901,
                55.5926108
              ],
              [
                12.68203304,
                55.59231575
              ],
              [
                12.68260212,
                55.59348562
              ],
              [
                12.68255353,
                55.59396151
              ],
              [
                12.68270328,
                55.5938616
              ],
              [
                12.68271702,
                55.59346958
              ],
              [
                12.68094487,
                55.58986624
              ],
              [
                12.68086419,
                55.58992029
              ],
              [
                12.6819775,
                55.59225007
              ],
              [
                12.68147626,
                55.59173415
              ],
              [
                12.68061758,
                55.59197362
              ],
              [
                12.67873429,
                55.59200529
              ],
              [
                12.67685736,
                55.59051077
              ],
              [
                12.6791064,
                55.58965334
              ],
              [
                12.67909703,
                55.58955669
              ],
              [
                12.6783116,
                55.58957246
              ],
              [
                12.67818729,
                55.58936577
              ],
              [
                12.67826447,
                55.58930492
              ],
              [
                12.67746823,
                55.58913064
              ],
              [
                12.67781968,
                55.58899914
              ],
              [
                12.67962431,
                55.58939877
              ],
              [
                12.68014802,
                55.58898072
              ],
              [
                12.68008442,
                55.58872905
              ],
              [
                12.67829215,
                55.58818311
              ],
              [
                12.6768783,
                55.58813088
              ],
              [
                12.67684335,
                55.58875995
              ],
              [
                12.67764256,
                55.58895932
              ],
              [
                12.67728415,
                55.58910119
              ],
              [
                12.67649813,
                55.58886132
              ],
              [
                12.67657416,
                55.58802473
              ],
              [
                12.67684333,
                55.58793545
              ],
              [
                12.67832723,
                55.58799142
              ],
              [
                12.68026429,
                55.5885661
              ],
              [
                12.68044022,
                55.58903039
              ],
              [
                12.67978507,
                55.58952666
              ],
              [
                12.67945559,
                55.58959771
              ],
              [
                12.67981856,
                55.58958249
              ],
              [
                12.68033683,
                55.58920129
              ],
              [
                12.68148453,
                55.58965579
              ],
              [
                12.6805874,
                55.58921498
              ],
              [
                12.68044923,
                55.58868427
              ],
              [
                12.68020518,
                55.58849099
              ],
              [
                12.67812816,
                55.58792393
              ],
              [
                12.6766935,
                55.58790884
              ],
              [
                12.67647415,
                55.58803511
              ],
              [
                12.67642479,
                55.58825582
              ],
              [
                12.67618039,
                55.58827908
              ],
              [
                12.6731522,
                55.58701374
              ],
              [
                12.67081755,
                55.58561442
              ],
              [
                12.67036483,
                55.5852906
              ],
              [
                12.67014301,
                55.58488414
              ],
              [
                12.66894729,
                55.58417092
              ],
              [
                12.66680744,
                55.5830369
              ],
              [
                12.66571447,
                55.58262559
              ],
              [
                12.66167718,
                55.5815515
              ],
              [
                12.65715573,
                55.58086555
              ],
              [
                12.65600368,
                55.58076957
              ],
              [
                12.65572866,
                55.58087795
              ],
              [
                12.65407667,
                55.58090577
              ],
              [
                12.65283322,
                55.58078443
              ],
              [
                12.6514891,
                55.5800324
              ],
              [
                12.64861312,
                55.5792672
              ],
              [
                12.6461754,
                55.57838791
              ],
              [
                12.64470625,
                55.57796613
              ],
              [
                12.6444957,
                55.57801322
              ],
              [
                12.64453853,
                55.57778876
              ],
              [
                12.64426459,
                55.57784556
              ],
              [
                12.64388238,
                55.57769166
              ],
              [
                12.64318839,
                55.57764514
              ],
              [
                12.6444617,
                55.57724792
              ],
              [
                12.64274471,
                55.57753182
              ],
              [
                12.64050313,
                55.57734662
              ],
              [
                12.63926869,
                55.58372204
              ],
              [
                12.65444343,
                55.58457757
              ],
              [
                12.65603083,
                55.58451588
              ],
              [
                12.66237252,
                55.58885575
              ],
              [
                12.66363501,
                55.58959851
              ],
              [
                12.66357416,
                55.58967478
              ],
              [
                12.66409779,
                55.59010675
              ],
              [
                12.66628563,
                55.59151005
              ],
              [
                12.66875111,
                55.59544827
              ],
              [
                12.66933119,
                55.59670221
              ],
              [
                12.66952023,
                55.59668414
              ],
              [
                12.66930544,
                55.59765373
              ],
              [
                12.66786157,
                55.60067016
              ],
              [
                12.66786798,
                55.60087994
              ],
              [
                12.66649745,
                55.60428603
              ],
              [
                12.66985407,
                55.60442569
              ],
              [
                12.66989506,
                55.60388043
              ],
              [
                12.67020564,
                55.60328807
              ],
              [
                12.67159794,
                55.60133613
              ],
              [
                12.67205285,
                55.59957719
              ],
              [
                12.67224958,
                55.59806546
              ]
            ]
          ],
          [
            [
              [
                12.68082747,
                55.59346416
              ],
              [
                12.68073988,
                55.59350896
              ],
              [
                12.68083974,
                55.5934985
              ],
              [
                12.68082747,
                55.59346416
              ]
            ]
          ]
        ]
      }
    },
    {
      "type": "Feature",
      "properties": {
        "name": "Dysseg\u00e5rd",
        "code": "7114",
        "source": "Dataforsyningen sogne"
      },
      "geometry": {
        "type": "Polygon",
        "coordinates": [
          [
            [
              12.51814831,
              55.74145458
            ],
            [
              12.51960676,
              55.74109258
            ],
            [
              12.52141523,
              55.74047109
            ],
            [
              12.52134298,
              55.74038567
            ],
            [
              12.52291428,
              55.73986555
            ],
            [
              12.52332104,
              55.74027207
            ],
            [
              12.52340209,
              55.74017237
            ],
            [
              12.5232042,
              55.73978251
            ],
            [
              12.52669335,
              55.73862606
            ],
            [
              12.53003855,
              55.73730379
            ],
            [
              12.53053361,
              55.73761118
            ],
            [
              12.53191569,
              55.73717587
            ],
            [
              12.53219846,
              55.73727158
            ],
            [
              12.53453834,
              55.737289
            ],
            [
              12.53833965,
              55.73777614
            ],
            [
              12.53881226,
              55.73776279
            ],
            [
              12.53906106,
              55.73758531
            ],
            [
              12.54017493,
              55.73775954
            ],
            [
              12.54986726,
              55.7287974
            ],
            [
              12.55058197,
              55.72825466
            ],
            [
              12.55425833,
              55.72460389
            ],
            [
              12.55465061,
              55.72429939
            ],
            [
              12.55536308,
              55.72401736
            ],
            [
              12.55546527,
              55.72385525
            ],
            [
              12.55537663,
              55.72346587
            ],
            [
              12.55559801,
              55.72292921
            ],
            [
              12.55505698,
              55.72303607
            ],
            [
              12.55445436,
              55.72294041
            ],
            [
              12.55420925,
              55.72337219
            ],
            [
              12.55404563,
              55.72342476
            ],
            [
              12.55203481,
              55.72343938
            ],
            [
              12.55033093,
              55.723857
            ],
            [
              12.54955057,
              55.723734
            ],
            [
              12.54936872,
              55.72395075
            ],
            [
              12.54900639,
              55.72382923
            ],
            [
              12.54761428,
              55.72385915
            ],
            [
              12.54469651,
              55.72417141
            ],
            [
              12.5437807,
              55.72395312
            ],
            [
              12.54358636,
              55.7236371
            ],
            [
              12.54180281,
              55.72375136
            ],
            [
              12.54085795,
              55.72419854
            ],
            [
              12.53987624,
              55.72579581
            ],
            [
              12.53946332,
              55.72613052
            ],
            [
              12.53554119,
              55.72708162
            ],
            [
              12.53317753,
              55.72698641
            ],
            [
              12.52935012,
              55.7271399
            ],
            [
              12.52744257,
              55.72682682
            ],
            [
              12.52624511,
              55.72710634
            ],
            [
              12.52558704,
              55.7268199
            ],
            [
              12.52524161,
              55.72734082
            ],
            [
              12.52148126,
              55.72783417
            ],
            [
              12.52133822,
              55.72932341
            ],
            [
              12.52117211,
              55.72970627
            ],
            [
              12.51992431,
              55.73109638
            ],
            [
              12.52012808,
              55.73126587
            ],
            [
              12.51989851,
              55.73140436
            ],
            [
              12.52001149,
              55.73140786
            ],
            [
              12.51929894,
              55.73314038
            ],
            [
              12.5190513,
              55.73463882
            ],
            [
              12.51828845,
              55.73520522
            ],
            [
              12.51783821,
              55.73575331
            ],
            [
              12.51787246,
              55.736431
            ],
            [
              12.51806419,
              55.73674786
            ],
            [
              12.51787216,
              55.73739751
            ],
            [
              12.51755046,
              55.73790622
            ],
            [
              12.51789826,
              55.73857924
            ],
            [
              12.51836342,
              55.73912707
            ],
            [
              12.51779336,
              55.74009382
            ],
            [
              12.51766391,
              55.7409252
            ],
            [
              12.51814831,
              55.74145458
            ]
          ]
        ]
      }
    },
    {
      "type": "Feature",
      "properties": {
        "name": "Emdrup",
        "code": "7065",
        "source": "Dataforsyningen sogne"
      },
      "geometry": {
        "type": "Polygon",
        "coordinates": [
          [
            [
              12.52370093,
              55.72748272
            ],
            [
              12.52369189,
              55.72756795
            ],
            [
              12.52524161,
              55.72734082
            ],
            [
              12.52558704,
              55.7268199
            ],
            [
              12.52624511,
              55.72710634
            ],
            [
              12.52744257,
              55.72682682
            ],
            [
              12.52935012,
              55.7271399
            ],
            [
              12.53317753,
              55.72698641
            ],
            [
              12.5352538,
              55.72711193
            ],
            [
              12.53895432,
              55.72628763
            ],
            [
              12.53914568,
              55.72537648
            ],
            [
              12.54020242,
              55.7227974
            ],
            [
              12.54007137,
              55.72279813
            ],
            [
              12.54027341,
              55.72261732
            ],
            [
              12.54099138,
              55.72119238
            ],
            [
              12.54201562,
              55.71980076
            ],
            [
              12.54153202,
              55.71968506
            ],
            [
              12.54119505,
              55.71989728
            ],
            [
              12.54016006,
              55.71968788
            ],
            [
              12.53827139,
              55.72022108
            ],
            [
              12.53640861,
              55.7204369
            ],
            [
              12.52997263,
              55.7202703
            ],
            [
              12.5297993,
              55.71975629
            ],
            [
              12.52937735,
              55.71942109
            ],
            [
              12.52851049,
              55.71963863
            ],
            [
              12.52798766,
              55.71925371
            ],
            [
              12.52748327,
              55.71908722
            ],
            [
              12.52246333,
              55.71887133
            ],
            [
              12.51988845,
              55.71860031
            ],
            [
              12.51875038,
              55.71811108
            ],
            [
              12.51833317,
              55.71699407
            ],
            [
              12.51651241,
              55.71730631
            ],
            [
              12.51661715,
              55.71771107
            ],
            [
              12.51653154,
              55.71776163
            ],
            [
              12.51520992,
              55.71808948
            ],
            [
              12.51426001,
              55.71855845
            ],
            [
              12.51401519,
              55.71886515
            ],
            [
              12.51337605,
              55.71885405
            ],
            [
              12.51311632,
              55.71985109
            ],
            [
              12.5135734,
              55.71997036
            ],
            [
              12.51348519,
              55.72013393
            ],
            [
              12.51356887,
              55.72047465
            ],
            [
              12.51445538,
              55.72152887
            ],
            [
              12.51472577,
              55.72214055
            ],
            [
              12.51461981,
              55.7228898
            ],
            [
              12.51529411,
              55.72286778
            ],
            [
              12.51731565,
              55.72563688
            ],
            [
              12.51837414,
              55.726815
            ],
            [
              12.51960418,
              55.72756891
            ],
            [
              12.5212826,
              55.72786451
            ],
            [
              12.52370093,
              55.72748272
            ]
          ]
        ]
      }
    },
    {
      "type": "Feature",
      "properties": {
        "name": "Filips",
        "code": "7086",
        "source": "Dataforsyningen sogne"
      },
      "geometry": {
        "type": "Polygon",
        "coordinates": [
          [
            [
              12.61810353,
              55.66097672
            ],
            [
              12.6200081,
              55.65823891
            ],
            [
              12.62480846,
              55.65277801
            ],
            [
              12.62049058,
              55.65203467
            ],
            [
              12.62010752,
              55.65254297
            ],
            [
              12.6198309,
              55.65238568
            ],
            [
              12.61638361,
              55.65189991
            ],
            [
              12.61634503,
              55.65168695
            ],
            [
              12.61357183,
              55.65130682
            ],
            [
              12.61333763,
              55.65176602
            ],
            [
              12.61217326,
              55.65157842
            ],
            [
              12.61098822,
              55.65420365
            ],
            [
              12.60873096,
              55.65749454
            ],
            [
              12.60813384,
              55.65801567
            ],
            [
              12.60915682,
              55.65841564
            ],
            [
              12.61076178,
              55.6596972
            ],
            [
              12.61541994,
              55.66071312
            ],
            [
              12.61810353,
              55.66097672
            ]
          ]
        ]
      }
    },
    {
      "type": "Feature",
      "properties": {
        "name": "Flintholm",
        "code": "7105",
        "source": "Dataforsyningen sogne"
      },
      "geometry": {
        "type": "Polygon",
        "coordinates": [
          [
            [
              12.49848325,
              55.6850173
            ],
            [
              12.49864108,
              55.68506127
            ],
            [
              12.49919061,
              55.68449288
            ],
            [
              12.50293275,
              55.67927786
            ],
            [
              12.50483272,
              55.67374152
            ],
            [
              12.50519187,
              55.67207635
            ],
            [
              12.50633522,
              55.67203764
            ],
            [
              12.50647641,
              55.67191752
            ],
            [
              12.5069442,
              55.67208478
            ],
            [
              12.50778217,
              55.67207915
            ],
            [
              12.50755632,
              55.67148669
            ],
            [
              12.50715401,
              55.67143579
            ],
            [
              12.50723349,
              55.67093764
            ],
            [
              12.5069838,
              55.66964352
            ],
            [
              12.50507744,
              55.66955183
            ],
            [
              12.50492115,
              55.66920095
            ],
            [
              12.50307221,
              55.66911055
            ],
            [
              12.5026309,
              55.66936144
            ],
            [
              12.50105605,
              55.66928863
            ],
            [
              12.50102713,
              55.66912347
            ],
            [
              12.49653318,
              55.6689282
            ],
            [
              12.49544891,
              55.6723285
            ],
            [
              12.49528947,
              55.67231938
            ],
            [
              12.49521615,
              55.67252288
            ],
            [
              12.49329692,
              55.67260203
            ],
            [
              12.49259745,
              55.67761773
            ],
            [
              12.49131567,
              55.67908253
            ],
            [
              12.49151451,
              55.67917452
            ],
            [
              12.4917048,
              55.6797344
            ],
            [
              12.49304984,
              55.6821229
            ],
            [
              12.49395847,
              55.68306162
            ],
            [
              12.49432326,
              55.68296203
            ],
            [
              12.49476563,
              55.68330189
            ],
            [
              12.49567862,
              55.6845363
            ],
            [
              12.49597687,
              55.68454165
            ],
            [
              12.4958265,
              55.68411074
            ],
            [
              12.49591817,
              55.68406254
            ],
            [
              12.49810192,
              55.68524892
            ],
            [
              12.49848325,
              55.6850173
            ]
          ]
        ]
      }
    },
    {
      "type": "Feature",
      "properties": {
        "name": "Fredens og Nazaret",
        "code": "9164",
        "source": "Dataforsyningen sogne"
      },
      "geometry": {
        "type": "Polygon",
        "coordinates": [
          [
            [
              12.57771865,
              55.69981276
            ],
            [
              12.57908235,
              55.69789468
            ],
            [
              12.57387543,
              55.69545643
            ],
            [
              12.57338495,
              55.69508551
            ],
            [
              12.57235804,
              55.6938626
            ],
            [
              12.56953721,
              55.69208938
            ],
            [
              12.56630041,
              55.69388838
            ],
            [
              12.57723934,
              55.69972513
            ],
            [
              12.57771865,
              55.69981276
            ]
          ]
        ]
      }
    },
    {
      "type": "Feature",
      "properties": {
        "name": "Frederiks",
        "code": "7038",
        "source": "Dataforsyningen sogne"
      },
      "geometry": {
        "type": "Polygon",
        "coordinates": [
          [
            [
              12.5885239,
              55.68774747
            ],
            [
              12.59054754,
              55.68725726
            ],
            [
              12.5927578,
              55.68746894
            ],
            [
              12.58915412,
              55.68314175
            ],
            [
              12.58275657,
              55.68492003
            ],
            [
              12.58382143,
              55.68608716
            ],
            [
              12.58508488,
              55.68574649
            ],
            [
              12.58559528,
              55.68639579
            ],
            [
              12.58705422,
              55.68600343
            ],
            [
              12.5885239,
              55.68774747
            ]
          ]
        ]
      }
    },
    {
      "type": "Feature",
      "properties": {
        "name": "Frederiksberg",
        "code": "9181",
        "source": "Dataforsyningen sogne"
      },
      "geometry": {
        "type": "Polygon",
        "coordinates": [
          [
            [
              12.53000115,
              55.67814634
            ],
            [
              12.53292704,
              55.67779025
            ],
            [
              12.53321499,
              55.67844005
            ],
            [
              12.54145899,
              55.67651588
            ],
            [
              12.54150181,
              55.67636646
            ],
            [
              12.54992696,
              55.67443967
            ],
            [
              12.55000374,
              55.67366488
            ],
            [
              12.54985429,
              55.67366264
            ],
            [
              12.54997509,
              55.67272931
            ],
            [
              12.54974976,
              55.6726728
            ],
            [
              12.54846849,
              55.67298405
            ],
            [
              12.54752994,
              55.67306696
            ],
            [
              12.54702204,
              55.67289111
            ],
            [
              12.54707358,
              55.67281194
            ],
            [
              12.53951137,
              55.67063734
            ],
            [
              12.5394047,
              55.67020873
            ],
            [
              12.53831912,
              55.67029275
            ],
            [
              12.53482148,
              55.66929315
            ],
            [
              12.53503499,
              55.66897067
            ],
            [
              12.53489942,
              55.66893339
            ],
            [
              12.53493175,
              55.66881917
            ],
            [
              12.53348229,
              55.6684228
            ],
            [
              12.53037604,
              55.66774501
            ],
            [
              12.52995302,
              55.66778372
            ],
            [
              12.52831414,
              55.66736926
            ],
            [
              12.52337143,
              55.66650902
            ],
            [
              12.523241,
              55.66672506
            ],
            [
              12.52252664,
              55.66671178
            ],
            [
              12.52031956,
              55.66721495
            ],
            [
              12.5195479,
              55.66751683
            ],
            [
              12.51733958,
              55.66795183
            ],
            [
              12.51100417,
              55.66961226
            ],
            [
              12.51095746,
              55.66950651
            ],
            [
              12.50492115,
              55.66920095
            ],
            [
              12.50507744,
              55.66955183
            ],
            [
              12.5069838,
              55.66964352
            ],
            [
              12.50723349,
              55.67093764
            ],
            [
              12.50715401,
              55.67143579
            ],
            [
              12.50755632,
              55.67148669
            ],
            [
              12.50778217,
              55.67207915
            ],
            [
              12.5069442,
              55.67208478
            ],
            [
              12.50647641,
              55.67191752
            ],
            [
              12.50633522,
              55.67203764
            ],
            [
              12.50585414,
              55.67204348
            ],
            [
              12.50584878,
              55.67244745
            ],
            [
              12.50645189,
              55.6725836
            ],
            [
              12.50699043,
              55.67235581
            ],
            [
              12.50760375,
              55.67233773
            ],
            [
              12.51122786,
              55.67534904
            ],
            [
              12.51216939,
              55.67534231
            ],
            [
              12.51216662,
              55.6750347
            ],
            [
              12.51936878,
              55.67491154
            ],
            [
              12.52006283,
              55.67653259
            ],
            [
              12.52200119,
              55.67632659
            ],
            [
              12.52239763,
              55.67757421
            ],
            [
              12.52506678,
              55.67730319
            ],
            [
              12.5257179,
              55.67753264
            ],
            [
              12.52587458,
              55.678002
            ],
            [
              12.52743338,
              55.67810465
            ],
            [
              12.52756307,
              55.67847969
            ],
            [
              12.52794251,
              55.67843447
            ],
            [
              12.52787505,
              55.67825692
            ],
            [
              12.52916127,
              55.67814448
            ],
            [
              12.52924848,
              55.67835861
            ],
            [
              12.52940573,
              55.67830075
            ],
            [
              12.52949254,
              55.67855371
            ],
            [
              12.52985003,
              55.67851309
            ],
            [
              12.52978421,
              55.67831297
            ],
            [
              12.53000115,
              55.67814634
            ]
          ]
        ]
      }
    },
    {
      "type": "Feature",
      "properties": {
        "name": "Garnisons",
        "code": "7037",
        "source": "Dataforsyningen sogne"
      },
      "geometry": {
        "type": "Polygon",
        "coordinates": [
          [
            [
              12.59941532,
              55.68819376
            ],
            [
              12.59858122,
              55.68700092
            ],
            [
              12.59389978,
              55.68134412
            ],
            [
              12.59485502,
              55.68108979
            ],
            [
              12.59629755,
              55.68283445
            ],
            [
              12.59698212,
              55.68267392
            ],
            [
              12.59510272,
              55.68038872
            ],
            [
              12.59560511,
              55.6802499
            ],
            [
              12.59503924,
              55.67955721
            ],
            [
              12.5945354,
              55.67970102
            ],
            [
              12.59400059,
              55.67905678
            ],
            [
              12.59381922,
              55.67908682
            ],
            [
              12.59392592,
              55.67921417
            ],
            [
              12.58215987,
              55.68236364
            ],
            [
              12.58220036,
              55.6824513
            ],
            [
              12.58088967,
              55.68271654
            ],
            [
              12.58275657,
              55.68492003
            ],
            [
              12.58915412,
              55.68314175
            ],
            [
              12.59269555,
              55.68751383
            ],
            [
              12.5986814,
              55.68825477
            ],
            [
              12.59941532,
              55.68819376
            ]
          ]
        ]
      }
    },
    {
      "type": "Feature",
      "properties": {
        "name": "Gentofte",
        "code": "7111",
        "source": "Dataforsyningen sogne"
      },
      "geometry": {
        "type": "Polygon",
        "coordinates": [
          [
            [
              12.54280803,
              55.75322278
            ],
            [
              12.54302529,
              55.75337324
            ],
            [
              12.5465478,
              55.75181172
            ],
            [
              12.54924945,
              55.75042364
            ],
            [
              12.54912876,
              55.7503605
            ],
            [
              12.54935162,
              55.75024274
            ],
            [
              12.54945739,
              55.75031719
            ],
            [
              12.54979851,
              55.75015006
            ],
            [
              12.54998935,
              55.75029039
            ],
            [
              12.55050204,
              55.75030415
            ],
            [
              12.5572905,
              55.75020381
            ],
            [
              12.55698812,
              55.74745518
            ],
            [
              12.55681357,
              55.7473607
            ],
            [
              12.55694132,
              55.74680132
            ],
            [
              12.55647912,
              55.74418042
            ],
            [
              12.55671315,
              55.74395847
            ],
            [
              12.55668252,
              55.74356094
            ],
            [
              12.55650556,
              55.74371811
            ],
            [
              12.55641211,
              55.74223683
            ],
            [
              12.55501154,
              55.74217041
            ],
            [
              12.55490503,
              55.74263414
            ],
            [
              12.5547877,
              55.74270749
            ],
            [
              12.55484283,
              55.74320457
            ],
            [
              12.55335334,
              55.74363462
            ],
            [
              12.55343291,
              55.74236314
            ],
            [
              12.55479271,
              55.74232475
            ],
            [
              12.55483905,
              55.74220868
            ],
            [
              12.55310274,
              55.74224673
            ],
            [
              12.55313052,
              55.74180228
            ],
            [
              12.55298229,
              55.74171989
            ],
            [
              12.54991882,
              55.74159741
            ],
            [
              12.54889389,
              55.74173891
            ],
            [
              12.54854586,
              55.74164683
            ],
            [
              12.54845539,
              55.74092994
            ],
            [
              12.5500837,
              55.7363426
            ],
            [
              12.54765715,
              55.73720422
            ],
            [
              12.54436054,
              55.73779968
            ],
            [
              12.54021121,
              55.73778709
            ],
            [
              12.53906106,
              55.73758531
            ],
            [
              12.5387543,
              55.7377757
            ],
            [
              12.53872295,
              55.73807701
            ],
            [
              12.53846165,
              55.73832948
            ],
            [
              12.53398705,
              55.74242029
            ],
            [
              12.53486938,
              55.74347792
            ],
            [
              12.53413045,
              55.74392926
            ],
            [
              12.5340325,
              55.74469286
            ],
            [
              12.5331478,
              55.7449763
            ],
            [
              12.53257177,
              55.74587379
            ],
            [
              12.53270279,
              55.74605345
            ],
            [
              12.53243803,
              55.74634961
            ],
            [
              12.53223098,
              55.7470284
            ],
            [
              12.53203604,
              55.7488192
            ],
            [
              12.53264709,
              55.75078912
            ],
            [
              12.53264399,
              55.75194247
            ],
            [
              12.53363967,
              55.75287114
            ],
            [
              12.53394961,
              55.75409173
            ],
            [
              12.53477549,
              55.7560496
            ],
            [
              12.53518973,
              55.75654246
            ],
            [
              12.5364458,
              55.75590798
            ],
            [
              12.53770676,
              55.75555838
            ],
            [
              12.5374438,
              55.75533811
            ],
            [
              12.54280803,
              55.75322278
            ]
          ]
        ]
      }
    },
    {
      "type": "Feature",
      "properties": {
        "name": "Gladsaxe",
        "code": "7130",
        "source": "Dataforsyningen sogne"
      },
      "geometry": {
        "type": "Polygon",
        "coordinates": [
          [
            [
              12.46696412,
              55.75446544
            ],
            [
              12.4691381,
              55.75208857
            ],
            [
              12.46999846,
              55.75156936
            ],
            [
              12.47389984,
              55.75002552
            ],
            [
              12.47938743,
              55.75107251
            ],
            [
              12.47980972,
              55.75068048
            ],
            [
              12.48139674,
              55.74975747
            ],
            [
              12.48472351,
              55.74840175
            ],
            [
              12.49022672,
              55.74728259
            ],
            [
              12.48984274,
              55.74404193
            ],
            [
              12.48953064,
              55.74405791
            ],
            [
              12.48948366,
              55.74367486
            ],
            [
              12.4890387,
              55.74384333
            ],
            [
              12.48813754,
              55.74364596
            ],
            [
              12.48843099,
              55.74330332
            ],
            [
              12.48871235,
              55.74330728
            ],
            [
              12.48877216,
              55.74280269
            ],
            [
              12.48859677,
              55.74277171
            ],
            [
              12.48858409,
              55.74257084
            ],
            [
              12.48868265,
              55.74257155
            ],
            [
              12.48857686,
              55.740891
            ],
            [
              12.48980526,
              55.74128919
            ],
            [
              12.49000042,
              55.74098495
            ],
            [
              12.4903857,
              55.74084101
            ],
            [
              12.49453751,
              55.74073986
            ],
            [
              12.49434392,
              55.73963411
            ],
            [
              12.49306857,
              55.73995131
            ],
            [
              12.49297892,
              55.73986134
            ],
            [
              12.49448787,
              55.7395169
            ],
            [
              12.49553988,
              55.7384264
            ],
            [
              12.48901962,
              55.73864089
            ],
            [
              12.48949559,
              55.73724834
            ],
            [
              12.48830058,
              55.73729409
            ],
            [
              12.48803912,
              55.73611142
            ],
            [
              12.48724365,
              55.73601399
            ],
            [
              12.4877029,
              55.73599752
            ],
            [
              12.48692957,
              55.73600358
            ],
            [
              12.48651274,
              55.7358561
            ],
            [
              12.48641861,
              55.73596028
            ],
            [
              12.48541295,
              55.73600045
            ],
            [
              12.48238307,
              55.73588883
            ],
            [
              12.47627916,
              55.73486612
            ],
            [
              12.47586054,
              55.73468178
            ],
            [
              12.4745001,
              55.73459029
            ],
            [
              12.47442711,
              55.73493969
            ],
            [
              12.47242616,
              55.7348423
            ],
            [
              12.47119613,
              55.73405187
            ],
            [
              12.47037658,
              55.73446285
            ],
            [
              12.46999664,
              55.73426329
            ],
            [
              12.46725639,
              55.73352369
            ],
            [
              12.46704874,
              55.73352173
            ],
            [
              12.46480928,
              55.73478578
            ],
            [
              12.46505925,
              55.73489651
            ],
            [
              12.46406721,
              55.73545141
            ],
            [
              12.46284933,
              55.73558207
            ],
            [
              12.4552577,
              55.73344634
            ],
            [
              12.45500592,
              55.73295424
            ],
            [
              12.4548377,
              55.73289001
            ],
            [
              12.45482373,
              55.73175165
            ],
            [
              12.45123199,
              55.73124688
            ],
            [
              12.45073467,
              55.73257647
            ],
            [
              12.44993792,
              55.73362118
            ],
            [
              12.44920613,
              55.73431197
            ],
            [
              12.44880407,
              55.73503762
            ],
            [
              12.44864235,
              55.73588636
            ],
            [
              12.44885022,
              55.73657132
            ],
            [
              12.44857143,
              55.7370779
            ],
            [
              12.44708424,
              55.73846685
            ],
            [
              12.44546122,
              55.74030825
            ],
            [
              12.44559456,
              55.74273404
            ],
            [
              12.44709017,
              55.74478288
            ],
            [
              12.44716082,
              55.74503967
            ],
            [
              12.4461195,
              55.74606964
            ],
            [
              12.44571761,
              55.74738079
            ],
            [
              12.44572827,
              55.74849523
            ],
            [
              12.44635085,
              55.74983094
            ],
            [
              12.44648035,
              55.74973757
            ],
            [
              12.44899623,
              55.75034359
            ],
            [
              12.4522616,
              55.75129892
            ],
            [
              12.45646596,
              55.75273466
            ],
            [
              12.45643967,
              55.75325708
            ],
            [
              12.45669475,
              55.75312555
            ],
            [
              12.45768496,
              55.75319917
            ],
            [
              12.46220839,
              55.75418822
            ],
            [
              12.46527595,
              55.75543849
            ],
            [
              12.46633769,
              55.75494313
            ],
            [
              12.46696412,
              55.75446544
            ]
          ]
        ]
      }
    },
    {
      "type": "Feature",
      "properties": {
        "name": "Glostrup",
        "code": "7147",
        "source": "Dataforsyningen sogne"
      },
      "geometry": {
        "type": "Polygon",
        "coordinates": [
          [
            [
              12.41853447,
              55.70831657
            ],
            [
              12.42179032,
              55.7083809
            ],
            [
              12.42483114,
              55.70867917
            ],
            [
              12.4264476,
              55.70846581
            ],
            [
              12.42861863,
              55.70758931
            ],
            [
              12.42744839,
              55.70648423
            ],
            [
              12.42739041,
              55.70588254
            ],
            [
              12.42794749,
              55.69973107
            ],
            [
              12.4278968,
              55.69905994
            ],
            [
              12.42900438,
              55.69449648
            ],
            [
              12.42872204,
              55.69370874
            ],
            [
              12.42890809,
              55.69254564
            ],
            [
              12.42885846,
              55.69209729
            ],
            [
              12.42901701,
              55.69209366
            ],
            [
              12.42905949,
              55.69197209
            ],
            [
              12.42897455,
              55.69165823
            ],
            [
              12.42920697,
              55.69060668
            ],
            [
              12.42933792,
              55.69063512
            ],
            [
              12.43236082,
              55.68872596
            ],
            [
              12.43121042,
              55.68713082
            ],
            [
              12.42853544,
              55.6811767
            ],
            [
              12.42434701,
              55.67517661
            ],
            [
              12.42332644,
              55.67325984
            ],
            [
              12.42299168,
              55.67171262
            ],
            [
              12.42427917,
              55.67039973
            ],
            [
              12.42465442,
              55.66951853
            ],
            [
              12.41893078,
              55.66876637
            ],
            [
              12.41864397,
              55.66858789
            ],
            [
              12.41882254,
              55.66794911
            ],
            [
              12.41721093,
              55.66675891
            ],
            [
              12.41569806,
              55.66596659
            ],
            [
              12.41522138,
              55.66538716
            ],
            [
              12.41509559,
              55.66460483
            ],
            [
              12.4157567,
              55.66214951
            ],
            [
              12.4154888,
              55.66153964
            ],
            [
              12.41450155,
              55.66104511
            ],
            [
              12.41298242,
              55.65972496
            ],
            [
              12.41013384,
              55.65995663
            ],
            [
              12.40834435,
              55.6594974
            ],
            [
              12.40787321,
              55.65851121
            ],
            [
              12.40798114,
              55.65847584
            ],
            [
              12.40778953,
              55.65824946
            ],
            [
              12.40743946,
              55.65828777
            ],
            [
              12.40722695,
              55.65795256
            ],
            [
              12.40610597,
              55.65811291
            ],
            [
              12.40498898,
              55.65863396
            ],
            [
              12.40194784,
              55.6589188
            ],
            [
              12.40025832,
              55.65952735
            ],
            [
              12.39937364,
              55.65933781
            ],
            [
              12.39942875,
              55.65961006
            ],
            [
              12.39730419,
              55.65994003
            ],
            [
              12.39589179,
              55.66045138
            ],
            [
              12.39479475,
              55.66034599
            ],
            [
              12.39446167,
              55.66086142
            ],
            [
              12.38985676,
              55.66075973
            ],
            [
              12.38966785,
              55.66097166
            ],
            [
              12.38767287,
              55.6607363
            ],
            [
              12.38763132,
              55.66084804
            ],
            [
              12.3874553,
              55.66083024
            ],
            [
              12.38184854,
              55.66016251
            ],
            [
              12.38158425,
              55.66087423
            ],
            [
              12.37880398,
              55.66053104
            ],
            [
              12.37880982,
              55.66030913
            ],
            [
              12.37762537,
              55.66021646
            ],
            [
              12.37759459,
              55.66030251
            ],
            [
              12.37674392,
              55.660152
            ],
            [
              12.37545371,
              55.66026034
            ],
            [
              12.37123913,
              55.66014981
            ],
            [
              12.37105973,
              55.66159763
            ],
            [
              12.37142139,
              55.66172762
            ],
            [
              12.37164452,
              55.66382942
            ],
            [
              12.37150877,
              55.6645938
            ],
            [
              12.3694394,
              55.6660925
            ],
            [
              12.36950433,
              55.6665774
            ],
            [
              12.3678075,
              55.66832405
            ],
            [
              12.36857925,
              55.66827103
            ],
            [
              12.36957485,
              55.66839492
            ],
            [
              12.36934837,
              55.66868692
            ],
            [
              12.36950602,
              55.66889237
            ],
            [
              12.37116629,
              55.66936337
            ],
            [
              12.37494922,
              55.67003138
            ],
            [
              12.37448797,
              55.67188276
            ],
            [
              12.3765485,
              55.6720554
            ],
            [
              12.3786836,
              55.67148041
            ],
            [
              12.37958326,
              55.67082938
            ],
            [
              12.38068082,
              55.67102094
            ],
            [
              12.38047261,
              55.67129794
            ],
            [
              12.38422646,
              55.67353173
            ],
            [
              12.3846734,
              55.67348955
            ],
            [
              12.38474291,
              55.67394437
            ],
            [
              12.38454521,
              55.67395552
            ],
            [
              12.38498102,
              55.67714045
            ],
            [
              12.38536214,
              55.67717219
            ],
            [
              12.38720676,
              55.67678741
            ],
            [
              12.39118793,
              55.6754215
            ],
            [
              12.39121269,
              55.67562105
            ],
            [
              12.39270142,
              55.67515548
            ],
            [
              12.39437025,
              55.67489963
            ],
            [
              12.3950028,
              55.67635415
            ],
            [
              12.39551707,
              55.67986019
            ],
            [
              12.39605255,
              55.67978852
            ],
            [
              12.39614469,
              55.68032592
            ],
            [
              12.39606061,
              55.68050379
            ],
            [
              12.39560375,
              55.68052303
            ],
            [
              12.39627171,
              55.6856505
            ],
            [
              12.39393128,
              55.68943979
            ],
            [
              12.39227667,
              55.69057205
            ],
            [
              12.38797056,
              55.69438517
            ],
            [
              12.38667555,
              55.69688998
            ],
            [
              12.38756796,
              55.6970181
            ],
            [
              12.38701974,
              55.69852684
            ],
            [
              12.3862217,
              55.7001314
            ],
            [
              12.38562124,
              55.70239521
            ],
            [
              12.38710855,
              55.70296196
            ],
            [
              12.38792777,
              55.70304129
            ],
            [
              12.38835231,
              55.70292608
            ],
            [
              12.38815813,
              55.70692332
            ],
            [
              12.39207111,
              55.70665524
            ],
            [
              12.39398813,
              55.70674833
            ],
            [
              12.39420928,
              55.70664708
            ],
            [
              12.39472539,
              55.705763
            ],
            [
              12.39662773,
              55.70608896
            ],
            [
              12.39775929,
              55.70575022
            ],
            [
              12.39987985,
              55.70546121
            ],
            [
              12.40054073,
              55.70562118
            ],
            [
              12.4056438,
              55.70796676
            ],
            [
              12.41011133,
              55.70941792
            ],
            [
              12.4116396,
              55.70943738
            ],
            [
              12.41853447,
              55.70831657
            ]
          ]
        ]
      }
    },
    {
      "type": "Feature",
      "properties": {
        "name": "Godth\u00e5b",
        "code": "7108",
        "source": "Dataforsyningen sogne"
      },
      "geometry": {
        "type": "Polygon",
        "coordinates": [
          [
            [
              12.5170747,
              55.69032762
            ],
            [
              12.52632168,
              55.68829902
            ],
            [
              12.5319865,
              55.6869135
            ],
            [
              12.53175433,
              55.68681535
            ],
            [
              12.52907782,
              55.6834281
            ],
            [
              12.52990729,
              55.68323015
            ],
            [
              12.5295208,
              55.68251808
            ],
            [
              12.52904917,
              55.68261788
            ],
            [
              12.52863476,
              55.68202305
            ],
            [
              12.52738443,
              55.68183315
            ],
            [
              12.52440201,
              55.68169475
            ],
            [
              12.52303893,
              55.68182905
            ],
            [
              12.52284396,
              55.68163611
            ],
            [
              12.52247886,
              55.68168895
            ],
            [
              12.5225654,
              55.68183528
            ],
            [
              12.52248615,
              55.68190436
            ],
            [
              12.52153136,
              55.68209624
            ],
            [
              12.51000604,
              55.68406979
            ],
            [
              12.50412302,
              55.68525452
            ],
            [
              12.50089691,
              55.6857279
            ],
            [
              12.50001844,
              55.68591752
            ],
            [
              12.49967756,
              55.68628646
            ],
            [
              12.50141218,
              55.68708799
            ],
            [
              12.5023816,
              55.68775797
            ],
            [
              12.50391819,
              55.68823954
            ],
            [
              12.51038791,
              55.68910492
            ],
            [
              12.51551065,
              55.6902768
            ],
            [
              12.51609734,
              55.69056686
            ],
            [
              12.51647989,
              55.69062036
            ],
            [
              12.5170747,
              55.69032762
            ]
          ]
        ]
      }
    },
    {
      "type": "Feature",
      "properties": {
        "name": "Gr\u00f8ndal",
        "code": "7060",
        "source": "Dataforsyningen sogne"
      },
      "geometry": {
        "type": "MultiPolygon",
        "coordinates": [
          [
            [
              [
                12.52232791,
                55.69751419
              ],
              [
                12.52264498,
                55.6973631
              ],
              [
                12.52475115,
                55.69727661
              ],
              [
                12.52610557,
                55.69620481
              ],
              [
                12.52730649,
                55.69556263
              ],
              [
                12.52496783,
                55.6951579
              ],
              [
                12.52250422,
                55.69424364
              ],
              [
                12.52203287,
                55.69401234
              ],
              [
                12.52010795,
                55.69235488
              ],
              [
                12.51745001,
                55.69082848
              ],
              [
                12.51609734,
                55.69056686
              ],
              [
                12.51527691,
                55.69022289
              ],
              [
                12.51510763,
                55.69035498
              ],
              [
                12.5156924,
                55.69055806
              ],
              [
                12.51517993,
                55.69102511
              ],
              [
                12.51114474,
                55.68983009
              ],
              [
                12.50895579,
                55.68948264
              ],
              [
                12.50581143,
                55.68918215
              ],
              [
                12.50451394,
                55.6903456
              ],
              [
                12.50546906,
                55.69128274
              ],
              [
                12.50448666,
                55.69210827
              ],
              [
                12.5050053,
                55.69238388
              ],
              [
                12.50491921,
                55.69246591
              ],
              [
                12.50391761,
                55.69239311
              ],
              [
                12.50370181,
                55.69263548
              ],
              [
                12.50394019,
                55.6926435
              ],
              [
                12.50240512,
                55.69406242
              ],
              [
                12.5025046,
                55.69428455
              ],
              [
                12.50285094,
                55.69440297
              ],
              [
                12.50202915,
                55.6944169
              ],
              [
                12.5009166,
                55.69546012
              ],
              [
                12.50049873,
                55.69560288
              ],
              [
                12.49999285,
                55.69691686
              ],
              [
                12.50348526,
                55.69779435
              ],
              [
                12.50419514,
                55.69730876
              ],
              [
                12.50434174,
                55.69734395
              ],
              [
                12.50374944,
                55.69774697
              ],
              [
                12.50425838,
                55.69789743
              ],
              [
                12.50420111,
                55.69807035
              ],
              [
                12.5051159,
                55.6975299
              ],
              [
                12.50541545,
                55.69760181
              ],
              [
                12.50651147,
                55.69693253
              ],
              [
                12.50677288,
                55.69700706
              ],
              [
                12.51044184,
                55.70037186
              ],
              [
                12.51698201,
                55.69813587
              ],
              [
                12.51917449,
                55.69779766
              ],
              [
                12.52232791,
                55.69751419
              ]
            ]
          ],
          [
            [
              [
                12.50735942,
                55.68888756
              ],
              [
                12.51005117,
                55.68934879
              ],
              [
                12.51041085,
                55.68927195
              ],
              [
                12.50961808,
                55.68910771
              ],
              [
                12.50735942,
                55.68888756
              ]
            ]
          ]
        ]
      }
    },
    {
      "type": "Feature",
      "properties": {
        "name": "Gr\u00f8ndalslund",
        "code": "7138",
        "source": "Dataforsyningen sogne"
      },
      "geometry": {
        "type": "Polygon",
        "coordinates": [
          [
            [
              12.46601871,
              55.69372603
            ],
            [
              12.46682186,
              55.69273469
            ],
            [
              12.46699756,
              55.6918251
            ],
            [
              12.46692516,
              55.69170136
            ],
            [
              12.46711228,
              55.69168797
            ],
            [
              12.46721916,
              55.69140847
            ],
            [
              12.46672184,
              55.69144752
            ],
            [
              12.46625616,
              55.69092012
            ],
            [
              12.4660531,
              55.69051091
            ],
            [
              12.46602529,
              55.68999208
            ],
            [
              12.46716016,
              55.68583214
            ],
            [
              12.46477298,
              55.68565809
            ],
            [
              12.46473779,
              55.68580349
            ],
            [
              12.45072379,
              55.68565813
            ],
            [
              12.45334883,
              55.68031018
            ],
            [
              12.45315638,
              55.68043401
            ],
            [
              12.4479799,
              55.68087503
            ],
            [
              12.44793823,
              55.68096027
            ],
            [
              12.44773859,
              55.68095204
            ],
            [
              12.44786833,
              55.68059656
            ],
            [
              12.44412593,
              55.6805637
            ],
            [
              12.4441289,
              55.68070244
            ],
            [
              12.44370357,
              55.68086023
            ],
            [
              12.44318493,
              55.68087641
            ],
            [
              12.43404848,
              55.68080198
            ],
            [
              12.43406701,
              55.68093894
            ],
            [
              12.4339029,
              55.68099281
            ],
            [
              12.42861552,
              55.68151685
            ],
            [
              12.42979347,
              55.68380564
            ],
            [
              12.43121042,
              55.68713082
            ],
            [
              12.43236082,
              55.68872596
            ],
            [
              12.43548971,
              55.68755436
            ],
            [
              12.4357081,
              55.68786456
            ],
            [
              12.43664652,
              55.68812554
            ],
            [
              12.43740904,
              55.68849296
            ],
            [
              12.43979151,
              55.6915216
            ],
            [
              12.4406427,
              55.69216677
            ],
            [
              12.44380634,
              55.69214398
            ],
            [
              12.44513242,
              55.69246693
            ],
            [
              12.44674728,
              55.69252955
            ],
            [
              12.44671909,
              55.69274082
            ],
            [
              12.44687372,
              55.69278314
            ],
            [
              12.44973919,
              55.69334636
            ],
            [
              12.45403579,
              55.69381321
            ],
            [
              12.45872142,
              55.69388752
            ],
            [
              12.46186718,
              55.6934
            ],
            [
              12.46601871,
              55.69372603
            ]
          ]
        ]
      }
    },
    {
      "type": "Feature",
      "properties": {
        "name": "Hans Egedes",
        "code": "7046",
        "source": "Dataforsyningen sogne"
      },
      "geometry": {
        "type": "MultiPolygon",
        "coordinates": [
          [
            [
              [
                12.59672834,
                55.70397571
              ],
              [
                12.59657569,
                55.705069
              ],
              [
                12.5994346,
                55.70534761
              ],
              [
                12.59744557,
                55.70405205
              ],
              [
                12.59672834,
                55.70397571
              ]
            ]
          ],
          [
            [
              [
                12.60069101,
                55.7075836
              ],
              [
                12.60079409,
                55.70774144
              ],
              [
                12.60249666,
                55.70736433
              ],
              [
                12.60308847,
                55.70672678
              ],
              [
                12.60248023,
                55.70623166
              ],
              [
                12.59923781,
                55.7069105
              ],
              [
                12.5992602,
                55.7079324
              ],
              [
                12.60069101,
                55.7075836
              ]
            ]
          ],
          [
            [
              [
                12.63242512,
                55.72495319
              ],
              [
                12.63986038,
                55.72237954
              ],
              [
                12.61770803,
                55.7122449
              ],
              [
                12.60630561,
                55.71453313
              ],
              [
                12.60597102,
                55.71400714
              ],
              [
                12.61540356,
                55.71208381
              ],
              [
                12.61579396,
                55.71186351
              ],
              [
                12.61582873,
                55.71167977
              ],
              [
                12.61567593,
                55.71150516
              ],
              [
                12.61178222,
                55.70971025
              ],
              [
                12.61134818,
                55.70920447
              ],
              [
                12.61142599,
                55.70901928
              ],
              [
                12.61075062,
                55.70887668
              ],
              [
                12.61104667,
                55.70912145
              ],
              [
                12.61094719,
                55.70929801
              ],
              [
                12.61027832,
                55.70943459
              ],
              [
                12.61044522,
                55.70969674
              ],
              [
                12.599757,
                55.71187595
              ],
              [
                12.59945985,
                55.7114232
              ],
              [
                12.59698631,
                55.71192269
              ],
              [
                12.5970589,
                55.71239146
              ],
              [
                12.59627119,
                55.71255312
              ],
              [
                12.5954203,
                55.71136623
              ],
              [
                12.60327729,
                55.70976453
              ],
              [
                12.60483178,
                55.70865629
              ],
              [
                12.60539054,
                55.70808714
              ],
              [
                12.60565801,
                55.70766655
              ],
              [
                12.605671,
                55.70751034
              ],
              [
                12.60556774,
                55.70749584
              ],
              [
                12.60532811,
                55.70810444
              ],
              [
                12.59932764,
                55.70932775
              ],
              [
                12.59885009,
                55.70836822
              ],
              [
                12.59897814,
                55.70833542
              ],
              [
                12.59896092,
                55.70644035
              ],
              [
                12.59867347,
                55.70644204
              ],
              [
                12.59867806,
                55.70664935
              ],
              [
                12.5920886,
                55.70598368
              ],
              [
                12.59261444,
                55.70478234
              ],
              [
                12.59256887,
                55.70462785
              ],
              [
                12.59484234,
                55.70489952
              ],
              [
                12.59506491,
                55.70372432
              ],
              [
                12.5952283,
                55.70374183
              ],
              [
                12.5952364,
                55.70385588
              ],
              [
                12.59507794,
                55.70492112
              ],
              [
                12.59634778,
                55.70504619
              ],
              [
                12.59651954,
                55.70382645
              ],
              [
                12.59756102,
                55.70393087
              ],
              [
                12.59983062,
                55.705318
              ],
              [
                12.60034442,
                55.70529105
              ],
              [
                12.59776875,
                55.70348166
              ],
              [
                12.59687938,
                55.70328403
              ],
              [
                12.59201162,
                55.70281181
              ],
              [
                12.58822892,
                55.70194296
              ],
              [
                12.58776062,
                55.70287688
              ],
              [
                12.58756721,
                55.70363102
              ],
              [
                12.58725409,
                55.7041894
              ],
              [
                12.58709851,
                55.70418936
              ],
              [
                12.58628302,
                55.7058267
              ],
              [
                12.58146225,
                55.70535997
              ],
              [
                12.58160188,
                55.70552305
              ],
              [
                12.5812784,
                55.705479
              ],
              [
                12.58481372,
                55.70926891
              ],
              [
                12.58518928,
                55.70913367
              ],
              [
                12.58684504,
                55.70953584
              ],
              [
                12.58726802,
                55.70974395
              ],
              [
                12.58796128,
                55.70982016
              ],
              [
                12.58792292,
                55.70998709
              ],
              [
                12.58817938,
                55.70998759
              ],
              [
                12.58828361,
                55.70972972
              ],
              [
                12.58906305,
                55.71001264
              ],
              [
                12.5892457,
                55.71022229
              ],
              [
                12.59009885,
                55.70930605
              ],
              [
                12.59071843,
                55.70947495
              ],
              [
                12.59015654,
                55.71061618
              ],
              [
                12.59024183,
                55.71066035
              ],
              [
                12.59123488,
                55.71080977
              ],
              [
                12.59166866,
                55.709937
              ],
              [
                12.59175465,
                55.71008078
              ],
              [
                12.59269811,
                55.71038387
              ],
              [
                12.59087537,
                55.71216547
              ],
              [
                12.59005014,
                55.712172
              ],
              [
                12.59005853,
                55.71257216
              ],
              [
                12.59057912,
                55.71263021
              ],
              [
                12.59377733,
                55.71710225
              ],
              [
                12.5935644,
                55.717153
              ],
              [
                12.59384622,
                55.71748778
              ],
              [
                12.59404575,
                55.71743158
              ],
              [
                12.59576074,
                55.71926584
              ],
              [
                12.59555207,
                55.71932833
              ],
              [
                12.5957748,
                55.71956755
              ],
              [
                12.59563924,
                55.71971827
              ],
              [
                12.59830128,
                55.71912382
              ],
              [
                12.59860198,
                55.71909198
              ],
              [
                12.59868452,
                55.7192185
              ],
              [
                12.60093741,
                55.71875388
              ],
              [
                12.60105603,
                55.71894166
              ],
              [
                12.60397261,
                55.71834842
              ],
              [
                12.60478087,
                55.71961258
              ],
              [
                12.60029267,
                55.72052774
              ],
              [
                12.60125629,
                55.72298957
              ],
              [
                12.60119983,
                55.72358892
              ],
              [
                12.60147458,
                55.72382319
              ],
              [
                12.60170699,
                55.7243967
              ],
              [
                12.60232021,
                55.72475087
              ],
              [
                12.60263048,
                55.72458737
              ],
              [
                12.60205012,
                55.72427171
              ],
              [
                12.60196025,
                55.7239483
              ],
              [
                12.60595777,
                55.72312277
              ],
              [
                12.60613956,
                55.72320051
              ],
              [
                12.60652049,
                55.72381857
              ],
              [
                12.60252526,
                55.72525028
              ],
              [
                12.60215577,
                55.72488725
              ],
              [
                12.60198483,
                55.72503946
              ],
              [
                12.60224925,
                55.72568702
              ],
              [
                12.60252106,
                55.72565243
              ],
              [
                12.60290396,
                55.72535902
              ],
              [
                12.6034227,
                55.72531717
              ],
              [
                12.60430963,
                55.72486589
              ],
              [
                12.60462682,
                55.72486206
              ],
              [
                12.61590208,
                55.720634
              ],
              [
                12.62010937,
                55.7235385
              ],
              [
                12.62108082,
                55.72396914
              ],
              [
                12.6235688,
                55.72458249
              ],
              [
                12.62730928,
                55.72509564
              ],
              [
                12.63097633,
                55.7251724
              ],
              [
                12.6324307,
                55.72507666
              ],
              [
                12.63242512,
                55.72495319
              ]
            ]
          ]
        ]
      }
    },
    {
      "type": "Feature",
      "properties": {
        "name": "Haralds",
        "code": "9071",
        "source": "Dataforsyningen sogne"
      },
      "geometry": {
        "type": "Polygon",
        "coordinates": [
          [
            [
              12.49867548,
              55.73577952
            ],
            [
              12.50050891,
              55.73386699
            ],
            [
              12.5007939,
              55.73335911
            ],
            [
              12.50112605,
              55.73252925
            ],
            [
              12.50122423,
              55.731836
            ],
            [
              12.50103157,
              55.73042389
            ],
            [
              12.50113123,
              55.73020418
            ],
            [
              12.50052094,
              55.72813718
            ],
            [
              12.50040089,
              55.72702302
            ],
            [
              12.50031016,
              55.72702749
            ],
            [
              12.50023619,
              55.72670202
            ],
            [
              12.50018335,
              55.72562928
            ],
            [
              12.49951322,
              55.72255623
            ],
            [
              12.49931667,
              55.72096225
            ],
            [
              12.49414059,
              55.72297576
            ],
            [
              12.4923136,
              55.72269023
            ],
            [
              12.49031827,
              55.72381259
            ],
            [
              12.48870212,
              55.72449181
            ],
            [
              12.48673762,
              55.72456716
            ],
            [
              12.48688494,
              55.72561668
            ],
            [
              12.48561177,
              55.72669335
            ],
            [
              12.48520457,
              55.72723514
            ],
            [
              12.48555104,
              55.72828296
            ],
            [
              12.48547359,
              55.72918673
            ],
            [
              12.48256951,
              55.73104571
            ],
            [
              12.48214586,
              55.73142161
            ],
            [
              12.48205283,
              55.73172951
            ],
            [
              12.48142262,
              55.73227321
            ],
            [
              12.48750075,
              55.73276194
            ],
            [
              12.48712028,
              55.7342275
            ],
            [
              12.48651274,
              55.7358561
            ],
            [
              12.48692957,
              55.73600358
            ],
            [
              12.4968942,
              55.73567887
            ],
            [
              12.49867548,
              55.73577952
            ]
          ]
        ]
      }
    },
    {
      "type": "Feature",
      "properties": {
        "name": "Hareskov",
        "code": "9239",
        "source": "Dataforsyningen sogne"
      },
      "geometry": {
        "type": "Polygon",
        "coordinates": [
          [
            [
              12.399231399775212,
              55.769231399775215
            ],
            [
              12.40318108,
              55.76745206
            ],
            [
              12.40356034,
              55.76723817
            ],
            [
              12.40313694,
              55.76722383
            ],
            [
              12.40405236,
              55.76674458
            ],
            [
              12.4056383,
              55.76600478
            ],
            [
              12.40585216,
              55.7661454
            ],
            [
              12.40732857,
              55.76543595
            ],
            [
              12.40719333,
              55.76534638
            ],
            [
              12.40940803,
              55.76439738
            ],
            [
              12.41451779,
              55.76190959
            ],
            [
              12.4169289,
              55.76116826
            ],
            [
              12.41619657,
              55.75299742
            ],
            [
              12.41323524,
              55.75307458
            ],
            [
              12.41016833,
              55.75238667
            ],
            [
              12.40756792,
              55.75263295
            ],
            [
              12.40583234,
              55.75331031
            ],
            [
              12.40460546,
              55.75438084
            ],
            [
              12.40312882,
              55.755336
            ],
            [
              12.40263574,
              55.75582692
            ],
            [
              12.40125117,
              55.75679685
            ],
            [
              12.39776883,
              55.7580615
            ],
            [
              12.39578875,
              55.75903598
            ],
            [
              12.39524415,
              55.75957037
            ],
            [
              12.39511257,
              55.75986334
            ],
            [
              12.3948426,
              55.75972758
            ],
            [
              12.39429156,
              55.75830127
            ],
            [
              12.39334298,
              55.75842955
            ],
            [
              12.39332202,
              55.75931835
            ],
            [
              12.3923992,
              55.75931014
            ],
            [
              12.39241836,
              55.75891967
            ],
            [
              12.38897739,
              55.75894889
            ],
            [
              12.399231399775212,
              55.769231399775215
            ]
          ]
        ]
      }
    },
    {
      "type": "Feature",
      "properties": {
        "name": "Hellerup",
        "code": "7117",
        "source": "Dataforsyningen sogne"
      },
      "geometry": {
        "type": "MultiPolygon",
        "coordinates": [
          [
            [
              [
                12.56722737,
                55.74024492
              ],
              [
                12.57673886,
                55.73982681
              ],
              [
                12.57704458,
                55.73993669
              ],
              [
                12.57823259,
                55.73994494
              ],
              [
                12.58424987,
                55.73964103
              ],
              [
                12.58279933,
                55.73609127
              ],
              [
                12.58240875,
                55.73452578
              ],
              [
                12.58235222,
                55.73411094
              ],
              [
                12.58244561,
                55.73387811
              ],
              [
                12.58234167,
                55.73368135
              ],
              [
                12.58247306,
                55.73285845
              ],
              [
                12.58230177,
                55.73213566
              ],
              [
                12.58253077,
                55.73158308
              ],
              [
                12.58168699,
                55.73148731
              ],
              [
                12.58158457,
                55.73082554
              ],
              [
                12.58138399,
                55.73056866
              ],
              [
                12.58160715,
                55.7297768
              ],
              [
                12.5817663,
                55.7296808
              ],
              [
                12.5816782,
                55.72958365
              ],
              [
                12.58198368,
                55.72909017
              ],
              [
                12.58317789,
                55.72877341
              ],
              [
                12.58410614,
                55.72874315
              ],
              [
                12.58084534,
                55.72760001
              ],
              [
                12.58093732,
                55.72740751
              ],
              [
                12.5831115,
                55.72822667
              ],
              [
                12.58408707,
                55.72765453
              ],
              [
                12.58452735,
                55.72712509
              ],
              [
                12.5848246,
                55.7271834
              ],
              [
                12.58462775,
                55.72746232
              ],
              [
                12.58339087,
                55.72832965
              ],
              [
                12.58421567,
                55.72870389
              ],
              [
                12.58598248,
                55.72860722
              ],
              [
                12.58688477,
                55.72832027
              ],
              [
                12.58797376,
                55.72735445
              ],
              [
                12.58865668,
                55.72693129
              ],
              [
                12.58838913,
                55.72678697
              ],
              [
                12.58792285,
                55.72719049
              ],
              [
                12.58626135,
                55.72639914
              ],
              [
                12.58539938,
                55.72718063
              ],
              [
                12.58493561,
                55.72708052
              ],
              [
                12.58494365,
                55.72699622
              ],
              [
                12.5848536,
                55.72713831
              ],
              [
                12.58359861,
                55.72679165
              ],
              [
                12.58366717,
                55.72669317
              ],
              [
                12.5834896,
                55.72663154
              ],
              [
                12.5839806,
                55.726207
              ],
              [
                12.58457587,
                55.726228
              ],
              [
                12.58100684,
                55.7256867
              ],
              [
                12.58116993,
                55.72534358
              ],
              [
                12.58479771,
                55.72592111
              ],
              [
                12.58500742,
                55.72575484
              ],
              [
                12.58611077,
                55.72592149
              ],
              [
                12.58624239,
                55.72609011
              ],
              [
                12.58683844,
                55.72602763
              ],
              [
                12.58716346,
                55.72582616
              ],
              [
                12.58871788,
                55.7263034
              ],
              [
                12.58871375,
                55.72644927
              ],
              [
                12.58916959,
                55.72600865
              ],
              [
                12.58964845,
                55.72607539
              ],
              [
                12.58980693,
                55.72563249
              ],
              [
                12.58840115,
                55.7253892
              ],
              [
                12.58822677,
                55.72510557
              ],
              [
                12.5883618,
                55.72493114
              ],
              [
                12.58787452,
                55.7247482
              ],
              [
                12.58799452,
                55.72446217
              ],
              [
                12.58734112,
                55.72421206
              ],
              [
                12.58643487,
                55.72410413
              ],
              [
                12.586605,
                55.72385557
              ],
              [
                12.58587813,
                55.72347128
              ],
              [
                12.58599829,
                55.72313651
              ],
              [
                12.58507957,
                55.7228732
              ],
              [
                12.5852054,
                55.72261757
              ],
              [
                12.58419637,
                55.72236642
              ],
              [
                12.58312976,
                55.72184161
              ],
              [
                12.58049455,
                55.7221142
              ],
              [
                12.57795846,
                55.72209341
              ],
              [
                12.57774261,
                55.72223449
              ],
              [
                12.57796899,
                55.72294283
              ],
              [
                12.5778646,
                55.72324871
              ],
              [
                12.57704323,
                55.72562365
              ],
              [
                12.57607263,
                55.72761574
              ],
              [
                12.57651815,
                55.72894945
              ],
              [
                12.56819573,
                55.73008085
              ],
              [
                12.56805426,
                55.73062905
              ],
              [
                12.56785501,
                55.73062478
              ],
              [
                12.56766604,
                55.73127588
              ],
              [
                12.56773559,
                55.73179501
              ],
              [
                12.5672261,
                55.73185739
              ],
              [
                12.56706226,
                55.73247143
              ],
              [
                12.56695793,
                55.73249119
              ],
              [
                12.56600722,
                55.73640711
              ],
              [
                12.56462331,
                55.74054331
              ],
              [
                12.56722737,
                55.74024492
              ]
            ]
          ],
          [
            [
              [
                12.58963547,
                55.72626711
              ],
              [
                12.58957099,
                55.72655728
              ],
              [
                12.58969854,
                55.72660327
              ],
              [
                12.58973871,
                55.72632254
              ],
              [
                12.58963547,
                55.72626711
              ]
            ]
          ],
          [
            [
              [
                12.58998188,
                55.72727854
              ],
              [
                12.59058923,
                55.727025
              ],
              [
                12.59077037,
                55.72658953
              ],
              [
                12.59060406,
                55.72659683
              ],
              [
                12.59049868,
                55.72694816
              ],
              [
                12.5902092,
                55.72711498
              ],
              [
                12.58901389,
                55.72736827
              ],
              [
                12.58998188,
                55.72727854
              ]
            ]
          ]
        ]
      }
    },
    {
      "type": "Feature",
      "properties": {
        "name": "Helleruplund",
        "code": "7110",
        "source": "Dataforsyningen sogne"
      },
      "geometry": {
        "type": "Polygon",
        "coordinates": [
          [
            [
              12.55671315,
              55.74395847
            ],
            [
              12.56252749,
              55.74126802
            ],
            [
              12.56364683,
              55.74064908
            ],
            [
              12.56362048,
              55.7404354
            ],
            [
              12.56342776,
              55.7403321
            ],
            [
              12.56363327,
              55.74021572
            ],
            [
              12.56477738,
              55.74029992
            ],
            [
              12.56468327,
              55.74014728
            ],
            [
              12.56550607,
              55.73811202
            ],
            [
              12.56695359,
              55.732578
            ],
            [
              12.56695793,
              55.73249119
            ],
            [
              12.56579133,
              55.73271149
            ],
            [
              12.56581911,
              55.73214978
            ],
            [
              12.56608019,
              55.73129149
            ],
            [
              12.56363557,
              55.73153731
            ],
            [
              12.56170883,
              55.72540983
            ],
            [
              12.56140868,
              55.72386622
            ],
            [
              12.56135147,
              55.72274706
            ],
            [
              12.55559801,
              55.72292921
            ],
            [
              12.55537663,
              55.72346587
            ],
            [
              12.55546527,
              55.72385525
            ],
            [
              12.55536308,
              55.72401736
            ],
            [
              12.55465061,
              55.72429939
            ],
            [
              12.55425833,
              55.72460389
            ],
            [
              12.55058197,
              55.72825466
            ],
            [
              12.54986726,
              55.7287974
            ],
            [
              12.54017493,
              55.73775954
            ],
            [
              12.54436054,
              55.73779968
            ],
            [
              12.54765715,
              55.73720422
            ],
            [
              12.5500837,
              55.7363426
            ],
            [
              12.54845539,
              55.74092994
            ],
            [
              12.54854586,
              55.74164683
            ],
            [
              12.54889389,
              55.74173891
            ],
            [
              12.54991882,
              55.74159741
            ],
            [
              12.55298229,
              55.74171989
            ],
            [
              12.55313052,
              55.74180228
            ],
            [
              12.55310274,
              55.74224673
            ],
            [
              12.55483905,
              55.74220868
            ],
            [
              12.55479271,
              55.74232475
            ],
            [
              12.55343291,
              55.74236314
            ],
            [
              12.55335334,
              55.74363462
            ],
            [
              12.55484283,
              55.74320457
            ],
            [
              12.5547877,
              55.74270749
            ],
            [
              12.55490503,
              55.74263414
            ],
            [
              12.55501154,
              55.74217041
            ],
            [
              12.55641211,
              55.74223683
            ],
            [
              12.55650556,
              55.74371811
            ],
            [
              12.55668252,
              55.74356094
            ],
            [
              12.55671315,
              55.74395847
            ]
          ]
        ]
      }
    },
    {
      "type": "Feature",
      "properties": {
        "name": "Hellig\u00e5nds",
        "code": "7002",
        "source": "Dataforsyningen sogne"
      },
      "geometry": {
        "type": "Polygon",
        "coordinates": [
          [
            [
              12.58146914,
              55.68254432
            ],
            [
              12.58153818,
              55.68262395
            ],
            [
              12.58220036,
              55.6824513
            ],
            [
              12.58215987,
              55.68236364
            ],
            [
              12.58523145,
              55.68153097
            ],
            [
              12.58460894,
              55.68078621
            ],
            [
              12.58482314,
              55.68032218
            ],
            [
              12.58356266,
              55.6800676
            ],
            [
              12.58156798,
              55.67939961
            ],
            [
              12.5798202,
              55.67904322
            ],
            [
              12.58015097,
              55.67853425
            ],
            [
              12.58036746,
              55.67789122
            ],
            [
              12.58074553,
              55.67791048
            ],
            [
              12.5815583,
              55.67728474
            ],
            [
              12.58288977,
              55.67666776
            ],
            [
              12.58271291,
              55.67662176
            ],
            [
              12.58068575,
              55.67752612
            ],
            [
              12.57978818,
              55.67770807
            ],
            [
              12.57795228,
              55.67725011
            ],
            [
              12.57572693,
              55.67589189
            ],
            [
              12.57564194,
              55.67564781
            ],
            [
              12.57670402,
              55.67472908
            ],
            [
              12.57912334,
              55.6727559
            ],
            [
              12.58011041,
              55.67211312
            ],
            [
              12.57808699,
              55.67095479
            ],
            [
              12.57818318,
              55.67083742
            ],
            [
              12.57775963,
              55.67056906
            ],
            [
              12.57752884,
              55.67060115
            ],
            [
              12.57630984,
              55.66991161
            ],
            [
              12.57654566,
              55.66977795
            ],
            [
              12.57310441,
              55.6678831
            ],
            [
              12.57255881,
              55.66817352
            ],
            [
              12.57125923,
              55.66756163
            ],
            [
              12.57091126,
              55.66780718
            ],
            [
              12.57163952,
              55.66826882
            ],
            [
              12.56981097,
              55.6695879
            ],
            [
              12.56779891,
              55.67148679
            ],
            [
              12.56710824,
              55.6719961
            ],
            [
              12.56693089,
              55.67193562
            ],
            [
              12.56405896,
              55.67472683
            ],
            [
              12.56932854,
              55.67651649
            ],
            [
              12.57222559,
              55.6778263
            ],
            [
              12.57136601,
              55.6781495
            ],
            [
              12.573794,
              55.67909366
            ],
            [
              12.57639942,
              55.68111818
            ],
            [
              12.57792364,
              55.68071342
            ],
            [
              12.58050814,
              55.68263947
            ],
            [
              12.5805569,
              55.68287848
            ],
            [
              12.58146914,
              55.68254432
            ]
          ]
        ]
      }
    },
    {
      "type": "Feature",
      "properties": {
        "name": "Hendriksholm",
        "code": "7140",
        "source": "Dataforsyningen sogne"
      },
      "geometry": {
        "type": "Polygon",
        "coordinates": [
          [
            [
              12.47473283,
              55.67216194
            ],
            [
              12.47854923,
              55.67204735
            ],
            [
              12.47831901,
              55.66680961
            ],
            [
              12.47812357,
              55.66600952
            ],
            [
              12.47826812,
              55.66589248
            ],
            [
              12.47834301,
              55.66554464
            ],
            [
              12.47734032,
              55.666123
            ],
            [
              12.47396126,
              55.66616682
            ],
            [
              12.47097024,
              55.66593845
            ],
            [
              12.47097421,
              55.66552904
            ],
            [
              12.46792373,
              55.66532179
            ],
            [
              12.46151815,
              55.66546586
            ],
            [
              12.46150452,
              55.66520001
            ],
            [
              12.46325856,
              55.66512377
            ],
            [
              12.463235,
              55.66486449
            ],
            [
              12.46044481,
              55.66497717
            ],
            [
              12.46046289,
              55.66523399
            ],
            [
              12.46006526,
              55.66524369
            ],
            [
              12.45996638,
              55.66494904
            ],
            [
              12.4578957,
              55.66499721
            ],
            [
              12.4548298,
              55.66475258
            ],
            [
              12.451773,
              55.66485989
            ],
            [
              12.4517754,
              55.66498643
            ],
            [
              12.44851994,
              55.66503272
            ],
            [
              12.44837971,
              55.66656223
            ],
            [
              12.44735412,
              55.66705727
            ],
            [
              12.44705222,
              55.67017767
            ],
            [
              12.47451668,
              55.67256621
            ],
            [
              12.47473283,
              55.67216194
            ]
          ]
        ]
      }
    },
    {
      "type": "Feature",
      "properties": {
        "name": "Herlev",
        "code": "7135",
        "source": "Dataforsyningen sogne"
      },
      "geometry": {
        "type": "Polygon",
        "coordinates": [
          [
            [
              12.43791967,
              55.72842882
            ],
            [
              12.44230658,
              55.72707331
            ],
            [
              12.44138515,
              55.72411415
            ],
            [
              12.4417868,
              55.72374663
            ],
            [
              12.44154284,
              55.72296143
            ],
            [
              12.44163062,
              55.72288654
            ],
            [
              12.4415875,
              55.72248257
            ],
            [
              12.44124145,
              55.72198454
            ],
            [
              12.44007227,
              55.71834735
            ],
            [
              12.43866367,
              55.71635517
            ],
            [
              12.43738493,
              55.71501219
            ],
            [
              12.43528707,
              55.71309178
            ],
            [
              12.43454851,
              55.71296438
            ],
            [
              12.42861863,
              55.70758931
            ],
            [
              12.4264476,
              55.70846581
            ],
            [
              12.42483114,
              55.70867917
            ],
            [
              12.42446433,
              55.70930594
            ],
            [
              12.42412086,
              55.71053222
            ],
            [
              12.42511457,
              55.71249541
            ],
            [
              12.42555643,
              55.71380515
            ],
            [
              12.42617474,
              55.71458702
            ],
            [
              12.42598432,
              55.71619835
            ],
            [
              12.42617912,
              55.71670002
            ],
            [
              12.42604282,
              55.71719124
            ],
            [
              12.42549344,
              55.71778013
            ],
            [
              12.42513919,
              55.71850375
            ],
            [
              12.42489725,
              55.71873663
            ],
            [
              12.4235999,
              55.71904293
            ],
            [
              12.42214812,
              55.72023287
            ],
            [
              12.42171727,
              55.72080117
            ],
            [
              12.41980849,
              55.72164687
            ],
            [
              12.41962265,
              55.72190992
            ],
            [
              12.41966817,
              55.72204235
            ],
            [
              12.41931455,
              55.72238685
            ],
            [
              12.4191993,
              55.72314731
            ],
            [
              12.41837449,
              55.72334678
            ],
            [
              12.41760786,
              55.72315136
            ],
            [
              12.4170347,
              55.72341404
            ],
            [
              12.4166958,
              55.72367766
            ],
            [
              12.41653897,
              55.72406505
            ],
            [
              12.4147504,
              55.72515008
            ],
            [
              12.4147577,
              55.72539417
            ],
            [
              12.414381,
              55.72600229
            ],
            [
              12.43045292,
              55.72506969
            ],
            [
              12.43058323,
              55.7257956
            ],
            [
              12.43170858,
              55.72730262
            ],
            [
              12.43221441,
              55.72775395
            ],
            [
              12.43302715,
              55.72822214
            ],
            [
              12.43439313,
              55.72866702
            ],
            [
              12.43692946,
              55.72888751
            ],
            [
              12.43743921,
              55.72911267
            ],
            [
              12.43784564,
              55.7287954
            ],
            [
              12.43791967,
              55.72842882
            ]
          ]
        ]
      }
    },
    {
      "type": "Feature",
      "properties": {
        "name": "Herstedvester",
        "code": "7155",
        "source": "Dataforsyningen sogne"
      },
      "geometry": {
        "type": "Polygon",
        "coordinates": [
          [
            [
              12.3304916,
              55.70045822
            ],
            [
              12.33393888,
              55.70013226
            ],
            [
              12.33512471,
              55.70028227
            ],
            [
              12.33656855,
              55.70147495
            ],
            [
              12.33732211,
              55.70312111
            ],
            [
              12.33763146,
              55.70351099
            ],
            [
              12.33910391,
              55.70454579
            ],
            [
              12.33990935,
              55.70523478
            ],
            [
              12.34054784,
              55.70600087
            ],
            [
              12.3413492,
              55.7066005
            ],
            [
              12.34166522,
              55.70755402
            ],
            [
              12.34153793,
              55.7082933
            ],
            [
              12.34180976,
              55.70907612
            ],
            [
              12.34174273,
              55.70948065
            ],
            [
              12.34184806,
              55.70972755
            ],
            [
              12.34201683,
              55.70979614
            ],
            [
              12.34472488,
              55.70939246
            ],
            [
              12.34609587,
              55.70896298
            ],
            [
              12.34946193,
              55.70680914
            ],
            [
              12.35233007,
              55.70459059
            ],
            [
              12.35161078,
              55.70384843
            ],
            [
              12.35099881,
              55.70137177
            ],
            [
              12.35103431,
              55.70113191
            ],
            [
              12.35819557,
              55.70115807
            ],
            [
              12.35817211,
              55.70059362
            ],
            [
              12.35583811,
              55.68991709
            ],
            [
              12.35575253,
              55.68847161
            ],
            [
              12.35283476,
              55.68866271
            ],
            [
              12.35307665,
              55.68825357
            ],
            [
              12.3541851,
              55.68491843
            ],
            [
              12.35445256,
              55.68368258
            ],
            [
              12.35431934,
              55.6836713
            ],
            [
              12.35476915,
              55.68192094
            ],
            [
              12.35705073,
              55.67926037
            ],
            [
              12.35700745,
              55.67867768
            ],
            [
              12.35692326,
              55.67868493
            ],
            [
              12.35702699,
              55.67817805
            ],
            [
              12.35437186,
              55.6784076
            ],
            [
              12.35204854,
              55.67876081
            ],
            [
              12.35190238,
              55.67880626
            ],
            [
              12.35197719,
              55.67906117
            ],
            [
              12.35173138,
              55.67911546
            ],
            [
              12.35102179,
              55.67740426
            ],
            [
              12.35001478,
              55.67601721
            ],
            [
              12.34851798,
              55.67458572
            ],
            [
              12.34579278,
              55.67232613
            ],
            [
              12.34743992,
              55.67150372
            ],
            [
              12.348582,
              55.6707627
            ],
            [
              12.34860795,
              55.670508
            ],
            [
              12.34972479,
              55.66926955
            ],
            [
              12.3501319,
              55.66842352
            ],
            [
              12.35025253,
              55.6676336
            ],
            [
              12.35561702,
              55.66776303
            ],
            [
              12.35540516,
              55.6674179
            ],
            [
              12.35549428,
              55.66647311
            ],
            [
              12.35650576,
              55.66652437
            ],
            [
              12.35639703,
              55.66633404
            ],
            [
              12.35569772,
              55.66632261
            ],
            [
              12.35615873,
              55.66455341
            ],
            [
              12.35711782,
              55.66458227
            ],
            [
              12.35764373,
              55.66267489
            ],
            [
              12.33,
              55.66037291013786
            ],
            [
              12.33,
              55.7
            ],
            [
              12.3304916,
              55.70045822
            ]
          ]
        ]
      }
    },
    {
      "type": "Feature",
      "properties": {
        "name": "Hersted\u00f8ster",
        "code": "7148",
        "source": "Dataforsyningen sogne"
      },
      "geometry": {
        "type": "Polygon",
        "coordinates": [
          [
            [
              12.34784677,
              55.70958262
            ],
            [
              12.36288054,
              55.7051933
            ],
            [
              12.36388804,
              55.70476072
            ],
            [
              12.36548281,
              55.7046045
            ],
            [
              12.37087925,
              55.70269445
            ],
            [
              12.371661,
              55.70223421
            ],
            [
              12.37567203,
              55.70142233
            ],
            [
              12.37910233,
              55.69991817
            ],
            [
              12.38218118,
              55.698847
            ],
            [
              12.38210723,
              55.69880363
            ],
            [
              12.38744868,
              55.6973413
            ],
            [
              12.38756796,
              55.6970181
            ],
            [
              12.38667555,
              55.69688998
            ],
            [
              12.38797056,
              55.69438517
            ],
            [
              12.39227667,
              55.69057205
            ],
            [
              12.39393128,
              55.68943979
            ],
            [
              12.39627171,
              55.6856505
            ],
            [
              12.39560375,
              55.68052303
            ],
            [
              12.39606061,
              55.68050379
            ],
            [
              12.39614469,
              55.68032592
            ],
            [
              12.39605255,
              55.67978852
            ],
            [
              12.39551707,
              55.67986019
            ],
            [
              12.39506561,
              55.67652801
            ],
            [
              12.39437025,
              55.67489963
            ],
            [
              12.39270142,
              55.67515548
            ],
            [
              12.39121269,
              55.67562105
            ],
            [
              12.39118793,
              55.6754215
            ],
            [
              12.38720676,
              55.67678741
            ],
            [
              12.38536214,
              55.67717219
            ],
            [
              12.38498102,
              55.67714045
            ],
            [
              12.38454521,
              55.67395552
            ],
            [
              12.38474291,
              55.67394437
            ],
            [
              12.3846734,
              55.67348955
            ],
            [
              12.38422646,
              55.67353173
            ],
            [
              12.38047261,
              55.67129794
            ],
            [
              12.38068082,
              55.67102094
            ],
            [
              12.37958326,
              55.67082938
            ],
            [
              12.3786836,
              55.67148041
            ],
            [
              12.3765485,
              55.6720554
            ],
            [
              12.37448797,
              55.67188276
            ],
            [
              12.37494922,
              55.67003138
            ],
            [
              12.37116629,
              55.66936337
            ],
            [
              12.36950602,
              55.66889237
            ],
            [
              12.36934837,
              55.66868692
            ],
            [
              12.36957485,
              55.66839492
            ],
            [
              12.36857925,
              55.66827103
            ],
            [
              12.3678075,
              55.66832405
            ],
            [
              12.36950433,
              55.6665774
            ],
            [
              12.3694394,
              55.6660925
            ],
            [
              12.37144864,
              55.66468249
            ],
            [
              12.37164372,
              55.6638441
            ],
            [
              12.35764373,
              55.66267489
            ],
            [
              12.35711782,
              55.66458227
            ],
            [
              12.35615873,
              55.66455341
            ],
            [
              12.35569772,
              55.66632261
            ],
            [
              12.35639703,
              55.66633404
            ],
            [
              12.35650576,
              55.66652437
            ],
            [
              12.35549428,
              55.66647311
            ],
            [
              12.35540516,
              55.6674179
            ],
            [
              12.35561702,
              55.66776303
            ],
            [
              12.35025253,
              55.6676336
            ],
            [
              12.3501319,
              55.66842352
            ],
            [
              12.34972479,
              55.66926955
            ],
            [
              12.34860795,
              55.670508
            ],
            [
              12.348582,
              55.6707627
            ],
            [
              12.34743992,
              55.67150372
            ],
            [
              12.34579278,
              55.67232613
            ],
            [
              12.34851798,
              55.67458572
            ],
            [
              12.35001478,
              55.67601721
            ],
            [
              12.35102179,
              55.67740426
            ],
            [
              12.35173138,
              55.67911546
            ],
            [
              12.35197719,
              55.67906117
            ],
            [
              12.35190238,
              55.67880626
            ],
            [
              12.35204854,
              55.67876081
            ],
            [
              12.35437186,
              55.6784076
            ],
            [
              12.35702699,
              55.67817805
            ],
            [
              12.35692326,
              55.67868493
            ],
            [
              12.35700745,
              55.67867768
            ],
            [
              12.35705073,
              55.67926037
            ],
            [
              12.35476915,
              55.68192094
            ],
            [
              12.35431934,
              55.6836713
            ],
            [
              12.35445256,
              55.68368258
            ],
            [
              12.3541851,
              55.68491843
            ],
            [
              12.35307665,
              55.68825357
            ],
            [
              12.35283476,
              55.68866271
            ],
            [
              12.35575253,
              55.68847161
            ],
            [
              12.35583811,
              55.68991709
            ],
            [
              12.35817211,
              55.70059362
            ],
            [
              12.35819557,
              55.70115807
            ],
            [
              12.35103431,
              55.70113191
            ],
            [
              12.35099881,
              55.70137177
            ],
            [
              12.35161078,
              55.70384843
            ],
            [
              12.35233007,
              55.70459059
            ],
            [
              12.34946193,
              55.70680914
            ],
            [
              12.34609587,
              55.70896298
            ],
            [
              12.34359386,
              55.70961723
            ],
            [
              12.34188379,
              55.70975427
            ],
            [
              12.34177094,
              55.70997672
            ],
            [
              12.34189653,
              55.71044568
            ],
            [
              12.3422996,
              55.7110736
            ],
            [
              12.34784677,
              55.70958262
            ]
          ]
        ]
      }
    },
    {
      "type": "Feature",
      "properties": {
        "name": "Holmens",
        "code": "7036",
        "source": "Dataforsyningen sogne"
      },
      "geometry": {
        "type": "MultiPolygon",
        "coordinates": [
          [
            [
              [
                12.58371505,
                55.67598328
              ],
              [
                12.58741623,
                55.67526018
              ],
              [
                12.58556663,
                55.67430486
              ],
              [
                12.5850882,
                55.67420268
              ],
              [
                12.58353064,
                55.67354775
              ],
              [
                12.58362281,
                55.67346647
              ],
              [
                12.58218268,
                55.67301445
              ],
              [
                12.58048626,
                55.67225968
              ],
              [
                12.57957101,
                55.67279687
              ],
              [
                12.57598924,
                55.67577247
              ],
              [
                12.57789614,
                55.6769632
              ],
              [
                12.57976029,
                55.67751789
              ],
              [
                12.58006961,
                55.6774862
              ],
              [
                12.58371505,
                55.67598328
              ]
            ]
          ],
          [
            [
              [
                12.58523145,
                55.68153097
              ],
              [
                12.59392592,
                55.67921417
              ],
              [
                12.59381922,
                55.67908682
              ],
              [
                12.5915096,
                55.67972458
              ],
              [
                12.59128164,
                55.67968396
              ],
              [
                12.59119115,
                55.67980602
              ],
              [
                12.58795774,
                55.6806586
              ],
              [
                12.58776358,
                55.68042591
              ],
              [
                12.59098281,
                55.67955765
              ],
              [
                12.59135826,
                55.67956158
              ],
              [
                12.59135303,
                55.67946462
              ],
              [
                12.59364015,
                55.67885586
              ],
              [
                12.59287227,
                55.67823634
              ],
              [
                12.59071051,
                55.67703307
              ],
              [
                12.58779257,
                55.67599136
              ],
              [
                12.58793114,
                55.67584874
              ],
              [
                12.58750274,
                55.67571453
              ],
              [
                12.58721965,
                55.67587073
              ],
              [
                12.58420232,
                55.67612792
              ],
              [
                12.58340827,
                55.67641109
              ],
              [
                12.5815583,
                55.67728474
              ],
              [
                12.58074557,
                55.67791048
              ],
              [
                12.58036746,
                55.67789122
              ],
              [
                12.58015097,
                55.67853425
              ],
              [
                12.5798202,
                55.67904322
              ],
              [
                12.58156798,
                55.67939961
              ],
              [
                12.58356266,
                55.6800676
              ],
              [
                12.58482314,
                55.68032218
              ],
              [
                12.58460894,
                55.68078621
              ],
              [
                12.58523145,
                55.68153097
              ]
            ]
          ]
        ]
      }
    },
    {
      "type": "Feature",
      "properties": {
        "name": "Hundige-Kildebr\u00f8nde",
        "code": "7195",
        "source": "Dataforsyningen sogne"
      },
      "geometry": {
        "type": "Polygon",
        "coordinates": [
          [
            [
              12.33000751,
              55.60842816
            ],
            [
              12.3326035,
              55.60817353
            ],
            [
              12.33411978,
              55.60751388
            ],
            [
              12.33570755,
              55.60781592
            ],
            [
              12.33665949,
              55.60777543
            ],
            [
              12.33705352,
              55.60787592
            ],
            [
              12.3384227,
              55.60705271
            ],
            [
              12.33945178,
              55.60677283
            ],
            [
              12.34120324,
              55.60660729
            ],
            [
              12.34200798,
              55.60632694
            ],
            [
              12.34251591,
              55.6058923
            ],
            [
              12.34299898,
              55.60496239
            ],
            [
              12.3450611,
              55.60362928
            ],
            [
              12.35536759,
              55.6022659
            ],
            [
              12.35598112,
              55.60140798
            ],
            [
              12.3566674,
              55.60104652
            ],
            [
              12.35727524,
              55.60094715
            ],
            [
              12.35843813,
              55.6010042
            ],
            [
              12.36042345,
              55.60078054
            ],
            [
              12.36062449,
              55.60067837
            ],
            [
              12.3604944,
              55.60030314
            ],
            [
              12.35749311,
              55.59903947
            ],
            [
              12.35938182,
              55.59747223
            ],
            [
              12.36000617,
              55.59602417
            ],
            [
              12.36154357,
              55.59567575
            ],
            [
              12.3632346,
              55.59403791
            ],
            [
              12.3581548,
              55.59253729
            ],
            [
              12.35597093,
              55.59165137
            ],
            [
              12.35583934,
              55.59155688
            ],
            [
              12.3566017,
              55.59058455
            ],
            [
              12.35600305,
              55.58953703
            ],
            [
              12.35524288,
              55.58935457
            ],
            [
              12.35556406,
              55.58903126
            ],
            [
              12.35513122,
              55.58889108
            ],
            [
              12.35504122,
              55.58857517
            ],
            [
              12.35502664,
              55.58888405
            ],
            [
              12.35424797,
              55.58898864
            ],
            [
              12.35177422,
              55.59076404
            ],
            [
              12.35145775,
              55.59083042
            ],
            [
              12.34454171,
              55.58951659
            ],
            [
              12.3403809,
              55.58853754
            ],
            [
              12.33,
              55.58536439802361
            ],
            [
              12.33000751,
              55.60842816
            ]
          ]
        ]
      }
    },
    {
      "type": "Feature",
      "properties": {
        "name": "Husum",
        "code": "7067",
        "source": "Dataforsyningen sogne"
      },
      "geometry": {
        "type": "Polygon",
        "coordinates": [
          [
            [
              12.47992191,
              55.70954095
            ],
            [
              12.48995025,
              55.7058457
            ],
            [
              12.49100686,
              55.70559643
            ],
            [
              12.48845452,
              55.70344455
            ],
            [
              12.4882357,
              55.70308527
            ],
            [
              12.48547475,
              55.70050219
            ],
            [
              12.48657001,
              55.69886222
            ],
            [
              12.4859639,
              55.69873189
            ],
            [
              12.48589008,
              55.69884324
            ],
            [
              12.48521981,
              55.69880762
            ],
            [
              12.48554973,
              55.69831486
            ],
            [
              12.4853859,
              55.69830405
            ],
            [
              12.48512792,
              55.69865369
            ],
            [
              12.48169917,
              55.69842845
            ],
            [
              12.48154407,
              55.69857473
            ],
            [
              12.48073877,
              55.69844761
            ],
            [
              12.48087272,
              55.6979972
            ],
            [
              12.4806902,
              55.69793207
            ],
            [
              12.47713162,
              55.69769951
            ],
            [
              12.46966494,
              55.69939525
            ],
            [
              12.46425673,
              55.70078604
            ],
            [
              12.46411519,
              55.70102525
            ],
            [
              12.46427307,
              55.70224524
            ],
            [
              12.46419265,
              55.70248425
            ],
            [
              12.46380193,
              55.70282788
            ],
            [
              12.46310781,
              55.7030701
            ],
            [
              12.46073414,
              55.70326369
            ],
            [
              12.45677681,
              55.70441817
            ],
            [
              12.45579605,
              55.70501424
            ],
            [
              12.45491748,
              55.70626631
            ],
            [
              12.46132824,
              55.70843881
            ],
            [
              12.46396638,
              55.70919767
            ],
            [
              12.46399305,
              55.70911231
            ],
            [
              12.46789054,
              55.7103706
            ],
            [
              12.47318498,
              55.71182021
            ],
            [
              12.47776309,
              55.71055679
            ],
            [
              12.48023882,
              55.70971269
            ],
            [
              12.47992191,
              55.70954095
            ]
          ]
        ]
      }
    },
    {
      "type": "Feature",
      "properties": {
        "name": "Husumvold",
        "code": "7070",
        "source": "Dataforsyningen sogne"
      },
      "geometry": {
        "type": "Polygon",
        "coordinates": [
          [
            [
              12.49987043,
              55.71729195
            ],
            [
              12.50076686,
              55.71649104
            ],
            [
              12.50082572,
              55.71558122
            ],
            [
              12.50076756,
              55.71549206
            ],
            [
              12.500038,
              55.71602692
            ],
            [
              12.499151,
              55.71568222
            ],
            [
              12.49911626,
              55.7154613
            ],
            [
              12.4985587,
              55.71521654
            ],
            [
              12.49853457,
              55.71484543
            ],
            [
              12.49872733,
              55.71482267
            ],
            [
              12.49903215,
              55.71451969
            ],
            [
              12.49993203,
              55.714208
            ],
            [
              12.49950753,
              55.71354565
            ],
            [
              12.49925108,
              55.71265912
            ],
            [
              12.49891102,
              55.71281017
            ],
            [
              12.49864864,
              55.71315663
            ],
            [
              12.49762499,
              55.71289818
            ],
            [
              12.49614291,
              55.71299887
            ],
            [
              12.49376691,
              55.71272425
            ],
            [
              12.49439371,
              55.7110802
            ],
            [
              12.49267704,
              55.71104475
            ],
            [
              12.49148245,
              55.71120562
            ],
            [
              12.49038556,
              55.7111801
            ],
            [
              12.48972599,
              55.71102946
            ],
            [
              12.48902633,
              55.71058297
            ],
            [
              12.48797169,
              55.70908828
            ],
            [
              12.48707827,
              55.7088024
            ],
            [
              12.48636072,
              55.70875284
            ],
            [
              12.48514665,
              55.70767248
            ],
            [
              12.47992191,
              55.70954095
            ],
            [
              12.48023882,
              55.70971269
            ],
            [
              12.47776309,
              55.71055679
            ],
            [
              12.47318498,
              55.71182021
            ],
            [
              12.46789054,
              55.7103706
            ],
            [
              12.46399305,
              55.70911231
            ],
            [
              12.46396638,
              55.70919767
            ],
            [
              12.46132824,
              55.70843881
            ],
            [
              12.45491748,
              55.70626631
            ],
            [
              12.45410364,
              55.70701501
            ],
            [
              12.4536739,
              55.70720675
            ],
            [
              12.4534046,
              55.70993871
            ],
            [
              12.4529976,
              55.71221553
            ],
            [
              12.45485894,
              55.71333335
            ],
            [
              12.45711101,
              55.71401431
            ],
            [
              12.45782538,
              55.71445777
            ],
            [
              12.45870149,
              55.71623962
            ],
            [
              12.45863717,
              55.71681976
            ],
            [
              12.46306361,
              55.71754395
            ],
            [
              12.46467954,
              55.71806838
            ],
            [
              12.46621085,
              55.71887221
            ],
            [
              12.47079159,
              55.71886104
            ],
            [
              12.47031973,
              55.71774103
            ],
            [
              12.47128363,
              55.71744195
            ],
            [
              12.47237849,
              55.717737
            ],
            [
              12.47287301,
              55.71805721
            ],
            [
              12.47367626,
              55.71809795
            ],
            [
              12.47614116,
              55.7187559
            ],
            [
              12.47746519,
              55.71837806
            ],
            [
              12.47913835,
              55.71840633
            ],
            [
              12.47961608,
              55.71812197
            ],
            [
              12.47985446,
              55.71765044
            ],
            [
              12.48325109,
              55.71673296
            ],
            [
              12.48382485,
              55.71672782
            ],
            [
              12.48423473,
              55.71645129
            ],
            [
              12.48792408,
              55.71539283
            ],
            [
              12.48919202,
              55.71704096
            ],
            [
              12.49143585,
              55.71705311
            ],
            [
              12.49391803,
              55.71736162
            ],
            [
              12.49527788,
              55.71770206
            ],
            [
              12.49740328,
              55.71870275
            ],
            [
              12.49841101,
              55.7189328
            ],
            [
              12.49909799,
              55.71837165
            ],
            [
              12.49987043,
              55.71729195
            ]
          ]
        ]
      }
    },
    {
      "type": "Feature",
      "properties": {
        "name": "Hvidovre",
        "code": "7141",
        "source": "Dataforsyningen sogne"
      },
      "geometry": {
        "type": "Polygon",
        "coordinates": [
          [
            [
              12.47734032,
              55.666123
            ],
            [
              12.47822846,
              55.66552109
            ],
            [
              12.4783034,
              55.6645736
            ],
            [
              12.47858441,
              55.66457822
            ],
            [
              12.47854206,
              55.66402788
            ],
            [
              12.47817492,
              55.66354053
            ],
            [
              12.47806341,
              55.66152484
            ],
            [
              12.47749733,
              55.66036383
            ],
            [
              12.47732334,
              55.65937125
            ],
            [
              12.47739834,
              55.65819483
            ],
            [
              12.47784266,
              55.65702961
            ],
            [
              12.47886669,
              55.65607614
            ],
            [
              12.48165047,
              55.6540946
            ],
            [
              12.4823094,
              55.65411149
            ],
            [
              12.48323068,
              55.65384165
            ],
            [
              12.48517279,
              55.65252081
            ],
            [
              12.48202058,
              55.65239315
            ],
            [
              12.4760897,
              55.65179091
            ],
            [
              12.47534709,
              55.65158115
            ],
            [
              12.4754547,
              55.65138344
            ],
            [
              12.47449226,
              55.65126074
            ],
            [
              12.47454396,
              55.65116055
            ],
            [
              12.47126056,
              55.65074025
            ],
            [
              12.4722972,
              55.64809303
            ],
            [
              12.46261308,
              55.6468369
            ],
            [
              12.46234597,
              55.64724564
            ],
            [
              12.46048712,
              55.64703882
            ],
            [
              12.459955,
              55.64818497
            ],
            [
              12.45601687,
              55.65409894
            ],
            [
              12.45530666,
              55.65552018
            ],
            [
              12.45490543,
              55.65672707
            ],
            [
              12.45485488,
              55.65692756
            ],
            [
              12.45500317,
              55.65694811
            ],
            [
              12.45476431,
              55.65750026
            ],
            [
              12.45459809,
              55.65879701
            ],
            [
              12.45464114,
              55.65999597
            ],
            [
              12.45484268,
              55.661248
            ],
            [
              12.45572263,
              55.66455199
            ],
            [
              12.45314123,
              55.66456098
            ],
            [
              12.45293904,
              55.66483875
            ],
            [
              12.4548298,
              55.66475258
            ],
            [
              12.4578957,
              55.66499721
            ],
            [
              12.45996638,
              55.66494904
            ],
            [
              12.46006526,
              55.66524369
            ],
            [
              12.46046289,
              55.66523399
            ],
            [
              12.46044481,
              55.66497717
            ],
            [
              12.463235,
              55.66486449
            ],
            [
              12.46325856,
              55.66512377
            ],
            [
              12.46150452,
              55.66520001
            ],
            [
              12.46151815,
              55.66546586
            ],
            [
              12.46792373,
              55.66532179
            ],
            [
              12.47097421,
              55.66552904
            ],
            [
              12.47097024,
              55.66593845
            ],
            [
              12.47396126,
              55.66616682
            ],
            [
              12.47734032,
              55.666123
            ]
          ]
        ]
      }
    },
    {
      "type": "Feature",
      "properties": {
        "name": "Hyltebjerg",
        "code": "7057",
        "source": "Dataforsyningen sogne"
      },
      "geometry": {
        "type": "Polygon",
        "coordinates": [
          [
            [
              12.4678668,
              55.69104129
            ],
            [
              12.46873075,
              55.69025394
            ],
            [
              12.47024613,
              55.6892364
            ],
            [
              12.4717597,
              55.68760721
            ],
            [
              12.47191851,
              55.68723362
            ],
            [
              12.47174696,
              55.6867782
            ],
            [
              12.4718012,
              55.68536744
            ],
            [
              12.47194204,
              55.68469809
            ],
            [
              12.47221139,
              55.68437765
            ],
            [
              12.47334947,
              55.68456571
            ],
            [
              12.47324311,
              55.68496704
            ],
            [
              12.47385628,
              55.68622889
            ],
            [
              12.47407221,
              55.68702984
            ],
            [
              12.47445397,
              55.68708287
            ],
            [
              12.47421001,
              55.68616168
            ],
            [
              12.47388558,
              55.68563193
            ],
            [
              12.47805393,
              55.68501242
            ],
            [
              12.47949019,
              55.68568434
            ],
            [
              12.47964892,
              55.68555243
            ],
            [
              12.47940916,
              55.68545313
            ],
            [
              12.47969772,
              55.68475491
            ],
            [
              12.48030898,
              55.68467647
            ],
            [
              12.48212035,
              55.68473399
            ],
            [
              12.48514347,
              55.68514258
            ],
            [
              12.49103467,
              55.68633156
            ],
            [
              12.49005932,
              55.68738633
            ],
            [
              12.4965902,
              55.68612141
            ],
            [
              12.49736371,
              55.68584166
            ],
            [
              12.49749698,
              55.68590458
            ],
            [
              12.49820355,
              55.68552233
            ],
            [
              12.49784483,
              55.68531956
            ],
            [
              12.49802996,
              55.68521123
            ],
            [
              12.49591817,
              55.68406254
            ],
            [
              12.4958265,
              55.68411074
            ],
            [
              12.49597687,
              55.68454165
            ],
            [
              12.49567862,
              55.6845363
            ],
            [
              12.49516947,
              55.68373942
            ],
            [
              12.49458846,
              55.68314635
            ],
            [
              12.49432326,
              55.68296203
            ],
            [
              12.49395847,
              55.68306162
            ],
            [
              12.49304984,
              55.6821229
            ],
            [
              12.4917048,
              55.6797344
            ],
            [
              12.49151451,
              55.67917452
            ],
            [
              12.4894467,
              55.67812589
            ],
            [
              12.48733774,
              55.67745362
            ],
            [
              12.48454368,
              55.67593401
            ],
            [
              12.48434232,
              55.67567034
            ],
            [
              12.4839599,
              55.67392958
            ],
            [
              12.48370996,
              55.67372412
            ],
            [
              12.48275312,
              55.6734259
            ],
            [
              12.48193235,
              55.67299541
            ],
            [
              12.48089508,
              55.67278003
            ],
            [
              12.47846078,
              55.67276036
            ],
            [
              12.4784919,
              55.67256796
            ],
            [
              12.47430415,
              55.67263832
            ],
            [
              12.47426502,
              55.67287338
            ],
            [
              12.47371474,
              55.67359336
            ],
            [
              12.47364267,
              55.67392161
            ],
            [
              12.4729933,
              55.67456339
            ],
            [
              12.47273099,
              55.67606933
            ],
            [
              12.47216401,
              55.67687447
            ],
            [
              12.4720019,
              55.67762679
            ],
            [
              12.4703974,
              55.67879497
            ],
            [
              12.469423,
              55.68022376
            ],
            [
              12.46940255,
              55.68119605
            ],
            [
              12.46779463,
              55.6823927
            ],
            [
              12.46792336,
              55.68280572
            ],
            [
              12.46751861,
              55.68387239
            ],
            [
              12.46749398,
              55.68452326
            ],
            [
              12.46699684,
              55.68666738
            ],
            [
              12.4660139,
              55.69020846
            ],
            [
              12.46622002,
              55.6908769
            ],
            [
              12.46672184,
              55.69144752
            ],
            [
              12.46776669,
              55.69137015
            ],
            [
              12.4678668,
              55.69104129
            ]
          ],
          [
            [
              12.47925701,
              55.68542814
            ],
            [
              12.47869249,
              55.68517746
            ],
            [
              12.47836123,
              55.6849422
            ],
            [
              12.47953426,
              55.684746
            ],
            [
              12.47925701,
              55.68542814
            ]
          ]
        ]
      }
    },
    {
      "type": "Feature",
      "properties": {
        "name": "H\u00f8jdevang",
        "code": "7088",
        "source": "Dataforsyningen sogne"
      },
      "geometry": {
        "type": "Polygon",
        "coordinates": [
          [
            [
              12.60794944,
              55.65814627
            ],
            [
              12.60873096,
              55.65749454
            ],
            [
              12.61098822,
              55.65420365
            ],
            [
              12.61499202,
              55.64531864
            ],
            [
              12.61738777,
              55.64046935
            ],
            [
              12.59974658,
              55.63802021
            ],
            [
              12.59822203,
              55.64268305
            ],
            [
              12.59774956,
              55.64824259
            ],
            [
              12.5996439,
              55.65059212
            ],
            [
              12.60208351,
              55.65286419
            ],
            [
              12.60239545,
              55.65371447
            ],
            [
              12.59835189,
              55.6546105
            ],
            [
              12.59848573,
              55.65480898
            ],
            [
              12.59574263,
              55.65485244
            ],
            [
              12.59585404,
              55.65514275
            ],
            [
              12.5961803,
              55.65514514
            ],
            [
              12.59660851,
              55.65628255
            ],
            [
              12.60068933,
              55.65592113
            ],
            [
              12.60134889,
              55.65662201
            ],
            [
              12.60119151,
              55.65666089
            ],
            [
              12.60245541,
              55.6577
            ],
            [
              12.60357489,
              55.65725814
            ],
            [
              12.60396848,
              55.65755481
            ],
            [
              12.60541638,
              55.65689871
            ],
            [
              12.60749128,
              55.65799502
            ],
            [
              12.60794944,
              55.65814627
            ]
          ]
        ]
      }
    },
    {
      "type": "Feature",
      "properties": {
        "name": "Ish\u00f8j",
        "code": "7151",
        "source": "Dataforsyningen sogne"
      },
      "geometry": {
        "type": "Polygon",
        "coordinates": [
          [
            [
              12.33,
              55.63646981551712
            ],
            [
              12.3325504,
              55.63601286
            ],
            [
              12.33595809,
              55.6365587
            ],
            [
              12.33734757,
              55.63652825
            ],
            [
              12.33929313,
              55.63604873
            ],
            [
              12.34067272,
              55.636072
            ],
            [
              12.34662457,
              55.63758134
            ],
            [
              12.35270901,
              55.63178764
            ],
            [
              12.35465067,
              55.63014479
            ],
            [
              12.3561403,
              55.62855512
            ],
            [
              12.3579197,
              55.62765096
            ],
            [
              12.36401377,
              55.62585707
            ],
            [
              12.36736977,
              55.62403752
            ],
            [
              12.36915116,
              55.62228276
            ],
            [
              12.37052564,
              55.62160632
            ],
            [
              12.37211151,
              55.62032488
            ],
            [
              12.37337865,
              55.61993521
            ],
            [
              12.37398167,
              55.61929642
            ],
            [
              12.37469755,
              55.61879164
            ],
            [
              12.37479886,
              55.6180852
            ],
            [
              12.37650743,
              55.61764027
            ],
            [
              12.37706051,
              55.61736195
            ],
            [
              12.37815851,
              55.61605727
            ],
            [
              12.378449,
              55.61519447
            ],
            [
              12.37876093,
              55.61489456
            ],
            [
              12.37979639,
              55.61454205
            ],
            [
              12.38106661,
              55.61430174
            ],
            [
              12.38309148,
              55.61289015
            ],
            [
              12.3853365,
              55.61189261
            ],
            [
              12.39610821,
              55.6095856
            ],
            [
              12.40035199,
              55.6095373
            ],
            [
              12.40097321,
              55.60935561
            ],
            [
              12.399647,
              55.60838863
            ],
            [
              12.39921858,
              55.60757935
            ],
            [
              12.39937143,
              55.6068461
            ],
            [
              12.40080744,
              55.6044606
            ],
            [
              12.40068697,
              55.60448355
            ],
            [
              12.39970139,
              55.60614075
            ],
            [
              12.39890179,
              55.60623001
            ],
            [
              12.3978917,
              55.60619967
            ],
            [
              12.39554009,
              55.60574455
            ],
            [
              12.39095425,
              55.60461351
            ],
            [
              12.3811268,
              55.60132354
            ],
            [
              12.37714894,
              55.59978347
            ],
            [
              12.37557287,
              55.59899514
            ],
            [
              12.37513952,
              55.59866083
            ],
            [
              12.37657275,
              55.59623111
            ],
            [
              12.37590913,
              55.59725039
            ],
            [
              12.37409114,
              55.59706392
            ],
            [
              12.36684831,
              55.59516494
            ],
            [
              12.3632346,
              55.59403791
            ],
            [
              12.36154357,
              55.59567575
            ],
            [
              12.36000617,
              55.59602417
            ],
            [
              12.35938182,
              55.59747223
            ],
            [
              12.35749311,
              55.59903947
            ],
            [
              12.3604944,
              55.60030314
            ],
            [
              12.36062449,
              55.60067837
            ],
            [
              12.36042345,
              55.60078054
            ],
            [
              12.35843813,
              55.6010042
            ],
            [
              12.35727524,
              55.60094715
            ],
            [
              12.3566674,
              55.60104652
            ],
            [
              12.35598112,
              55.60140798
            ],
            [
              12.35536759,
              55.6022659
            ],
            [
              12.3450611,
              55.60362928
            ],
            [
              12.34299898,
              55.60496239
            ],
            [
              12.34251591,
              55.6058923
            ],
            [
              12.34200798,
              55.60632694
            ],
            [
              12.34120324,
              55.60660729
            ],
            [
              12.33945178,
              55.60677283
            ],
            [
              12.3384227,
              55.60705271
            ],
            [
              12.33705352,
              55.60787592
            ],
            [
              12.33665949,
              55.60777543
            ],
            [
              12.33570755,
              55.60781592
            ],
            [
              12.33411978,
              55.60751388
            ],
            [
              12.3326035,
              55.60817353
            ],
            [
              12.3300883,
              55.60839
            ],
            [
              12.33,
              55.608432069315064
            ],
            [
              12.33,
              55.63646981551712
            ]
          ]
        ]
      }
    },
    {
      "type": "Feature",
      "properties": {
        "name": "Islands Brygges",
        "code": "9345",
        "source": "Dataforsyningen sogne"
      },
      "geometry": {
        "type": "Polygon",
        "coordinates": [
          [
            [
              12.58334365,
              55.64090883
            ],
            [
              12.58150139,
              55.64086585
            ],
            [
              12.56346679,
              55.64169384
            ],
            [
              12.55664571,
              55.64099881
            ],
            [
              12.55500598,
              55.64186157
            ],
            [
              12.55400974,
              55.641358
            ],
            [
              12.55372285,
              55.64157182
            ],
            [
              12.5519504,
              55.64219004
            ],
            [
              12.55256996,
              55.6427409
            ],
            [
              12.55298403,
              55.64259429
            ],
            [
              12.55311722,
              55.64271137
            ],
            [
              12.55419597,
              55.64237482
            ],
            [
              12.55411109,
              55.64299411
            ],
            [
              12.5542534,
              55.64328707
            ],
            [
              12.55422072,
              55.64361577
            ],
            [
              12.55457771,
              55.64365847
            ],
            [
              12.55489226,
              55.64393627
            ],
            [
              12.56362911,
              55.6549943
            ],
            [
              12.56344206,
              55.65503777
            ],
            [
              12.5671847,
              55.65989229
            ],
            [
              12.56805679,
              55.65967728
            ],
            [
              12.56837437,
              55.66008876
            ],
            [
              12.56750208,
              55.66030342
            ],
            [
              12.56834077,
              55.66136657
            ],
            [
              12.57981746,
              55.6700103
            ],
            [
              12.58233281,
              55.66874389
            ],
            [
              12.58751565,
              55.66785977
            ],
            [
              12.59102806,
              55.66763915
            ],
            [
              12.58977843,
              55.66746246
            ],
            [
              12.58796476,
              55.66756617
            ],
            [
              12.58740028,
              55.66640566
            ],
            [
              12.58713069,
              55.66619271
            ],
            [
              12.58728519,
              55.66616868
            ],
            [
              12.58701227,
              55.66560667
            ],
            [
              12.58723797,
              55.66549684
            ],
            [
              12.5870999,
              55.66533884
            ],
            [
              12.5875968,
              55.66486572
            ],
            [
              12.59316149,
              55.66434631
            ],
            [
              12.59428516,
              55.66439942
            ],
            [
              12.59413636,
              55.66390543
            ],
            [
              12.59368939,
              55.66394802
            ],
            [
              12.59304791,
              55.6636866
            ],
            [
              12.59305691,
              55.66322493
            ],
            [
              12.59336819,
              55.66321171
            ],
            [
              12.59319743,
              55.66294495
            ],
            [
              12.59129521,
              55.6631719
            ],
            [
              12.59126374,
              55.66308371
            ],
            [
              12.59142621,
              55.66306528
            ],
            [
              12.59115293,
              55.66263323
            ],
            [
              12.59129541,
              55.66261718
            ],
            [
              12.59123419,
              55.6624439
            ],
            [
              12.59102452,
              55.66240724
            ],
            [
              12.59081013,
              55.66180208
            ],
            [
              12.59035043,
              55.66185412
            ],
            [
              12.59017681,
              55.66136735
            ],
            [
              12.58918922,
              55.6614807
            ],
            [
              12.58903032,
              55.66103288
            ],
            [
              12.58868143,
              55.66092278
            ],
            [
              12.5888794,
              55.6607849
            ],
            [
              12.58861804,
              55.66059545
            ],
            [
              12.58587297,
              55.66019085
            ],
            [
              12.5862134,
              55.66117647
            ],
            [
              12.58597061,
              55.66126279
            ],
            [
              12.58556201,
              55.65987291
            ],
            [
              12.58511373,
              55.65945171
            ],
            [
              12.5847615,
              55.6597707
            ],
            [
              12.58452882,
              55.66032547
            ],
            [
              12.58455798,
              55.66113784
            ],
            [
              12.58511527,
              55.66268226
            ],
            [
              12.58484007,
              55.66271342
            ],
            [
              12.58427857,
              55.6611577
            ],
            [
              12.58420259,
              55.66062113
            ],
            [
              12.58438741,
              55.6599586
            ],
            [
              12.58482687,
              55.65932046
            ],
            [
              12.58401495,
              55.6591212
            ],
            [
              12.58380006,
              55.65920293
            ],
            [
              12.58370031,
              55.6597556
            ],
            [
              12.58418546,
              55.66116231
            ],
            [
              12.58385227,
              55.66119067
            ],
            [
              12.58341317,
              55.66005605
            ],
            [
              12.58334956,
              55.65888232
            ],
            [
              12.58444097,
              55.65789988
            ],
            [
              12.58657971,
              55.65651138
            ],
            [
              12.58664003,
              55.65631198
            ],
            [
              12.58705009,
              55.65620826
            ],
            [
              12.58787227,
              55.65563075
            ],
            [
              12.58832089,
              55.65508332
            ],
            [
              12.58823036,
              55.65488312
            ],
            [
              12.58849805,
              55.65467503
            ],
            [
              12.5885609,
              55.65422045
            ],
            [
              12.58845322,
              55.65370801
            ],
            [
              12.58347065,
              55.64100657
            ],
            [
              12.58334365,
              55.64090883
            ]
          ]
        ]
      }
    },
    {
      "type": "Feature",
      "properties": {
        "name": "Islev",
        "code": "7139",
        "source": "Dataforsyningen sogne"
      },
      "geometry": {
        "type": "Polygon",
        "coordinates": [
          [
            [
              12.45248824,
              55.71494426
            ],
            [
              12.45309318,
              55.71210396
            ],
            [
              12.45371682,
              55.70711392
            ],
            [
              12.45410364,
              55.70701501
            ],
            [
              12.45508488,
              55.70610991
            ],
            [
              12.45579605,
              55.70501424
            ],
            [
              12.45677681,
              55.70441817
            ],
            [
              12.46073414,
              55.70326369
            ],
            [
              12.46338696,
              55.70301106
            ],
            [
              12.46413937,
              55.7025496
            ],
            [
              12.46429291,
              55.70212581
            ],
            [
              12.46411519,
              55.70102525
            ],
            [
              12.4642894,
              55.70071984
            ],
            [
              12.46376935,
              55.70080744
            ],
            [
              12.46407986,
              55.69902414
            ],
            [
              12.46345519,
              55.69685435
            ],
            [
              12.46346886,
              55.69627681
            ],
            [
              12.46601871,
              55.69372603
            ],
            [
              12.46186718,
              55.6934
            ],
            [
              12.45872142,
              55.69388752
            ],
            [
              12.45403579,
              55.69381321
            ],
            [
              12.44973919,
              55.69334636
            ],
            [
              12.44687372,
              55.69278314
            ],
            [
              12.44671909,
              55.69274082
            ],
            [
              12.44674728,
              55.69252955
            ],
            [
              12.44513242,
              55.69246693
            ],
            [
              12.44380634,
              55.69214398
            ],
            [
              12.4406427,
              55.69216677
            ],
            [
              12.43979151,
              55.6915216
            ],
            [
              12.43740904,
              55.68849296
            ],
            [
              12.43664652,
              55.68812554
            ],
            [
              12.4357081,
              55.68786456
            ],
            [
              12.43548971,
              55.68755436
            ],
            [
              12.43236082,
              55.68872596
            ],
            [
              12.42933792,
              55.69063512
            ],
            [
              12.42920697,
              55.69060668
            ],
            [
              12.42897455,
              55.69165823
            ],
            [
              12.42905949,
              55.69197209
            ],
            [
              12.42901701,
              55.69209366
            ],
            [
              12.42885846,
              55.69209729
            ],
            [
              12.42890809,
              55.69254564
            ],
            [
              12.42872204,
              55.69370874
            ],
            [
              12.42900438,
              55.69449648
            ],
            [
              12.4278968,
              55.69905994
            ],
            [
              12.42794749,
              55.69973107
            ],
            [
              12.42739041,
              55.70588254
            ],
            [
              12.42744839,
              55.70648423
            ],
            [
              12.43454851,
              55.71296438
            ],
            [
              12.44649281,
              55.71490458
            ],
            [
              12.45248824,
              55.71494426
            ]
          ]
        ]
      }
    },
    {
      "type": "Feature",
      "properties": {
        "name": "J\u00e6gersborg",
        "code": "7112",
        "source": "Dataforsyningen sogne"
      },
      "geometry": {
        "type": "Polygon",
        "coordinates": [
          [
            [
              12.54731815,
              55.77324958
            ],
            [
              12.54954851,
              55.77220243
            ],
            [
              12.55161403,
              55.77171838
            ],
            [
              12.55605499,
              55.77158121
            ],
            [
              12.55634684,
              55.77147906
            ],
            [
              12.55675451,
              55.77111469
            ],
            [
              12.5569793,
              55.77039604
            ],
            [
              12.55738253,
              55.77029804
            ],
            [
              12.55791612,
              55.76994683
            ],
            [
              12.5578798,
              55.76967102
            ],
            [
              12.55828462,
              55.76921798
            ],
            [
              12.55979891,
              55.76797109
            ],
            [
              12.55891995,
              55.766632
            ],
            [
              12.55830855,
              55.76063736
            ],
            [
              12.55822954,
              55.75848156
            ],
            [
              12.55748106,
              55.75819493
            ],
            [
              12.55772106,
              55.75778749
            ],
            [
              12.55805236,
              55.757528
            ],
            [
              12.5572905,
              55.75020381
            ],
            [
              12.55050204,
              55.75030415
            ],
            [
              12.54998935,
              55.75029039
            ],
            [
              12.54979851,
              55.75015006
            ],
            [
              12.54945739,
              55.75031719
            ],
            [
              12.54935162,
              55.75024274
            ],
            [
              12.54912876,
              55.7503605
            ],
            [
              12.54924945,
              55.75042364
            ],
            [
              12.54816848,
              55.75100536
            ],
            [
              12.54402756,
              55.75295227
            ],
            [
              12.54302529,
              55.75337324
            ],
            [
              12.54280803,
              55.75322278
            ],
            [
              12.5374438,
              55.75533811
            ],
            [
              12.53770676,
              55.75555838
            ],
            [
              12.5364458,
              55.75590798
            ],
            [
              12.53518973,
              55.75654246
            ],
            [
              12.53485738,
              55.75613509
            ],
            [
              12.52493428,
              55.76019455
            ],
            [
              12.51949133,
              55.76213859
            ],
            [
              12.51777255,
              55.7626359
            ],
            [
              12.51768786,
              55.76267115
            ],
            [
              12.51776566,
              55.76275937
            ],
            [
              12.51670596,
              55.76311343
            ],
            [
              12.51735856,
              55.76318617
            ],
            [
              12.51985315,
              55.76242835
            ],
            [
              12.51894646,
              55.76310479
            ],
            [
              12.51877546,
              55.76337144
            ],
            [
              12.51914247,
              55.76345155
            ],
            [
              12.51960888,
              55.76287082
            ],
            [
              12.51980893,
              55.76291229
            ],
            [
              12.52024768,
              55.76371533
            ],
            [
              12.52131822,
              55.76386329
            ],
            [
              12.52174155,
              55.76462046
            ],
            [
              12.52329701,
              55.76403607
            ],
            [
              12.5243437,
              55.76498817
            ],
            [
              12.52618558,
              55.76628356
            ],
            [
              12.52674969,
              55.76796343
            ],
            [
              12.52635071,
              55.76841089
            ],
            [
              12.52912435,
              55.76944912
            ],
            [
              12.53101414,
              55.76946672
            ],
            [
              12.53917413,
              55.77366524
            ],
            [
              12.54201442,
              55.77339326
            ],
            [
              12.54563219,
              55.77354969
            ],
            [
              12.54731815,
              55.77324958
            ]
          ]
        ]
      }
    },
    {
      "type": "Feature",
      "properties": {
        "name": "Kapernaums",
        "code": "7062",
        "source": "Dataforsyningen sogne"
      },
      "geometry": {
        "type": "MultiPolygon",
        "coordinates": [
          [
            [
              [
                12.52793662,
                55.70785537
              ],
              [
                12.52857988,
                55.70796526
              ],
              [
                12.52917578,
                55.70787502
              ],
              [
                12.52855569,
                55.70790716
              ],
              [
                12.52826088,
                55.70776565
              ],
              [
                12.5283452,
                55.70754401
              ],
              [
                12.52886897,
                55.70738697
              ],
              [
                12.52879947,
                55.70728026
              ],
              [
                12.52817492,
                55.70748354
              ],
              [
                12.52800516,
                55.70777831
              ],
              [
                12.52732563,
                55.70788948
              ],
              [
                12.5266438,
                55.70718409
              ],
              [
                12.52880299,
                55.70658511
              ],
              [
                12.52921555,
                55.70696581
              ],
              [
                12.52940508,
                55.70692907
              ],
              [
                12.52909365,
                55.70651498
              ],
              [
                12.53782596,
                55.70412325
              ],
              [
                12.5379669,
                55.70481172
              ],
              [
                12.53830728,
                55.7049535
              ],
              [
                12.53825686,
                55.70470238
              ],
              [
                12.53962218,
                55.7045934
              ],
              [
                12.53920635,
                55.70410177
              ],
              [
                12.5384064,
                55.70272593
              ],
              [
                12.53769019,
                55.70067321
              ],
              [
                12.53779253,
                55.70018336
              ],
              [
                12.53758133,
                55.69962442
              ],
              [
                12.53805704,
                55.69959235
              ],
              [
                12.53834667,
                55.69905915
              ],
              [
                12.53829871,
                55.6976716
              ],
              [
                12.53542978,
                55.69743063
              ],
              [
                12.53536689,
                55.69776531
              ],
              [
                12.53385078,
                55.69765138
              ],
              [
                12.53282945,
                55.69788932
              ],
              [
                12.52841589,
                55.70120002
              ],
              [
                12.52838991,
                55.70131793
              ],
              [
                12.52898605,
                55.70192516
              ],
              [
                12.52596844,
                55.70306692
              ],
              [
                12.52755223,
                55.70427535
              ],
              [
                12.52357656,
                55.70588006
              ],
              [
                12.5219387,
                55.70619963
              ],
              [
                12.52222569,
                55.70689481
              ],
              [
                12.52264344,
                55.70731612
              ],
              [
                12.52389532,
                55.70794734
              ],
              [
                12.52621461,
                55.70730397
              ],
              [
                12.52707205,
                55.70797895
              ],
              [
                12.52508013,
                55.70847365
              ],
              [
                12.52525403,
                55.70855659
              ],
              [
                12.52793662,
                55.70785537
              ]
            ]
          ],
          [
            [
              [
                12.53930512,
                55.70490997
              ],
              [
                12.53836933,
                55.70498453
              ],
              [
                12.53839339,
                55.70538244
              ],
              [
                12.53888907,
                55.70540321
              ],
              [
                12.53894369,
                55.70567597
              ],
              [
                12.53949247,
                55.70563055
              ],
              [
                12.53930512,
                55.70490997
              ]
            ]
          ]
        ]
      }
    },
    {
      "type": "Feature",
      "properties": {
        "name": "Kastels",
        "code": "7041",
        "source": "Dataforsyningen sogne"
      },
      "geometry": {
        "type": "MultiPolygon",
        "coordinates": [
          [
            [
              [
                12.59519224,
                55.70139719
              ],
              [
                12.59747752,
                55.70261278
              ],
              [
                12.59776347,
                55.70259513
              ],
              [
                12.59618208,
                55.70130271
              ],
              [
                12.5967335,
                55.70107083
              ],
              [
                12.59496344,
                55.69586707
              ],
              [
                12.59644573,
                55.69574673
              ],
              [
                12.59720705,
                55.69877157
              ],
              [
                12.59734784,
                55.69875989
              ],
              [
                12.59740621,
                55.69898944
              ],
              [
                12.59755036,
                55.69903512
              ],
              [
                12.59764706,
                55.69896988
              ],
              [
                12.59758869,
                55.69874032
              ],
              [
                12.59839094,
                55.6986757
              ],
              [
                12.59795868,
                55.69765108
              ],
              [
                12.59809222,
                55.69764023
              ],
              [
                12.5975865,
                55.69565384
              ],
              [
                12.5988153,
                55.69555404
              ],
              [
                12.5988424,
                55.69564784
              ],
              [
                12.59991771,
                55.69538177
              ],
              [
                12.60019207,
                55.69529234
              ],
              [
                12.60054164,
                55.69490091
              ],
              [
                12.60066668,
                55.69430657
              ],
              [
                12.60059333,
                55.69419974
              ],
              [
                12.60028555,
                55.69429959
              ],
              [
                12.6000029,
                55.69483517
              ],
              [
                12.59977121,
                55.69487443
              ],
              [
                12.59823968,
                55.69424436
              ],
              [
                12.5982228,
                55.69375264
              ],
              [
                12.59958941,
                55.69349718
              ],
              [
                12.60029683,
                55.69403984
              ],
              [
                12.60061008,
                55.69396141
              ],
              [
                12.60032338,
                55.69347887
              ],
              [
                12.59927282,
                55.69294394
              ],
              [
                12.59906928,
                55.69264356
              ],
              [
                12.59886667,
                55.69188592
              ],
              [
                12.5989874,
                55.69155956
              ],
              [
                12.59930806,
                55.69125558
              ],
              [
                12.60039883,
                55.69106018
              ],
              [
                12.59995539,
                55.68902943
              ],
              [
                12.59979923,
                55.68903285
              ],
              [
                12.59975557,
                55.6893974
              ],
              [
                12.5992509,
                55.68943128
              ],
              [
                12.59889509,
                55.6891003
              ],
              [
                12.5993345,
                55.68877224
              ],
              [
                12.599428,
                55.688278
              ],
              [
                12.59054754,
                55.68725726
              ],
              [
                12.59015674,
                55.68732103
              ],
              [
                12.59302345,
                55.68773927
              ],
              [
                12.58903015,
                55.69098689
              ],
              [
                12.58832657,
                55.691777
              ],
              [
                12.58040659,
                55.69595561
              ],
              [
                12.58019308,
                55.69626514
              ],
              [
                12.5902033,
                55.69865469
              ],
              [
                12.58989537,
                55.69960713
              ],
              [
                12.58822892,
                55.70194296
              ],
              [
                12.59201162,
                55.70281181
              ],
              [
                12.59685445,
                55.70331596
              ],
              [
                12.59470832,
                55.70280205
              ],
              [
                12.59487433,
                55.70256223
              ],
              [
                12.59495709,
                55.7020541
              ],
              [
                12.59472546,
                55.70167694
              ],
              [
                12.59519224,
                55.70139719
              ]
            ]
          ],
          [
            [
              [
                12.60014276,
                55.69542255
              ],
              [
                12.59884684,
                55.69575327
              ],
              [
                12.5992966,
                55.69843026
              ],
              [
                12.59968225,
                55.70278548
              ],
              [
                12.60081214,
                55.70377793
              ],
              [
                12.60128327,
                55.7039692
              ],
              [
                12.60136981,
                55.7039181
              ],
              [
                12.60125215,
                55.70377481
              ],
              [
                12.6005142,
                55.6955646
              ],
              [
                12.60014276,
                55.69542255
              ]
            ]
          ]
        ]
      }
    },
    {
      "type": "Feature",
      "properties": {
        "name": "Kastrup",
        "code": "7191",
        "source": "Dataforsyningen sogne"
      },
      "geometry": {
        "type": "Polygon",
        "coordinates": [
          [
            [
              12.6489062,
              55.64444156
            ],
            [
              12.65049872,
              55.64434054
            ],
            [
              12.65173317,
              55.64309945
            ],
            [
              12.65242936,
              55.64289068
            ],
            [
              12.65210987,
              55.6428012
            ],
            [
              12.65162933,
              55.64290472
            ],
            [
              12.65034735,
              55.64421412
            ],
            [
              12.64888818,
              55.6442975
            ],
            [
              12.64777858,
              55.64332603
            ],
            [
              12.64856964,
              55.64244859
            ],
            [
              12.64962393,
              55.64240092
            ],
            [
              12.65118708,
              55.64283211
            ],
            [
              12.65141233,
              55.64258926
            ],
            [
              12.65058793,
              55.64231079
            ],
            [
              12.65182512,
              55.64097691
            ],
            [
              12.65309992,
              55.64094323
            ],
            [
              12.65304078,
              55.64100812
            ],
            [
              12.65377674,
              55.64116
            ],
            [
              12.65449453,
              55.64160474
            ],
            [
              12.65340781,
              55.64288381
            ],
            [
              12.65315483,
              55.64287346
            ],
            [
              12.65335714,
              55.64293559
            ],
            [
              12.65320526,
              55.643116
            ],
            [
              12.65243443,
              55.64335973
            ],
            [
              12.65323816,
              55.64331204
            ],
            [
              12.65493759,
              55.64161617
            ],
            [
              12.65482585,
              55.64127717
            ],
            [
              12.65338795,
              55.64047865
            ],
            [
              12.6547251,
              55.63910157
            ],
            [
              12.65644792,
              55.63887618
            ],
            [
              12.65741477,
              55.63825528
            ],
            [
              12.65672304,
              55.63693745
            ],
            [
              12.65752683,
              55.63684233
            ],
            [
              12.6578326,
              55.63667099
            ],
            [
              12.65782442,
              55.63653221
            ],
            [
              12.65726066,
              55.63681278
            ],
            [
              12.6552931,
              55.63679928
            ],
            [
              12.65520535,
              55.63557663
            ],
            [
              12.65609575,
              55.63566399
            ],
            [
              12.65662737,
              55.63632407
            ],
            [
              12.65710939,
              55.63646075
            ],
            [
              12.65706351,
              55.63637787
            ],
            [
              12.65797935,
              55.63579545
            ],
            [
              12.65784249,
              55.63557059
            ],
            [
              12.65688303,
              55.63537685
            ],
            [
              12.65706165,
              55.63523475
            ],
            [
              12.65670946,
              55.63532934
            ],
            [
              12.6537336,
              55.6348409
            ],
            [
              12.65378143,
              55.63477249
            ],
            [
              12.65365434,
              55.63474426
            ],
            [
              12.65371699,
              55.63465068
            ],
            [
              12.65646037,
              55.63517599
            ],
            [
              12.65652342,
              55.63507304
            ],
            [
              12.65500866,
              55.63477977
            ],
            [
              12.65508453,
              55.63465404
            ],
            [
              12.65636675,
              55.63486748
            ],
            [
              12.65651143,
              55.63470409
            ],
            [
              12.65688576,
              55.63479426
            ],
            [
              12.65697266,
              55.63496755
            ],
            [
              12.65687629,
              55.635175
            ],
            [
              12.65710633,
              55.635073
            ],
            [
              12.65756244,
              55.63530352
            ],
            [
              12.65751672,
              55.63518826
            ],
            [
              12.65700413,
              55.63502713
            ],
            [
              12.65678194,
              55.63439514
            ],
            [
              12.6565545,
              55.63451658
            ],
            [
              12.65532819,
              55.63435534
            ],
            [
              12.65457639,
              55.63407815
            ],
            [
              12.65483989,
              55.63387462
            ],
            [
              12.65505032,
              55.63395278
            ],
            [
              12.65490806,
              55.63382331
            ],
            [
              12.65534684,
              55.63348282
            ],
            [
              12.6555313,
              55.63342048
            ],
            [
              12.65689617,
              55.63398376
            ],
            [
              12.65662566,
              55.63430458
            ],
            [
              12.65723903,
              55.63407046
            ],
            [
              12.65995261,
              55.63383361
            ],
            [
              12.66481096,
              55.63403199
            ],
            [
              12.66746264,
              55.63401578
            ],
            [
              12.67163752,
              55.6336521
            ],
            [
              12.67578548,
              55.63279685
            ],
            [
              12.65943009,
              55.62809649
            ],
            [
              12.65483007,
              55.62728494
            ],
            [
              12.65551862,
              55.62534836
            ],
            [
              12.65092733,
              55.62483449
            ],
            [
              12.65095016,
              55.62467519
            ],
            [
              12.64854262,
              55.62450035
            ],
            [
              12.64896367,
              55.62484273
            ],
            [
              12.64886646,
              55.62487575
            ],
            [
              12.64975161,
              55.62535869
            ],
            [
              12.65015615,
              55.62582233
            ],
            [
              12.63924101,
              55.62717364
            ],
            [
              12.62716621,
              55.62698147
            ],
            [
              12.62581531,
              55.63028573
            ],
            [
              12.63234363,
              55.63051501
            ],
            [
              12.6317039,
              55.632053
            ],
            [
              12.63752031,
              55.63294891
            ],
            [
              12.63667217,
              55.63483814
            ],
            [
              12.63633669,
              55.63533097
            ],
            [
              12.63522795,
              55.63530901
            ],
            [
              12.63249846,
              55.63491328
            ],
            [
              12.63202349,
              55.63624497
            ],
            [
              12.6318937,
              55.63699929
            ],
            [
              12.6293346,
              55.63667119
            ],
            [
              12.62787368,
              55.63932546
            ],
            [
              12.62750149,
              55.64016203
            ],
            [
              12.62729842,
              55.64141587
            ],
            [
              12.62597139,
              55.6437882
            ],
            [
              12.62836988,
              55.64429693
            ],
            [
              12.63396092,
              55.6451356
            ],
            [
              12.63432724,
              55.64440483
            ],
            [
              12.64789759,
              55.64631334
            ],
            [
              12.64793013,
              55.64565838
            ],
            [
              12.6489062,
              55.64444156
            ]
          ]
        ]
      }
    },
    {
      "type": "Feature",
      "properties": {
        "name": "Kildev\u00e6lds",
        "code": "7055",
        "source": "Dataforsyningen sogne"
      },
      "geometry": {
        "type": "Polygon",
        "coordinates": [
          [
            [
              12.57699899,
              55.71587067
            ],
            [
              12.57695329,
              55.71565494
            ],
            [
              12.57614166,
              55.71593109
            ],
            [
              12.57598984,
              55.71586997
            ],
            [
              12.57603368,
              55.71571358
            ],
            [
              12.57576264,
              55.71568821
            ],
            [
              12.5757053,
              55.71589202
            ],
            [
              12.57250667,
              55.71560882
            ],
            [
              12.57275556,
              55.71443758
            ],
            [
              12.57300076,
              55.7144593
            ],
            [
              12.57333484,
              55.71327147
            ],
            [
              12.57333257,
              55.71312812
            ],
            [
              12.57274498,
              55.71304923
            ],
            [
              12.57308853,
              55.71224244
            ],
            [
              12.57017197,
              55.71173654
            ],
            [
              12.57022497,
              55.71153579
            ],
            [
              12.56950855,
              55.71139074
            ],
            [
              12.56953428,
              55.71129576
            ],
            [
              12.56639985,
              55.71063171
            ],
            [
              12.56620517,
              55.71026961
            ],
            [
              12.56783221,
              55.7074978
            ],
            [
              12.56330674,
              55.70668152
            ],
            [
              12.56144984,
              55.70992625
            ],
            [
              12.56117378,
              55.71011446
            ],
            [
              12.56010036,
              55.71224518
            ],
            [
              12.56045166,
              55.71248424
            ],
            [
              12.55939503,
              55.71471121
            ],
            [
              12.55994336,
              55.71479961
            ],
            [
              12.56005339,
              55.71458232
            ],
            [
              12.56325813,
              55.71524656
            ],
            [
              12.56273809,
              55.7156698
            ],
            [
              12.56387284,
              55.71589347
            ],
            [
              12.56441797,
              55.71547471
            ],
            [
              12.56465014,
              55.71551949
            ],
            [
              12.56504175,
              55.71488462
            ],
            [
              12.57023816,
              55.71652052
            ],
            [
              12.57203207,
              55.71678023
            ],
            [
              12.57458089,
              55.71661661
            ],
            [
              12.57699899,
              55.71587067
            ]
          ]
        ]
      }
    },
    {
      "type": "Feature",
      "properties": {
        "name": "Kingo-Samuel",
        "code": "7053",
        "source": "Dataforsyningen sogne"
      },
      "geometry": {
        "type": "Polygon",
        "coordinates": [
          [
            [
              12.54896851,
              55.70888925
            ],
            [
              12.54973587,
              55.70847468
            ],
            [
              12.54953919,
              55.70833656
            ],
            [
              12.54976917,
              55.70814232
            ],
            [
              12.55006568,
              55.70835269
            ],
            [
              12.55274963,
              55.70619161
            ],
            [
              12.55693831,
              55.70383596
            ],
            [
              12.55683577,
              55.70377265
            ],
            [
              12.55845115,
              55.70308714
            ],
            [
              12.55432197,
              55.69941146
            ],
            [
              12.55416168,
              55.69940666
            ],
            [
              12.55394032,
              55.69916086
            ],
            [
              12.55427372,
              55.69892425
            ],
            [
              12.54929564,
              55.69450683
            ],
            [
              12.54894738,
              55.69466383
            ],
            [
              12.54857861,
              55.69463143
            ],
            [
              12.54579223,
              55.69650127
            ],
            [
              12.54769556,
              55.69748819
            ],
            [
              12.54578789,
              55.69872648
            ],
            [
              12.54690322,
              55.6997628
            ],
            [
              12.54598795,
              55.70006935
            ],
            [
              12.54625089,
              55.70024392
            ],
            [
              12.54598368,
              55.70033311
            ],
            [
              12.54567061,
              55.70017636
            ],
            [
              12.54274454,
              55.70082252
            ],
            [
              12.53802043,
              55.70128249
            ],
            [
              12.53779253,
              55.70018336
            ],
            [
              12.53769019,
              55.70067321
            ],
            [
              12.5384064,
              55.70272593
            ],
            [
              12.53920635,
              55.70410177
            ],
            [
              12.54163304,
              55.70657871
            ],
            [
              12.54140737,
              55.70672442
            ],
            [
              12.54163204,
              55.70662747
            ],
            [
              12.54292946,
              55.70746845
            ],
            [
              12.54516199,
              55.70852202
            ],
            [
              12.54819718,
              55.70960444
            ],
            [
              12.54896851,
              55.70888925
            ]
          ]
        ]
      }
    },
    {
      "type": "Feature",
      "properties": {
        "name": "Kongens Lyngby",
        "code": "7119",
        "source": "Dataforsyningen sogne"
      },
      "geometry": {
        "type": "Polygon",
        "coordinates": [
          [
            [
              12.49367983,
              55.79083367
            ],
            [
              12.49857477,
              55.78971912
            ],
            [
              12.49830719,
              55.78911316
            ],
            [
              12.49573873,
              55.78567803
            ],
            [
              12.49766253,
              55.78489773
            ],
            [
              12.49807898,
              55.78580111
            ],
            [
              12.49968101,
              55.78705599
            ],
            [
              12.49991505,
              55.78679585
            ],
            [
              12.50057819,
              55.7865928
            ],
            [
              12.50092467,
              55.78633386
            ],
            [
              12.5025793,
              55.78662036
            ],
            [
              12.50519682,
              55.78662291
            ],
            [
              12.51143584,
              55.78654232
            ],
            [
              12.5123344,
              55.7864982
            ],
            [
              12.51241649,
              55.78632357
            ],
            [
              12.51398645,
              55.78630887
            ],
            [
              12.51416491,
              55.78620504
            ],
            [
              12.51403623,
              55.78590688
            ],
            [
              12.51296321,
              55.78479017
            ],
            [
              12.52026367,
              55.78349863
            ],
            [
              12.52143679,
              55.78562817
            ],
            [
              12.52603709,
              55.78482639
            ],
            [
              12.52611336,
              55.78476108
            ],
            [
              12.52598324,
              55.78440561
            ],
            [
              12.53250839,
              55.78425341
            ],
            [
              12.53809213,
              55.78457839
            ],
            [
              12.54184804,
              55.78338447
            ],
            [
              12.54447798,
              55.78330437
            ],
            [
              12.54443462,
              55.77624227
            ],
            [
              12.54440563,
              55.77573544
            ],
            [
              12.54422965,
              55.77574744
            ],
            [
              12.5442323,
              55.77557473
            ],
            [
              12.54706114,
              55.77356857
            ],
            [
              12.54701848,
              55.77334672
            ],
            [
              12.54529365,
              55.77355631
            ],
            [
              12.54096675,
              55.77343076
            ],
            [
              12.53917413,
              55.77366524
            ],
            [
              12.53101414,
              55.76946672
            ],
            [
              12.52912435,
              55.76944912
            ],
            [
              12.52635071,
              55.76841089
            ],
            [
              12.52674969,
              55.76796343
            ],
            [
              12.52618558,
              55.76628356
            ],
            [
              12.5243437,
              55.76498817
            ],
            [
              12.52329701,
              55.76403607
            ],
            [
              12.52174155,
              55.76462046
            ],
            [
              12.52131822,
              55.76386329
            ],
            [
              12.52024768,
              55.76371533
            ],
            [
              12.51980893,
              55.76291229
            ],
            [
              12.51960888,
              55.76287082
            ],
            [
              12.51914247,
              55.76345155
            ],
            [
              12.51877546,
              55.76337144
            ],
            [
              12.51894646,
              55.76310479
            ],
            [
              12.51985315,
              55.76242835
            ],
            [
              12.51735856,
              55.76318617
            ],
            [
              12.51647173,
              55.76309262
            ],
            [
              12.51574074,
              55.76332504
            ],
            [
              12.51033455,
              55.76528487
            ],
            [
              12.50991893,
              55.76529549
            ],
            [
              12.50955848,
              55.76562688
            ],
            [
              12.50893291,
              55.76584437
            ],
            [
              12.50905439,
              55.76573561
            ],
            [
              12.50766405,
              55.76608942
            ],
            [
              12.50769854,
              55.76624776
            ],
            [
              12.50395058,
              55.76761188
            ],
            [
              12.50343761,
              55.76773055
            ],
            [
              12.50323252,
              55.76754425
            ],
            [
              12.49959583,
              55.76894283
            ],
            [
              12.49950209,
              55.76899666
            ],
            [
              12.49997981,
              55.76949475
            ],
            [
              12.49842301,
              55.77016105
            ],
            [
              12.49777967,
              55.77012831
            ],
            [
              12.49573411,
              55.77149806
            ],
            [
              12.49469702,
              55.77247617
            ],
            [
              12.4947994,
              55.77258448
            ],
            [
              12.49372868,
              55.77284199
            ],
            [
              12.49285198,
              55.77341019
            ],
            [
              12.49270428,
              55.77334084
            ],
            [
              12.49214868,
              55.77369185
            ],
            [
              12.49152138,
              55.77437901
            ],
            [
              12.48893473,
              55.7745803
            ],
            [
              12.4888604,
              55.77528491
            ],
            [
              12.48854698,
              55.77583483
            ],
            [
              12.48862307,
              55.77621111
            ],
            [
              12.48851772,
              55.77697928
            ],
            [
              12.48953566,
              55.77811483
            ],
            [
              12.4902222,
              55.77799425
            ],
            [
              12.48854217,
              55.77911485
            ],
            [
              12.48692493,
              55.77991522
            ],
            [
              12.48633604,
              55.7803336
            ],
            [
              12.48553526,
              55.78106771
            ],
            [
              12.48496507,
              55.78191437
            ],
            [
              12.48472879,
              55.78243002
            ],
            [
              12.48501733,
              55.78249149
            ],
            [
              12.48502924,
              55.78268677
            ],
            [
              12.48493157,
              55.78266617
            ],
            [
              12.48515768,
              55.78300154
            ],
            [
              12.48610575,
              55.78617673
            ],
            [
              12.48655553,
              55.78818199
            ],
            [
              12.48568422,
              55.78861025
            ],
            [
              12.48490472,
              55.78880887
            ],
            [
              12.48761405,
              55.78870886
            ],
            [
              12.48700885,
              55.78981067
            ],
            [
              12.48705658,
              55.78998393
            ],
            [
              12.49367983,
              55.79083367
            ]
          ]
        ]
      }
    },
    {
      "type": "Feature",
      "properties": {
        "name": "Korsvejens",
        "code": "9081",
        "source": "Dataforsyningen sogne"
      },
      "geometry": {
        "type": "Polygon",
        "coordinates": [
          [
            [
              12.62750149,
              55.64016203
            ],
            [
              12.6293346,
              55.63667119
            ],
            [
              12.6318937,
              55.63699929
            ],
            [
              12.63241184,
              55.6349511
            ],
            [
              12.63522795,
              55.63530901
            ],
            [
              12.63633669,
              55.63533097
            ],
            [
              12.63667217,
              55.63483814
            ],
            [
              12.63752031,
              55.63294891
            ],
            [
              12.6317039,
              55.632053
            ],
            [
              12.63234363,
              55.63051501
            ],
            [
              12.62581531,
              55.63028573
            ],
            [
              12.62716621,
              55.62698147
            ],
            [
              12.61996619,
              55.62692185
            ],
            [
              12.61856444,
              55.62700624
            ],
            [
              12.61708332,
              55.62741909
            ],
            [
              12.61720015,
              55.62762776
            ],
            [
              12.61709233,
              55.63030858
            ],
            [
              12.61625843,
              55.63017314
            ],
            [
              12.61187733,
              55.6301655
            ],
            [
              12.61197446,
              55.63040389
            ],
            [
              12.6105124,
              55.63404017
            ],
            [
              12.61059614,
              55.63429712
            ],
            [
              12.61044828,
              55.63434688
            ],
            [
              12.60837225,
              55.63919679
            ],
            [
              12.61811928,
              55.64059028
            ],
            [
              12.61838345,
              55.64011759
            ],
            [
              12.61855138,
              55.64014563
            ],
            [
              12.61872069,
              55.63994407
            ],
            [
              12.61890375,
              55.6399794
            ],
            [
              12.61942859,
              55.63933922
            ],
            [
              12.62091797,
              55.63964295
            ],
            [
              12.6210502,
              55.64000232
            ],
            [
              12.62386835,
              55.64072353
            ],
            [
              12.62729842,
              55.64141587
            ],
            [
              12.62750149,
              55.64016203
            ]
          ]
        ]
      }
    },
    {
      "type": "Feature",
      "properties": {
        "name": "Led\u00f8je",
        "code": "7185",
        "source": "Dataforsyningen sogne"
      },
      "geometry": {
        "type": "Polygon",
        "coordinates": [
          [
            [
              12.341327971293662,
              55.71132797129366
            ],
            [
              12.3422996,
              55.7110736
            ],
            [
              12.34181416,
              55.71021227
            ],
            [
              12.34180976,
              55.70907612
            ],
            [
              12.34153793,
              55.7082933
            ],
            [
              12.34166522,
              55.70755402
            ],
            [
              12.3413492,
              55.7066005
            ],
            [
              12.34054784,
              55.70600087
            ],
            [
              12.33933792,
              55.704741
            ],
            [
              12.33746189,
              55.70333372
            ],
            [
              12.33656855,
              55.70147495
            ],
            [
              12.33512471,
              55.70028227
            ],
            [
              12.33450373,
              55.70016015
            ],
            [
              12.330458754198053,
              55.70045875419806
            ],
            [
              12.341327971293662,
              55.71132797129366
            ]
          ]
        ]
      }
    },
    {
      "type": "Feature",
      "properties": {
        "name": "Lindeh\u00f8j",
        "code": "9074",
        "source": "Dataforsyningen sogne"
      },
      "geometry": {
        "type": "Polygon",
        "coordinates": [
          [
            [
              12.40125117,
              55.75679685
            ],
            [
              12.40583234,
              55.75331031
            ],
            [
              12.40640336,
              55.75304658
            ],
            [
              12.40756792,
              55.75263295
            ],
            [
              12.40990067,
              55.75239042
            ],
            [
              12.41167483,
              55.75267586
            ],
            [
              12.41296863,
              55.75304306
            ],
            [
              12.41422463,
              55.7531163
            ],
            [
              12.41618483,
              55.75299262
            ],
            [
              12.42082553,
              55.75307145
            ],
            [
              12.42564207,
              55.75287186
            ],
            [
              12.42964316,
              55.75229736
            ],
            [
              12.43448139,
              55.7522823
            ],
            [
              12.43533991,
              55.75230414
            ],
            [
              12.43664948,
              55.75331163
            ],
            [
              12.43636709,
              55.75398876
            ],
            [
              12.43634341,
              55.7550021
            ],
            [
              12.43676552,
              55.7553707
            ],
            [
              12.4386917,
              55.75539778
            ],
            [
              12.43997893,
              55.75517784
            ],
            [
              12.4402197,
              55.75461346
            ],
            [
              12.44033012,
              55.75350543
            ],
            [
              12.44078414,
              55.75271622
            ],
            [
              12.44069921,
              55.75238565
            ],
            [
              12.44009052,
              55.75176505
            ],
            [
              12.44210351,
              55.75107708
            ],
            [
              12.44471542,
              55.75049985
            ],
            [
              12.44591436,
              55.75011814
            ],
            [
              12.44635085,
              55.74983094
            ],
            [
              12.44572827,
              55.74849523
            ],
            [
              12.44571761,
              55.74738079
            ],
            [
              12.4461195,
              55.74606964
            ],
            [
              12.44716082,
              55.74503967
            ],
            [
              12.44709017,
              55.74478288
            ],
            [
              12.44559456,
              55.74273404
            ],
            [
              12.44543046,
              55.7404528
            ],
            [
              12.44625646,
              55.73935011
            ],
            [
              12.44816618,
              55.73735975
            ],
            [
              12.43987203,
              55.73692786
            ],
            [
              12.43298626,
              55.73638779
            ],
            [
              12.43469441,
              55.73390211
            ],
            [
              12.43743921,
              55.72911267
            ],
            [
              12.43692946,
              55.72888751
            ],
            [
              12.43411113,
              55.72860181
            ],
            [
              12.43247485,
              55.727922
            ],
            [
              12.43170858,
              55.72730262
            ],
            [
              12.43071939,
              55.72600731
            ],
            [
              12.43053311,
              55.72570556
            ],
            [
              12.43045292,
              55.72506969
            ],
            [
              12.414381,
              55.72600229
            ],
            [
              12.41426788,
              55.72627401
            ],
            [
              12.41310052,
              55.72686852
            ],
            [
              12.41311546,
              55.72709064
            ],
            [
              12.41349961,
              55.72729331
            ],
            [
              12.41358047,
              55.72752052
            ],
            [
              12.41258522,
              55.72795343
            ],
            [
              12.41196017,
              55.72790949
            ],
            [
              12.41164716,
              55.72839761
            ],
            [
              12.41090584,
              55.72889079
            ],
            [
              12.40888539,
              55.72920507
            ],
            [
              12.40756591,
              55.72912213
            ],
            [
              12.40719011,
              55.72926896
            ],
            [
              12.40711214,
              55.72947666
            ],
            [
              12.40654186,
              55.72993693
            ],
            [
              12.40674724,
              55.73039751
            ],
            [
              12.40734524,
              55.7307285
            ],
            [
              12.4076279,
              55.7317826
            ],
            [
              12.40835683,
              55.73308442
            ],
            [
              12.40927685,
              55.73391482
            ],
            [
              12.40951911,
              55.73462757
            ],
            [
              12.40935406,
              55.7353822
            ],
            [
              12.40759871,
              55.73566678
            ],
            [
              12.40641724,
              55.73619499
            ],
            [
              12.40582299,
              55.73685309
            ],
            [
              12.40529859,
              55.73832187
            ],
            [
              12.40037691,
              55.73768923
            ],
            [
              12.40014931,
              55.73963717
            ],
            [
              12.39998262,
              55.74007669
            ],
            [
              12.40018339,
              55.74022451
            ],
            [
              12.40006203,
              55.74279628
            ],
            [
              12.39972479,
              55.74359306
            ],
            [
              12.3987426,
              55.74524478
            ],
            [
              12.39728693,
              55.74624641
            ],
            [
              12.39337347,
              55.75125399
            ],
            [
              12.39381474,
              55.75271031
            ],
            [
              12.39357781,
              55.75410032
            ],
            [
              12.39356674,
              55.75425177
            ],
            [
              12.39367089,
              55.75427244
            ],
            [
              12.39348039,
              55.75469094
            ],
            [
              12.39377736,
              55.75473245
            ],
            [
              12.39357306,
              55.75525077
            ],
            [
              12.39366088,
              55.75525778
            ],
            [
              12.3936572,
              55.75566662
            ],
            [
              12.39455436,
              55.75909925
            ],
            [
              12.3948426,
              55.75972758
            ],
            [
              12.39511257,
              55.75986334
            ],
            [
              12.39524415,
              55.75957037
            ],
            [
              12.39578875,
              55.75903598
            ],
            [
              12.39776883,
              55.7580615
            ],
            [
              12.40125117,
              55.75679685
            ]
          ]
        ]
      }
    },
    {
      "type": "Feature",
      "properties": {
        "name": "Lindevang",
        "code": "7104",
        "source": "Dataforsyningen sogne"
      },
      "geometry": {
        "type": "Polygon",
        "coordinates": [
          [
            [
              12.49966486,
              55.68629401
            ],
            [
              12.50001844,
              55.68591752
            ],
            [
              12.50089691,
              55.6857279
            ],
            [
              12.50412302,
              55.68525452
            ],
            [
              12.50932157,
              55.68419628
            ],
            [
              12.51382145,
              55.68348505
            ],
            [
              12.5225654,
              55.68183528
            ],
            [
              12.52180724,
              55.68057053
            ],
            [
              12.52152712,
              55.68069223
            ],
            [
              12.52140553,
              55.68048694
            ],
            [
              12.51898327,
              55.6799062
            ],
            [
              12.51746986,
              55.67931617
            ],
            [
              12.51729303,
              55.67940621
            ],
            [
              12.51709493,
              55.67917442
            ],
            [
              12.51722594,
              55.67898355
            ],
            [
              12.51518057,
              55.67889627
            ],
            [
              12.51470478,
              55.67784539
            ],
            [
              12.51326739,
              55.67701907
            ],
            [
              12.5121466,
              55.67608522
            ],
            [
              12.51178237,
              55.67609583
            ],
            [
              12.51136781,
              55.67578293
            ],
            [
              12.51098081,
              55.67535153
            ],
            [
              12.51122786,
              55.67534904
            ],
            [
              12.50760375,
              55.67233773
            ],
            [
              12.50699043,
              55.67235581
            ],
            [
              12.50626354,
              55.67258934
            ],
            [
              12.50584878,
              55.67244745
            ],
            [
              12.50585414,
              55.67204348
            ],
            [
              12.50519187,
              55.67207635
            ],
            [
              12.50483272,
              55.67374152
            ],
            [
              12.50293275,
              55.67927786
            ],
            [
              12.49898633,
              55.68473941
            ],
            [
              12.49864108,
              55.68506127
            ],
            [
              12.49848325,
              55.6850173
            ],
            [
              12.49784483,
              55.68531956
            ],
            [
              12.49966486,
              55.68629401
            ]
          ]
        ]
      }
    },
    {
      "type": "Feature",
      "properties": {
        "name": "Lundehus",
        "code": "7066",
        "source": "Dataforsyningen sogne"
      },
      "geometry": {
        "type": "Polygon",
        "coordinates": [
          [
            [
              12.54166176,
              55.72378411
            ],
            [
              12.54358636,
              55.7236371
            ],
            [
              12.5437408,
              55.72392064
            ],
            [
              12.54398261,
              55.72404331
            ],
            [
              12.54531482,
              55.72415562
            ],
            [
              12.54761428,
              55.72385915
            ],
            [
              12.54900639,
              55.72382923
            ],
            [
              12.54936872,
              55.72395075
            ],
            [
              12.54955057,
              55.723734
            ],
            [
              12.55025223,
              55.72386575
            ],
            [
              12.55206246,
              55.72343697
            ],
            [
              12.55404563,
              55.72342476
            ],
            [
              12.55420925,
              55.72337219
            ],
            [
              12.55445436,
              55.72294041
            ],
            [
              12.55505698,
              55.72303607
            ],
            [
              12.55545887,
              55.7229355
            ],
            [
              12.56135147,
              55.72274706
            ],
            [
              12.56140868,
              55.72386622
            ],
            [
              12.56169982,
              55.72533546
            ],
            [
              12.56308624,
              55.72525133
            ],
            [
              12.56305152,
              55.72493161
            ],
            [
              12.56370919,
              55.72490882
            ],
            [
              12.56339287,
              55.72189211
            ],
            [
              12.56312413,
              55.72195873
            ],
            [
              12.56350202,
              55.7218207
            ],
            [
              12.55876424,
              55.7175262
            ],
            [
              12.55799832,
              55.71737407
            ],
            [
              12.55848138,
              55.71687291
            ],
            [
              12.56147916,
              55.71713455
            ],
            [
              12.55321115,
              55.71148856
            ],
            [
              12.55162047,
              55.71075999
            ],
            [
              12.54647637,
              55.70903189
            ],
            [
              12.54465243,
              55.70829424
            ],
            [
              12.54428068,
              55.70849929
            ],
            [
              12.54522724,
              55.70920485
            ],
            [
              12.54613848,
              55.710246
            ],
            [
              12.54658845,
              55.71118952
            ],
            [
              12.54668808,
              55.71244593
            ],
            [
              12.54697661,
              55.71239775
            ],
            [
              12.54648464,
              55.71368501
            ],
            [
              12.54612186,
              55.71428266
            ],
            [
              12.54077127,
              55.72155525
            ],
            [
              12.54027341,
              55.72261732
            ],
            [
              12.54007137,
              55.72279813
            ],
            [
              12.54020242,
              55.7227974
            ],
            [
              12.53914568,
              55.72537648
            ],
            [
              12.53895432,
              55.72628763
            ],
            [
              12.53978679,
              55.72590584
            ],
            [
              12.54090459,
              55.72415943
            ],
            [
              12.54166176,
              55.72378411
            ]
          ]
        ]
      }
    },
    {
      "type": "Feature",
      "properties": {
        "name": "Lundtofte",
        "code": "7123",
        "source": "Dataforsyningen sogne"
      },
      "geometry": {
        "type": "Polygon",
        "coordinates": [
          [
            [
              12.501473288679433,
              55.8
            ],
            [
              12.544555377750642,
              55.8
            ],
            [
              12.54458958,
              55.79904784
            ],
            [
              12.54454136,
              55.79894241
            ],
            [
              12.54417546,
              55.79890855
            ],
            [
              12.54422372,
              55.79866699
            ],
            [
              12.54455354,
              55.79866916
            ],
            [
              12.54457875,
              55.79819161
            ],
            [
              12.54448357,
              55.78784397
            ],
            [
              12.54463224,
              55.78783806
            ],
            [
              12.54462406,
              55.7876305
            ],
            [
              12.54450097,
              55.78756491
            ],
            [
              12.54447798,
              55.78330437
            ],
            [
              12.54184804,
              55.78338447
            ],
            [
              12.53809213,
              55.78457839
            ],
            [
              12.53250839,
              55.78425341
            ],
            [
              12.52598324,
              55.78440561
            ],
            [
              12.52611336,
              55.78476108
            ],
            [
              12.52603709,
              55.78482639
            ],
            [
              12.52143679,
              55.78562817
            ],
            [
              12.52026367,
              55.78349863
            ],
            [
              12.51296321,
              55.78479017
            ],
            [
              12.51403623,
              55.78590688
            ],
            [
              12.51416491,
              55.78620504
            ],
            [
              12.51398645,
              55.78630887
            ],
            [
              12.51241649,
              55.78632357
            ],
            [
              12.5123344,
              55.7864982
            ],
            [
              12.51143584,
              55.78654232
            ],
            [
              12.50519682,
              55.78662291
            ],
            [
              12.5025793,
              55.78662036
            ],
            [
              12.50092467,
              55.78633386
            ],
            [
              12.50057819,
              55.7865928
            ],
            [
              12.49991505,
              55.78679585
            ],
            [
              12.49968101,
              55.78705599
            ],
            [
              12.49807898,
              55.78580111
            ],
            [
              12.49766253,
              55.78489773
            ],
            [
              12.49573873,
              55.78567803
            ],
            [
              12.49830719,
              55.78911316
            ],
            [
              12.49857477,
              55.78971912
            ],
            [
              12.49367983,
              55.79083367
            ],
            [
              12.49132765,
              55.79047176
            ],
            [
              12.48689817,
              55.79003626
            ],
            [
              12.48642922,
              55.79084729
            ],
            [
              12.48615762,
              55.79093844
            ],
            [
              12.48581425,
              55.79148362
            ],
            [
              12.48609379,
              55.79162567
            ],
            [
              12.48573503,
              55.79176487
            ],
            [
              12.48549012,
              55.79210298
            ],
            [
              12.48252506,
              55.7965568
            ],
            [
              12.48222503,
              55.79731114
            ],
            [
              12.48167505,
              55.79783528
            ],
            [
              12.48092163,
              55.79897516
            ],
            [
              12.48370826,
              55.79930517
            ],
            [
              12.48389081,
              55.79895635
            ],
            [
              12.4866528,
              55.79953875
            ],
            [
              12.487460557920484,
              55.8
            ],
            [
              12.489580502941736,
              55.8
            ],
            [
              12.49042079,
              55.79807458
            ],
            [
              12.49105108,
              55.79720095
            ],
            [
              12.49160429,
              55.79779952
            ],
            [
              12.49370316,
              55.79923727
            ],
            [
              12.49393598,
              55.79922048
            ],
            [
              12.49407323,
              55.79989498
            ],
            [
              12.49527004,
              55.79978046
            ],
            [
              12.49650417,
              55.79985772
            ],
            [
              12.4971423,
              55.79956892
            ],
            [
              12.49812518,
              55.79948266
            ],
            [
              12.50002673,
              55.79891508
            ],
            [
              12.50034999,
              55.79934367
            ],
            [
              12.501473288679433,
              55.8
            ]
          ]
        ]
      }
    },
    {
      "type": "Feature",
      "properties": {
        "name": "Magleg\u00e5rds",
        "code": "7118",
        "source": "Dataforsyningen sogne"
      },
      "geometry": {
        "type": "Polygon",
        "coordinates": [
          [
            [
              12.56746472,
              55.74937288
            ],
            [
              12.56859016,
              55.74935805
            ],
            [
              12.56849534,
              55.74926766
            ],
            [
              12.56902502,
              55.74908546
            ],
            [
              12.56931457,
              55.74932827
            ],
            [
              12.57002785,
              55.74937388
            ],
            [
              12.57039035,
              55.74957051
            ],
            [
              12.57061603,
              55.74943212
            ],
            [
              12.57036407,
              55.74925701
            ],
            [
              12.58340041,
              55.74487243
            ],
            [
              12.58755746,
              55.74331491
            ],
            [
              12.58738838,
              55.74306377
            ],
            [
              12.58713658,
              55.74301052
            ],
            [
              12.58703219,
              55.74265318
            ],
            [
              12.58559711,
              55.74094622
            ],
            [
              12.58541452,
              55.74051114
            ],
            [
              12.58520805,
              55.74051744
            ],
            [
              12.5846497,
              55.73998588
            ],
            [
              12.5846386,
              55.73979549
            ],
            [
              12.58445135,
              55.73982524
            ],
            [
              12.58424987,
              55.73964103
            ],
            [
              12.57823259,
              55.73994494
            ],
            [
              12.57704458,
              55.73993669
            ],
            [
              12.57673886,
              55.73982681
            ],
            [
              12.56662073,
              55.74027613
            ],
            [
              12.56462331,
              55.74054331
            ],
            [
              12.56477738,
              55.74029992
            ],
            [
              12.56363327,
              55.74021572
            ],
            [
              12.56342776,
              55.7403321
            ],
            [
              12.56365782,
              55.7405022
            ],
            [
              12.56349286,
              55.74073988
            ],
            [
              12.55688612,
              55.74385023
            ],
            [
              12.55647912,
              55.74418042
            ],
            [
              12.55694132,
              55.74680132
            ],
            [
              12.55681357,
              55.7473607
            ],
            [
              12.55698812,
              55.74745518
            ],
            [
              12.55762116,
              55.75304881
            ],
            [
              12.55939696,
              55.75229849
            ],
            [
              12.5626481,
              55.75144536
            ],
            [
              12.5646534,
              55.75023665
            ],
            [
              12.56746472,
              55.74937288
            ]
          ]
        ]
      }
    },
    {
      "type": "Feature",
      "properties": {
        "name": "Mariendals",
        "code": "7107",
        "source": "Dataforsyningen sogne"
      },
      "geometry": {
        "type": "Polygon",
        "coordinates": [
          [
            [
              12.53704289,
              55.69652731
            ],
            [
              12.5357972,
              55.69569679
            ],
            [
              12.53552693,
              55.69506321
            ],
            [
              12.53476384,
              55.69444239
            ],
            [
              12.53572847,
              55.69385108
            ],
            [
              12.53587123,
              55.69317421
            ],
            [
              12.53552967,
              55.69245438
            ],
            [
              12.53564907,
              55.69208984
            ],
            [
              12.53730904,
              55.6902351
            ],
            [
              12.53783837,
              55.68974975
            ],
            [
              12.54049631,
              55.68842473
            ],
            [
              12.54118106,
              55.68770874
            ],
            [
              12.54084334,
              55.68756491
            ],
            [
              12.54062262,
              55.6873419
            ],
            [
              12.5407423,
              55.68731543
            ],
            [
              12.5400561,
              55.68670798
            ],
            [
              12.5383042,
              55.68730343
            ],
            [
              12.5333906,
              55.68840964
            ],
            [
              12.53224328,
              55.68685413
            ],
            [
              12.52632168,
              55.68829902
            ],
            [
              12.51716872,
              55.69030407
            ],
            [
              12.51646108,
              55.69061308
            ],
            [
              12.51752528,
              55.69085123
            ],
            [
              12.51937666,
              55.6918807
            ],
            [
              12.52034385,
              55.69251922
            ],
            [
              12.52203287,
              55.69401234
            ],
            [
              12.52334689,
              55.69461372
            ],
            [
              12.52496783,
              55.6951579
            ],
            [
              12.52650296,
              55.69547559
            ],
            [
              12.52972538,
              55.69583418
            ],
            [
              12.53063666,
              55.69671638
            ],
            [
              12.5322532,
              55.69667901
            ],
            [
              12.5321496,
              55.69713085
            ],
            [
              12.53829871,
              55.6976716
            ],
            [
              12.53826911,
              55.69711371
            ],
            [
              12.53749226,
              55.69664985
            ],
            [
              12.53704289,
              55.69652731
            ]
          ]
        ]
      }
    },
    {
      "type": "Feature",
      "properties": {
        "name": "M\u00f8rkh\u00f8j",
        "code": "7134",
        "source": "Dataforsyningen sogne"
      },
      "geometry": {
        "type": "Polygon",
        "coordinates": [
          [
            [
              12.48541286,
              55.73600045
            ],
            [
              12.48649514,
              55.73591073
            ],
            [
              12.48712028,
              55.7342275
            ],
            [
              12.48750075,
              55.73276194
            ],
            [
              12.48142262,
              55.73227321
            ],
            [
              12.48205283,
              55.73172951
            ],
            [
              12.48214586,
              55.73142161
            ],
            [
              12.48256951,
              55.73104571
            ],
            [
              12.48547359,
              55.72918673
            ],
            [
              12.48555104,
              55.72828296
            ],
            [
              12.48520457,
              55.72723514
            ],
            [
              12.48561177,
              55.72669335
            ],
            [
              12.48688494,
              55.72561668
            ],
            [
              12.48673762,
              55.72456716
            ],
            [
              12.4843166,
              55.72476505
            ],
            [
              12.47751114,
              55.72209983
            ],
            [
              12.47711111,
              55.72103435
            ],
            [
              12.47430391,
              55.7198496
            ],
            [
              12.47286322,
              55.7188722
            ],
            [
              12.46621085,
              55.71887221
            ],
            [
              12.46467954,
              55.71806838
            ],
            [
              12.46306361,
              55.71754395
            ],
            [
              12.45863717,
              55.71681976
            ],
            [
              12.45817823,
              55.7178025
            ],
            [
              12.45750179,
              55.71879362
            ],
            [
              12.45626332,
              55.72012164
            ],
            [
              12.45598278,
              55.72028006
            ],
            [
              12.45333262,
              55.72343277
            ],
            [
              12.45367919,
              55.72529591
            ],
            [
              12.45305563,
              55.72608221
            ],
            [
              12.45311856,
              55.72684677
            ],
            [
              12.45350285,
              55.7278402
            ],
            [
              12.45308041,
              55.72933071
            ],
            [
              12.45307381,
              55.72971941
            ],
            [
              12.45292372,
              55.72999355
            ],
            [
              12.45153722,
              55.73054434
            ],
            [
              12.45123199,
              55.73124688
            ],
            [
              12.45482373,
              55.73175165
            ],
            [
              12.4548377,
              55.73289001
            ],
            [
              12.45500592,
              55.73295424
            ],
            [
              12.4552577,
              55.73344634
            ],
            [
              12.46284933,
              55.73558207
            ],
            [
              12.46406721,
              55.73545141
            ],
            [
              12.46505925,
              55.73489651
            ],
            [
              12.46480928,
              55.73478578
            ],
            [
              12.46704874,
              55.73352173
            ],
            [
              12.46725639,
              55.73352369
            ],
            [
              12.46999664,
              55.73426329
            ],
            [
              12.47037658,
              55.73446285
            ],
            [
              12.47119613,
              55.73405187
            ],
            [
              12.47242616,
              55.7348423
            ],
            [
              12.47442711,
              55.73493969
            ],
            [
              12.4745001,
              55.73459029
            ],
            [
              12.47586054,
              55.73468178
            ],
            [
              12.47627916,
              55.73486612
            ],
            [
              12.48199042,
              55.7358444
            ],
            [
              12.48541286,
              55.73600045
            ]
          ]
        ]
      }
    },
    {
      "type": "Feature",
      "properties": {
        "name": "Nathanaels",
        "code": "7083",
        "source": "Dataforsyningen sogne"
      },
      "geometry": {
        "type": "Polygon",
        "coordinates": [
          [
            [
              12.61171594,
              55.66698575
            ],
            [
              12.61220016,
              55.66633323
            ],
            [
              12.61211024,
              55.66613446
            ],
            [
              12.61038235,
              55.66577488
            ],
            [
              12.61081184,
              55.66493758
            ],
            [
              12.61121479,
              55.6650186
            ],
            [
              12.61130393,
              55.66488631
            ],
            [
              12.61083373,
              55.66479199
            ],
            [
              12.61105947,
              55.66443654
            ],
            [
              12.61154166,
              55.66453338
            ],
            [
              12.61174429,
              55.66423275
            ],
            [
              12.61147271,
              55.66416162
            ],
            [
              12.61165507,
              55.6639622
            ],
            [
              12.61183747,
              55.66403911
            ],
            [
              12.61202761,
              55.66379288
            ],
            [
              12.61108393,
              55.66344742
            ],
            [
              12.61059103,
              55.66370185
            ],
            [
              12.61085165,
              55.66340742
            ],
            [
              12.61039647,
              55.66308911
            ],
            [
              12.60944334,
              55.66409946
            ],
            [
              12.60916941,
              55.66400798
            ],
            [
              12.60886255,
              55.66436707
            ],
            [
              12.60816635,
              55.66427139
            ],
            [
              12.60828793,
              55.66409049
            ],
            [
              12.60806076,
              55.66402479
            ],
            [
              12.60790479,
              55.6642176
            ],
            [
              12.60668419,
              55.66397152
            ],
            [
              12.60642692,
              55.6638906
            ],
            [
              12.60658004,
              55.66369286
            ],
            [
              12.60640129,
              55.66364507
            ],
            [
              12.60620682,
              55.66384627
            ],
            [
              12.60581447,
              55.66372464
            ],
            [
              12.60561812,
              55.66388832
            ],
            [
              12.60526647,
              55.66377322
            ],
            [
              12.60445877,
              55.66460229
            ],
            [
              12.60422214,
              55.66455466
            ],
            [
              12.60494167,
              55.66386864
            ],
            [
              12.60319612,
              55.66341731
            ],
            [
              12.60243671,
              55.66342435
            ],
            [
              12.60177641,
              55.66325159
            ],
            [
              12.60145974,
              55.66316387
            ],
            [
              12.60165179,
              55.6629533
            ],
            [
              12.5971458,
              55.66175184
            ],
            [
              12.59641083,
              55.66201259
            ],
            [
              12.59443779,
              55.66302377
            ],
            [
              12.59423816,
              55.66323365
            ],
            [
              12.59438016,
              55.66361965
            ],
            [
              12.59482307,
              55.66372068
            ],
            [
              12.59487625,
              55.66349234
            ],
            [
              12.59515716,
              55.66355289
            ],
            [
              12.59500753,
              55.66376329
            ],
            [
              12.5968815,
              55.66419001
            ],
            [
              12.59699391,
              55.6644856
            ],
            [
              12.59854312,
              55.6647741
            ],
            [
              12.59848909,
              55.66489941
            ],
            [
              12.59873962,
              55.66500131
            ],
            [
              12.59887983,
              55.66484964
            ],
            [
              12.59961865,
              55.66503881
            ],
            [
              12.59982575,
              55.66536399
            ],
            [
              12.60045813,
              55.66474997
            ],
            [
              12.61109293,
              55.66698908
            ],
            [
              12.6111688,
              55.66688542
            ],
            [
              12.61171594,
              55.66698575
            ]
          ]
        ]
      }
    },
    {
      "type": "Feature",
      "properties": {
        "name": "Ny Holte",
        "code": "7127",
        "source": "Dataforsyningen sogne"
      },
      "geometry": {
        "type": "MultiPolygon",
        "coordinates": [
          [
            [
              [
                12.431244836997001,
                55.8
              ],
              [
                12.43012414,
                55.79972597
              ],
              [
                12.429527282491646,
                55.799527282491646
              ],
              [
                12.43,
                55.8
              ],
              [
                12.431244836997001,
                55.8
              ]
            ]
          ],
          [
            [
              [
                12.433060966310496,
                55.8
              ],
              [
                12.43254352,
                55.79996894
              ],
              [
                12.431682689771062,
                55.8
              ],
              [
                12.433060966310496,
                55.8
              ]
            ]
          ],
          [
            [
              [
                12.44950867,
                55.79999801
              ],
              [
                12.44655983,
                55.79953088
              ],
              [
                12.43909947,
                55.79963199
              ],
              [
                12.439427238781953,
                55.8
              ],
              [
                12.44950867,
                55.79999801
              ]
            ]
          ],
          [
            [
              [
                12.455993370953898,
                55.8
              ],
              [
                12.45329836,
                55.79950895
              ],
              [
                12.452935829280733,
                55.8
              ],
              [
                12.455993370953898,
                55.8
              ]
            ]
          ],
          [
            [
              [
                12.46274862,
                55.79997488
              ],
              [
                12.45919662,
                55.79994702
              ],
              [
                12.45920833,
                55.7997282
              ],
              [
                12.45799562,
                55.79963224
              ],
              [
                12.45786058267411,
                55.8
              ],
              [
                12.46274862,
                55.79997488
              ]
            ]
          ],
          [
            [
              [
                12.4868642,
                55.79965009
              ],
              [
                12.48389081,
                55.79895635
              ],
              [
                12.48370826,
                55.79930517
              ],
              [
                12.47915391,
                55.79876503
              ],
              [
                12.47782727,
                55.79678252
              ],
              [
                12.47317224,
                55.79703723
              ],
              [
                12.474605462046762,
                55.8
              ],
              [
                12.487460557920484,
                55.8
              ],
              [
                12.4868642,
                55.79965009
              ]
            ]
          ]
        ]
      }
    },
    {
      "type": "Feature",
      "properties": {
        "name": "Nyg\u00e5rds",
        "code": "9115",
        "source": "Dataforsyningen sogne"
      },
      "geometry": {
        "type": "Polygon",
        "coordinates": [
          [
            [
              12.4426589,
              55.67152985
            ],
            [
              12.44298681,
              55.67009839
            ],
            [
              12.44425774,
              55.67021178
            ],
            [
              12.44441542,
              55.66994426
            ],
            [
              12.44705222,
              55.67017767
            ],
            [
              12.44735412,
              55.66705727
            ],
            [
              12.44837971,
              55.66656223
            ],
            [
              12.44851994,
              55.66503272
            ],
            [
              12.43993547,
              55.66526254
            ],
            [
              12.4398959,
              55.66459092
            ],
            [
              12.43794951,
              55.66466691
            ],
            [
              12.43694335,
              55.66483314
            ],
            [
              12.43748638,
              55.66212996
            ],
            [
              12.4349871,
              55.66197414
            ],
            [
              12.43533125,
              55.66164342
            ],
            [
              12.43389524,
              55.66119102
            ],
            [
              12.43307587,
              55.66068015
            ],
            [
              12.42847832,
              55.65512945
            ],
            [
              12.42822583,
              55.65458102
            ],
            [
              12.42786207,
              55.65442944
            ],
            [
              12.42227571,
              55.65348193
            ],
            [
              12.42210247,
              55.65350124
            ],
            [
              12.42165016,
              55.65505066
            ],
            [
              12.42147068,
              55.65514432
            ],
            [
              12.41953222,
              55.65496877
            ],
            [
              12.41941419,
              55.65535482
            ],
            [
              12.41514651,
              55.65491399
            ],
            [
              12.41265334,
              55.65500985
            ],
            [
              12.41254459,
              55.65510692
            ],
            [
              12.41343496,
              55.65676611
            ],
            [
              12.41337401,
              55.65685871
            ],
            [
              12.41382534,
              55.65792644
            ],
            [
              12.41358695,
              55.65828446
            ],
            [
              12.41277048,
              55.65846948
            ],
            [
              12.41295077,
              55.65972674
            ],
            [
              12.41450155,
              55.66104511
            ],
            [
              12.4154888,
              55.66153964
            ],
            [
              12.41574161,
              55.6620896
            ],
            [
              12.41509559,
              55.66460483
            ],
            [
              12.41522138,
              55.66538716
            ],
            [
              12.41569806,
              55.66596659
            ],
            [
              12.41721093,
              55.66675891
            ],
            [
              12.41882254,
              55.66794911
            ],
            [
              12.41863403,
              55.66856335
            ],
            [
              12.41893078,
              55.66876637
            ],
            [
              12.43156333,
              55.67044641
            ],
            [
              12.43396583,
              55.67090766
            ],
            [
              12.43399788,
              55.67100475
            ],
            [
              12.4426589,
              55.67152985
            ]
          ]
        ]
      }
    },
    {
      "type": "Feature",
      "properties": {
        "name": "Opstandelseskirkens",
        "code": "9134",
        "source": "Dataforsyningen sogne"
      },
      "geometry": {
        "type": "Polygon",
        "coordinates": [
          [
            [
              12.33002991,
              55.66037544
            ],
            [
              12.37164372,
              55.6638441
            ],
            [
              12.37142139,
              55.66172762
            ],
            [
              12.37105973,
              55.66159763
            ],
            [
              12.37123913,
              55.66014981
            ],
            [
              12.3747109,
              55.66018035
            ],
            [
              12.36694154,
              55.65929687
            ],
            [
              12.36633799,
              55.65896566
            ],
            [
              12.36342441,
              55.65857
            ],
            [
              12.36430678,
              55.65690492
            ],
            [
              12.36498335,
              55.65621462
            ],
            [
              12.35908257,
              55.65556221
            ],
            [
              12.35928685,
              55.65497327
            ],
            [
              12.3548438,
              55.65448426
            ],
            [
              12.35464089,
              55.65507136
            ],
            [
              12.35274737,
              55.65485945
            ],
            [
              12.3540902,
              55.65097257
            ],
            [
              12.3542883,
              55.65089603
            ],
            [
              12.35432111,
              55.65060679
            ],
            [
              12.35417951,
              55.65049441
            ],
            [
              12.35371989,
              55.65044683
            ],
            [
              12.35420833,
              55.64925546
            ],
            [
              12.34939833,
              55.6487229
            ],
            [
              12.34703921,
              55.64771677
            ],
            [
              12.345781,
              55.64690362
            ],
            [
              12.34420313,
              55.6454681
            ],
            [
              12.34310375,
              55.64425634
            ],
            [
              12.34273118,
              55.64405413
            ],
            [
              12.34133408,
              55.64195946
            ],
            [
              12.3373343,
              55.64525142
            ],
            [
              12.33806083,
              55.64650962
            ],
            [
              12.33735359,
              55.64749505
            ],
            [
              12.3371911,
              55.64814692
            ],
            [
              12.33639888,
              55.64888354
            ],
            [
              12.33488345,
              55.64960863
            ],
            [
              12.33208426,
              55.64987472
            ],
            [
              12.33074719,
              55.65018339
            ],
            [
              12.33,
              55.650490314916205
            ],
            [
              12.33002991,
              55.66037544
            ]
          ]
        ]
      }
    },
    {
      "type": "Feature",
      "properties": {
        "name": "Ordrup",
        "code": "7115",
        "source": "Dataforsyningen sogne"
      },
      "geometry": {
        "type": "MultiPolygon",
        "coordinates": [
          [
            [
              [
                12.57816949,
                55.77067659
              ],
              [
                12.57973952,
                55.76921246
              ],
              [
                12.58155156,
                55.76845736
              ],
              [
                12.58375667,
                55.76593925
              ],
              [
                12.58401393,
                55.76625014
              ],
              [
                12.58470346,
                55.76613946
              ],
              [
                12.58475797,
                55.76633003
              ],
              [
                12.58524525,
                55.76657161
              ],
              [
                12.58434427,
                55.76372245
              ],
              [
                12.58476692,
                55.76378519
              ],
              [
                12.58505883,
                55.76342122
              ],
              [
                12.58504211,
                55.76330347
              ],
              [
                12.58467334,
                55.76331855
              ],
              [
                12.5846868,
                55.7635675
              ],
              [
                12.58430086,
                55.7636266
              ],
              [
                12.58340045,
                55.76209507
              ],
              [
                12.58158768,
                55.76004103
              ],
              [
                12.58167664,
                55.76002512
              ],
              [
                12.5815721,
                55.75990247
              ],
              [
                12.58214962,
                55.75956641
              ],
              [
                12.58208666,
                55.75913754
              ],
              [
                12.58100516,
                55.75946241
              ],
              [
                12.577347,
                55.75606067
              ],
              [
                12.57788841,
                55.75577964
              ],
              [
                12.59238794,
                55.75095331
              ],
              [
                12.5917391,
                55.75029702
              ],
              [
                12.59106082,
                55.74983509
              ],
              [
                12.59076095,
                55.74981095
              ],
              [
                12.5905637,
                55.74929735
              ],
              [
                12.58993797,
                55.74862653
              ],
              [
                12.58968961,
                55.74787587
              ],
              [
                12.58966354,
                55.74722986
              ],
              [
                12.58935502,
                55.74692749
              ],
              [
                12.58918946,
                55.74569525
              ],
              [
                12.58892153,
                55.74545967
              ],
              [
                12.58880861,
                55.74476872
              ],
              [
                12.58854818,
                55.74447943
              ],
              [
                12.58798914,
                55.74422089
              ],
              [
                12.58759013,
                55.74332529
              ],
              [
                12.58340041,
                55.74487243
              ],
              [
                12.57036407,
                55.74925701
              ],
              [
                12.57061603,
                55.74943212
              ],
              [
                12.57039035,
                55.74957051
              ],
              [
                12.57002785,
                55.74937388
              ],
              [
                12.56931457,
                55.74932827
              ],
              [
                12.56902502,
                55.74908546
              ],
              [
                12.56849534,
                55.74926766
              ],
              [
                12.56859016,
                55.74935805
              ],
              [
                12.56746472,
                55.74937288
              ],
              [
                12.56461993,
                55.75024905
              ],
              [
                12.5626481,
                55.75144536
              ],
              [
                12.55939696,
                55.75229849
              ],
              [
                12.55762116,
                55.75304881
              ],
              [
                12.55771711,
                55.75493796
              ],
              [
                12.55805236,
                55.757528
              ],
              [
                12.55772106,
                55.75778749
              ],
              [
                12.55748106,
                55.75819493
              ],
              [
                12.55822954,
                55.75848156
              ],
              [
                12.55830855,
                55.76063736
              ],
              [
                12.55891995,
                55.766632
              ],
              [
                12.55979891,
                55.76797109
              ],
              [
                12.55828462,
                55.76921798
              ],
              [
                12.5578798,
                55.76967102
              ],
              [
                12.55791612,
                55.76994683
              ],
              [
                12.55738253,
                55.77029804
              ],
              [
                12.5569793,
                55.77039604
              ],
              [
                12.55673799,
                55.77115563
              ],
              [
                12.55696706,
                55.77118379
              ],
              [
                12.55715472,
                55.77079279
              ],
              [
                12.55820748,
                55.77088538
              ],
              [
                12.5593324,
                55.77053096
              ],
              [
                12.56091542,
                55.77081649
              ],
              [
                12.56368211,
                55.77076212
              ],
              [
                12.56418352,
                55.77107018
              ],
              [
                12.56538093,
                55.77135066
              ],
              [
                12.56838178,
                55.77246082
              ],
              [
                12.57172701,
                55.77323421
              ],
              [
                12.57149457,
                55.7741575
              ],
              [
                12.57640994,
                55.77451175
              ],
              [
                12.57892086,
                55.77489914
              ],
              [
                12.57957259,
                55.77398538
              ],
              [
                12.57970454,
                55.77360666
              ],
              [
                12.57905835,
                55.77139546
              ],
              [
                12.57879947,
                55.77107562
              ],
              [
                12.57816949,
                55.77067659
              ]
            ]
          ],
          [
            [
              [
                12.5920085,
                55.74912515
              ],
              [
                12.59184298,
                55.74914384
              ],
              [
                12.59203763,
                55.74915064
              ],
              [
                12.5920085,
                55.74912515
              ]
            ]
          ],
          [
            [
              [
                12.59199593,
                55.74963148
              ],
              [
                12.59213522,
                55.74946978
              ],
              [
                12.59192926,
                55.74960511
              ],
              [
                12.59118096,
                55.74962467
              ],
              [
                12.59199593,
                55.74963148
              ]
            ]
          ]
        ]
      }
    },
    {
      "type": "Feature",
      "properties": {
        "name": "Pederstrup",
        "code": "9089",
        "source": "Dataforsyningen sogne"
      },
      "geometry": {
        "type": "MultiPolygon",
        "coordinates": [
          [
            [
              [
                12.357577193631325,
                55.727577193631326
              ],
              [
                12.3570869,
                55.72656283
              ],
              [
                12.35643243,
                55.72589508
              ],
              [
                12.356242,
                55.7258592
              ],
              [
                12.35587028,
                55.72513318
              ],
              [
                12.35576334,
                55.72448695
              ],
              [
                12.35582118,
                55.72342201
              ],
              [
                12.3622537,
                55.72325321
              ],
              [
                12.36830993,
                55.72263542
              ],
              [
                12.36897053,
                55.72266107
              ],
              [
                12.3671617,
                55.72187365
              ],
              [
                12.36644687,
                55.72136252
              ],
              [
                12.36591565,
                55.72058948
              ],
              [
                12.36543797,
                55.71914855
              ],
              [
                12.36619446,
                55.7193747
              ],
              [
                12.36895405,
                55.71941629
              ],
              [
                12.369015,
                55.71933244
              ],
              [
                12.3663466,
                55.71930093
              ],
              [
                12.36542789,
                55.71905182
              ],
              [
                12.3653043,
                55.71778999
              ],
              [
                12.36636764,
                55.71332024
              ],
              [
                12.36703687,
                55.71360514
              ],
              [
                12.36761248,
                55.71360544
              ],
              [
                12.36803779,
                55.71342887
              ],
              [
                12.36837652,
                55.71273886
              ],
              [
                12.3687476,
                55.71278882
              ],
              [
                12.3687362,
                55.71257883
              ],
              [
                12.36683247,
                55.71233735
              ],
              [
                12.36745871,
                55.7097873
              ],
              [
                12.36810154,
                55.70789502
              ],
              [
                12.36851257,
                55.70581336
              ],
              [
                12.3699601,
                55.70367249
              ],
              [
                12.37087925,
                55.70269445
              ],
              [
                12.36548281,
                55.7046045
              ],
              [
                12.36388804,
                55.70476072
              ],
              [
                12.36288054,
                55.7051933
              ],
              [
                12.35169315,
                55.70848724
              ],
              [
                12.341327971293662,
                55.71132797129366
              ],
              [
                12.357577193631325,
                55.727577193631326
              ]
            ]
          ],
          [
            [
              [
                12.359172017065603,
                55.7291720170656
              ],
              [
                12.3595762,
                55.72896273
              ],
              [
                12.35900264,
                55.72848654
              ],
              [
                12.35882556,
                55.72847646
              ],
              [
                12.35940004,
                55.7282534
              ],
              [
                12.35982902,
                55.7279838
              ],
              [
                12.35979097,
                55.727897
              ],
              [
                12.35873952,
                55.72755688
              ],
              [
                12.35809598,
                55.72790311
              ],
              [
                12.357584741955831,
                55.72758474195583
              ],
              [
                12.359172017065603,
                55.7291720170656
              ]
            ]
          ]
        ]
      }
    },
    {
      "type": "Feature",
      "properties": {
        "name": "Pr\u00e6stebro",
        "code": "7136",
        "source": "Dataforsyningen sogne"
      },
      "geometry": {
        "type": "Polygon",
        "coordinates": [
          [
            [
              12.44843645,
              55.73720784
            ],
            [
              12.44885022,
              55.73657132
            ],
            [
              12.44864235,
              55.73588636
            ],
            [
              12.44880407,
              55.73503762
            ],
            [
              12.44920613,
              55.73431197
            ],
            [
              12.44997068,
              55.73358259
            ],
            [
              12.45091679,
              55.7322732
            ],
            [
              12.45140544,
              55.73066692
            ],
            [
              12.45204347,
              55.73025785
            ],
            [
              12.45292372,
              55.72999355
            ],
            [
              12.45307381,
              55.72971941
            ],
            [
              12.45308041,
              55.72933071
            ],
            [
              12.45350285,
              55.7278402
            ],
            [
              12.45311856,
              55.72684677
            ],
            [
              12.45305563,
              55.72608221
            ],
            [
              12.45367919,
              55.72529591
            ],
            [
              12.45333262,
              55.72343277
            ],
            [
              12.45598278,
              55.72028006
            ],
            [
              12.45626332,
              55.72012164
            ],
            [
              12.45750179,
              55.71879362
            ],
            [
              12.45817823,
              55.7178025
            ],
            [
              12.45872338,
              55.71665638
            ],
            [
              12.45870149,
              55.71623962
            ],
            [
              12.45798104,
              55.71464382
            ],
            [
              12.45724351,
              55.71407001
            ],
            [
              12.45495956,
              55.71337979
            ],
            [
              12.45304173,
              55.7122463
            ],
            [
              12.45255903,
              55.7148404
            ],
            [
              12.45241499,
              55.71497689
            ],
            [
              12.44649281,
              55.71490458
            ],
            [
              12.43528707,
              55.71309178
            ],
            [
              12.43815523,
              55.71578795
            ],
            [
              12.44007227,
              55.71834735
            ],
            [
              12.44124145,
              55.72198454
            ],
            [
              12.4415875,
              55.72248257
            ],
            [
              12.44163062,
              55.72288654
            ],
            [
              12.44154284,
              55.72296143
            ],
            [
              12.4417868,
              55.72374663
            ],
            [
              12.44138515,
              55.72411415
            ],
            [
              12.44230658,
              55.72707331
            ],
            [
              12.43791967,
              55.72842882
            ],
            [
              12.43784564,
              55.7287954
            ],
            [
              12.43749101,
              55.72902769
            ],
            [
              12.43701654,
              55.72969635
            ],
            [
              12.43434345,
              55.73447056
            ],
            [
              12.43298626,
              55.73638779
            ],
            [
              12.44695748,
              55.73732465
            ],
            [
              12.44816618,
              55.73735975
            ],
            [
              12.44843645,
              55.73720784
            ]
          ]
        ]
      }
    },
    {
      "type": "Feature",
      "properties": {
        "name": "Risbjerg",
        "code": "7143",
        "source": "Dataforsyningen sogne"
      },
      "geometry": {
        "type": "Polygon",
        "coordinates": [
          [
            [
              12.49138843,
              55.64600769
            ],
            [
              12.4934708,
              55.64569533
            ],
            [
              12.49430821,
              55.64540972
            ],
            [
              12.4972123,
              55.6433144
            ],
            [
              12.49720458,
              55.64304784
            ],
            [
              12.49768381,
              55.64280066
            ],
            [
              12.49866333,
              55.64258172
            ],
            [
              12.50030798,
              55.64169998
            ],
            [
              12.49876898,
              55.64051092
            ],
            [
              12.48598585,
              55.63881449
            ],
            [
              12.47991694,
              55.63770927
            ],
            [
              12.47942815,
              55.63753208
            ],
            [
              12.47774613,
              55.63737571
            ],
            [
              12.46698564,
              55.63479621
            ],
            [
              12.46475812,
              55.6390744
            ],
            [
              12.46091213,
              55.64508675
            ],
            [
              12.46171406,
              55.64521426
            ],
            [
              12.46048712,
              55.64703882
            ],
            [
              12.46234597,
              55.64724564
            ],
            [
              12.46261308,
              55.6468369
            ],
            [
              12.4722972,
              55.64809303
            ],
            [
              12.47126056,
              55.65074025
            ],
            [
              12.47454396,
              55.65116055
            ],
            [
              12.47449226,
              55.65126074
            ],
            [
              12.4754547,
              55.65138344
            ],
            [
              12.47534709,
              55.65158115
            ],
            [
              12.4760897,
              55.65179091
            ],
            [
              12.48202058,
              55.65239315
            ],
            [
              12.48517279,
              55.65252081
            ],
            [
              12.48713699,
              55.65141923
            ],
            [
              12.48757691,
              55.6510395
            ],
            [
              12.48815809,
              55.64997258
            ],
            [
              12.48863761,
              55.64936621
            ],
            [
              12.48853117,
              55.6491601
            ],
            [
              12.48922822,
              55.64862549
            ],
            [
              12.49013645,
              55.64750555
            ],
            [
              12.49047586,
              55.64647103
            ],
            [
              12.49138843,
              55.64600769
            ]
          ]
        ]
      }
    },
    {
      "type": "Feature",
      "properties": {
        "name": "Rosenv\u00e6ngets",
        "code": "7043",
        "source": "Dataforsyningen sogne"
      },
      "geometry": {
        "type": "Polygon",
        "coordinates": [
          [
            [
              12.58624628,
              55.70583757
            ],
            [
              12.58709851,
              55.70418936
            ],
            [
              12.58725409,
              55.7041894
            ],
            [
              12.58756721,
              55.70363102
            ],
            [
              12.58776062,
              55.70287688
            ],
            [
              12.58822892,
              55.70194296
            ],
            [
              12.58989537,
              55.69960713
            ],
            [
              12.5902033,
              55.69865469
            ],
            [
              12.58017655,
              55.6962863
            ],
            [
              12.57789764,
              55.69962671
            ],
            [
              12.57764111,
              55.69983363
            ],
            [
              12.5776594,
              55.70167354
            ],
            [
              12.58022895,
              55.70169864
            ],
            [
              12.58013495,
              55.70212221
            ],
            [
              12.5776593,
              55.70194581
            ],
            [
              12.57766107,
              55.70212002
            ],
            [
              12.58006591,
              55.70234946
            ],
            [
              12.58002565,
              55.70248884
            ],
            [
              12.58028146,
              55.70264808
            ],
            [
              12.58003736,
              55.70346231
            ],
            [
              12.5803878,
              55.70351403
            ],
            [
              12.58033624,
              55.70367964
            ],
            [
              12.58108535,
              55.70377242
            ],
            [
              12.58067157,
              55.70524476
            ],
            [
              12.58624628,
              55.70583757
            ]
          ]
        ]
      }
    },
    {
      "type": "Feature",
      "properties": {
        "name": "R\u00f8dovre",
        "code": "7137",
        "source": "Dataforsyningen sogne"
      },
      "geometry": {
        "type": "Polygon",
        "coordinates": [
          [
            [
              12.46716016,
              55.68583214
            ],
            [
              12.46749398,
              55.68452326
            ],
            [
              12.46751861,
              55.68387239
            ],
            [
              12.46792336,
              55.68280572
            ],
            [
              12.46781219,
              55.68234481
            ],
            [
              12.46929017,
              55.6813412
            ],
            [
              12.46940255,
              55.68119605
            ],
            [
              12.469423,
              55.68022376
            ],
            [
              12.4703974,
              55.67879497
            ],
            [
              12.4720019,
              55.67762679
            ],
            [
              12.47216401,
              55.67687447
            ],
            [
              12.47273099,
              55.67606933
            ],
            [
              12.47303103,
              55.67448463
            ],
            [
              12.47361062,
              55.67396388
            ],
            [
              12.47430415,
              55.67263832
            ],
            [
              12.47451668,
              55.67256621
            ],
            [
              12.44441542,
              55.66994426
            ],
            [
              12.44425774,
              55.67021178
            ],
            [
              12.44298681,
              55.67009839
            ],
            [
              12.4426589,
              55.67152985
            ],
            [
              12.43399804,
              55.67100476
            ],
            [
              12.43396583,
              55.67090766
            ],
            [
              12.43156333,
              55.67044641
            ],
            [
              12.42465442,
              55.66951853
            ],
            [
              12.42427917,
              55.67039973
            ],
            [
              12.42299168,
              55.67171262
            ],
            [
              12.42332644,
              55.67325984
            ],
            [
              12.4240604,
              55.6747194
            ],
            [
              12.42710569,
              55.67901263
            ],
            [
              12.4283967,
              55.68111342
            ],
            [
              12.42853544,
              55.6811767
            ],
            [
              12.42861552,
              55.68151685
            ],
            [
              12.4339029,
              55.68099281
            ],
            [
              12.43406701,
              55.68093894
            ],
            [
              12.43404848,
              55.68080198
            ],
            [
              12.44318493,
              55.68087641
            ],
            [
              12.44370357,
              55.68086023
            ],
            [
              12.4441289,
              55.68070244
            ],
            [
              12.44412593,
              55.6805637
            ],
            [
              12.44786833,
              55.68059656
            ],
            [
              12.44773859,
              55.68095204
            ],
            [
              12.44793823,
              55.68096027
            ],
            [
              12.4479799,
              55.68087503
            ],
            [
              12.45315638,
              55.68043401
            ],
            [
              12.45334883,
              55.68031018
            ],
            [
              12.45072379,
              55.68565813
            ],
            [
              12.46473779,
              55.68580349
            ],
            [
              12.46477298,
              55.68565809
            ],
            [
              12.46716016,
              55.68583214
            ]
          ]
        ]
      }
    },
    {
      "type": "Feature",
      "properties": {
        "name": "Sankt Jakobs",
        "code": "7044",
        "source": "Dataforsyningen sogne"
      },
      "geometry": {
        "type": "Polygon",
        "coordinates": [
          [
            [
              12.57310289,
              55.71206872
            ],
            [
              12.5734301,
              55.7113194
            ],
            [
              12.57371871,
              55.7113601
            ],
            [
              12.57382375,
              55.71117169
            ],
            [
              12.57529749,
              55.71143788
            ],
            [
              12.57521095,
              55.71159578
            ],
            [
              12.5755009,
              55.71164199
            ],
            [
              12.57558721,
              55.71148158
            ],
            [
              12.57731981,
              55.71173301
            ],
            [
              12.57732665,
              55.71152924
            ],
            [
              12.5746386,
              55.71115576
            ],
            [
              12.57422996,
              55.71098939
            ],
            [
              12.57487359,
              55.71072568
            ],
            [
              12.57712695,
              55.71098288
            ],
            [
              12.57712923,
              55.71081287
            ],
            [
              12.57735256,
              55.71080977
            ],
            [
              12.57737377,
              55.71008595
            ],
            [
              12.57720721,
              55.71006014
            ],
            [
              12.5772548,
              55.70930776
            ],
            [
              12.57780229,
              55.70935078
            ],
            [
              12.57768278,
              55.70899837
            ],
            [
              12.57767835,
              55.706875
            ],
            [
              12.57803202,
              55.70687646
            ],
            [
              12.57803231,
              55.70670741
            ],
            [
              12.57767545,
              55.70669012
            ],
            [
              12.5776699,
              55.70491306
            ],
            [
              12.58063598,
              55.70525785
            ],
            [
              12.58108535,
              55.70377242
            ],
            [
              12.58033624,
              55.70367964
            ],
            [
              12.5803878,
              55.70351403
            ],
            [
              12.58003736,
              55.70346231
            ],
            [
              12.58028146,
              55.70264808
            ],
            [
              12.58002565,
              55.70248884
            ],
            [
              12.58000118,
              55.70229803
            ],
            [
              12.57766107,
              55.70212002
            ],
            [
              12.5776593,
              55.70194581
            ],
            [
              12.58010293,
              55.70213576
            ],
            [
              12.58025561,
              55.70171625
            ],
            [
              12.5776594,
              55.70167354
            ],
            [
              12.57764111,
              55.69983363
            ],
            [
              12.57664232,
              55.69939492
            ],
            [
              12.56462761,
              55.70581384
            ],
            [
              12.56317451,
              55.70567415
            ],
            [
              12.56336091,
              55.70631821
            ],
            [
              12.56330674,
              55.70668152
            ],
            [
              12.56783221,
              55.7074978
            ],
            [
              12.56620517,
              55.71026961
            ],
            [
              12.56639985,
              55.71063171
            ],
            [
              12.57203299,
              55.71190983
            ],
            [
              12.57310289,
              55.71206872
            ]
          ]
        ]
      }
    },
    {
      "type": "Feature",
      "properties": {
        "name": "Sankt Lukas",
        "code": "7102",
        "source": "Dataforsyningen sogne"
      },
      "geometry": {
        "type": "Polygon",
        "coordinates": [
          [
            [
              12.53770724,
              55.68479157
            ],
            [
              12.53850757,
              55.68444047
            ],
            [
              12.53802326,
              55.68401079
            ],
            [
              12.53812058,
              55.68398703
            ],
            [
              12.53788706,
              55.68368554
            ],
            [
              12.53852593,
              55.68352207
            ],
            [
              12.53770456,
              55.6828267
            ],
            [
              12.53867848,
              55.6825195
            ],
            [
              12.53900303,
              55.68255348
            ],
            [
              12.53831207,
              55.68194679
            ],
            [
              12.53759645,
              55.68172727
            ],
            [
              12.53766383,
              55.6815712
            ],
            [
              12.53819522,
              55.68141992
            ],
            [
              12.5345547,
              55.68116137
            ],
            [
              12.5339196,
              55.68115477
            ],
            [
              12.53397817,
              55.68129416
            ],
            [
              12.53082378,
              55.68126922
            ],
            [
              12.53080315,
              55.68210621
            ],
            [
              12.53175625,
              55.68229825
            ],
            [
              12.53110271,
              55.68244017
            ],
            [
              12.53091979,
              55.68220842
            ],
            [
              12.52863476,
              55.68202305
            ],
            [
              12.52904917,
              55.68261788
            ],
            [
              12.5295208,
              55.68251808
            ],
            [
              12.52990729,
              55.68323015
            ],
            [
              12.52907782,
              55.6834281
            ],
            [
              12.53175433,
              55.68681535
            ],
            [
              12.5319865,
              55.6869135
            ],
            [
              12.53858711,
              55.68540478
            ],
            [
              12.53770724,
              55.68479157
            ]
          ]
        ]
      }
    },
    {
      "type": "Feature",
      "properties": {
        "name": "Sankt Markus",
        "code": "7109",
        "source": "Dataforsyningen sogne"
      },
      "geometry": {
        "type": "Polygon",
        "coordinates": [
          [
            [
              12.55013394,
              55.68248009
            ],
            [
              12.55184847,
              55.68197519
            ],
            [
              12.55199035,
              55.68203213
            ],
            [
              12.55418746,
              55.68149847
            ],
            [
              12.55734109,
              55.68174889
            ],
            [
              12.55517709,
              55.67354511
            ],
            [
              12.55406654,
              55.6734721
            ],
            [
              12.54150181,
              55.67636646
            ],
            [
              12.54162497,
              55.67700329
            ],
            [
              12.54306815,
              55.68031675
            ],
            [
              12.54393004,
              55.68135907
            ],
            [
              12.54646212,
              55.68075409
            ],
            [
              12.54743865,
              55.68228753
            ],
            [
              12.54946821,
              55.68184989
            ],
            [
              12.54975771,
              55.68227302
            ],
            [
              12.54996755,
              55.68225633
            ],
            [
              12.55013394,
              55.68248009
            ]
          ]
        ]
      }
    },
    {
      "type": "Feature",
      "properties": {
        "name": "Sankt Pauls",
        "code": "7039",
        "source": "Dataforsyningen sogne"
      },
      "geometry": {
        "type": "Polygon",
        "coordinates": [
          [
            [
              12.5887485,
              55.69123809
            ],
            [
              12.59302345,
              55.68773927
            ],
            [
              12.59015674,
              55.68732103
            ],
            [
              12.5885239,
              55.68774747
            ],
            [
              12.58705422,
              55.68600343
            ],
            [
              12.58559528,
              55.68639579
            ],
            [
              12.58508488,
              55.68574649
            ],
            [
              12.57898602,
              55.68740523
            ],
            [
              12.57898029,
              55.68752876
            ],
            [
              12.57867552,
              55.68771381
            ],
            [
              12.5822973,
              55.68951145
            ],
            [
              12.58449236,
              55.6902028
            ],
            [
              12.58470974,
              55.69033591
            ],
            [
              12.58456456,
              55.69041236
            ],
            [
              12.58746229,
              55.69222976
            ],
            [
              12.58832657,
              55.691777
            ],
            [
              12.5887485,
              55.69123809
            ]
          ]
        ]
      }
    },
    {
      "type": "Feature",
      "properties": {
        "name": "Sankt Stefans",
        "code": "7051",
        "source": "Dataforsyningen sogne"
      },
      "geometry": {
        "type": "Polygon",
        "coordinates": [
          [
            [
              12.53802043,
              55.70128249
            ],
            [
              12.54401148,
              55.70061688
            ],
            [
              12.54567061,
              55.70017636
            ],
            [
              12.54598368,
              55.70033311
            ],
            [
              12.54625089,
              55.70024392
            ],
            [
              12.54598795,
              55.70006935
            ],
            [
              12.54690322,
              55.6997628
            ],
            [
              12.54578789,
              55.69872648
            ],
            [
              12.54769556,
              55.69748819
            ],
            [
              12.54579223,
              55.69650127
            ],
            [
              12.54857861,
              55.69463143
            ],
            [
              12.54829427,
              55.69443123
            ],
            [
              12.54841363,
              55.69412709
            ],
            [
              12.54727638,
              55.69315481
            ],
            [
              12.54655977,
              55.69361358
            ],
            [
              12.54686626,
              55.69378995
            ],
            [
              12.5466627,
              55.69391436
            ],
            [
              12.54631982,
              55.69376739
            ],
            [
              12.54573768,
              55.69414271
            ],
            [
              12.54562227,
              55.69408832
            ],
            [
              12.54379364,
              55.69526477
            ],
            [
              12.54161416,
              55.69307846
            ],
            [
              12.54131394,
              55.6931454
            ],
            [
              12.53961686,
              55.69144092
            ],
            [
              12.53763737,
              55.6902749
            ],
            [
              12.53690836,
              55.6906769
            ],
            [
              12.53567867,
              55.69204214
            ],
            [
              12.53552535,
              55.69240829
            ],
            [
              12.53586559,
              55.69313472
            ],
            [
              12.53574621,
              55.69380606
            ],
            [
              12.53476384,
              55.69444239
            ],
            [
              12.53552693,
              55.69506321
            ],
            [
              12.5357972,
              55.69569679
            ],
            [
              12.53609798,
              55.69594393
            ],
            [
              12.53657508,
              55.69612322
            ],
            [
              12.53684869,
              55.69644308
            ],
            [
              12.53749226,
              55.69664985
            ],
            [
              12.53826911,
              55.69711371
            ],
            [
              12.53834667,
              55.69905915
            ],
            [
              12.53805704,
              55.69959235
            ],
            [
              12.53758133,
              55.69962442
            ],
            [
              12.53802043,
              55.70128249
            ]
          ]
        ]
      }
    },
    {
      "type": "Feature",
      "properties": {
        "name": "Sankt Thomas",
        "code": "7106",
        "source": "Dataforsyningen sogne"
      },
      "geometry": {
        "type": "Polygon",
        "coordinates": [
          [
            [
              12.53727324,
              55.68753558
            ],
            [
              12.5400561,
              55.68670798
            ],
            [
              12.5407423,
              55.68731543
            ],
            [
              12.54062262,
              55.6873419
            ],
            [
              12.54084334,
              55.68756491
            ],
            [
              12.54118106,
              55.68770874
            ],
            [
              12.54228021,
              55.68711348
            ],
            [
              12.54477005,
              55.68626978
            ],
            [
              12.54669407,
              55.68530249
            ],
            [
              12.55333349,
              55.68485933
            ],
            [
              12.55470858,
              55.68435757
            ],
            [
              12.55526752,
              55.68385276
            ],
            [
              12.55369246,
              55.68161353
            ],
            [
              12.55199035,
              55.68203213
            ],
            [
              12.55184847,
              55.68197519
            ],
            [
              12.55013394,
              55.68248009
            ],
            [
              12.54996755,
              55.68225633
            ],
            [
              12.54975771,
              55.68227302
            ],
            [
              12.54946821,
              55.68184989
            ],
            [
              12.54743865,
              55.68228753
            ],
            [
              12.54646212,
              55.68075409
            ],
            [
              12.54128644,
              55.68204624
            ],
            [
              12.53908523,
              55.68152111
            ],
            [
              12.538461,
              55.68144993
            ],
            [
              12.53766383,
              55.6815712
            ],
            [
              12.53759645,
              55.68172727
            ],
            [
              12.53831207,
              55.68194679
            ],
            [
              12.53900303,
              55.68255348
            ],
            [
              12.53867848,
              55.6825195
            ],
            [
              12.53770456,
              55.6828267
            ],
            [
              12.53852593,
              55.68352207
            ],
            [
              12.53788706,
              55.68368554
            ],
            [
              12.53812058,
              55.68398703
            ],
            [
              12.53802326,
              55.68401079
            ],
            [
              12.53850757,
              55.68444047
            ],
            [
              12.53770724,
              55.68479157
            ],
            [
              12.53858711,
              55.68540478
            ],
            [
              12.53224328,
              55.68685413
            ],
            [
              12.5333906,
              55.68840964
            ],
            [
              12.53727324,
              55.68753558
            ]
          ]
        ]
      }
    },
    {
      "type": "Feature",
      "properties": {
        "name": "Simeon-Sankt Johannes",
        "code": "9169",
        "source": "Dataforsyningen sogne"
      },
      "geometry": {
        "type": "Polygon",
        "coordinates": [
          [
            [
              12.5632039,
              55.70565235
            ],
            [
              12.56462761,
              55.70581384
            ],
            [
              12.57664232,
              55.69939492
            ],
            [
              12.56630041,
              55.69388838
            ],
            [
              12.56953721,
              55.69208938
            ],
            [
              12.56647807,
              55.69008617
            ],
            [
              12.56309468,
              55.68753375
            ],
            [
              12.56316759,
              55.68734326
            ],
            [
              12.56304831,
              55.68715196
            ],
            [
              12.55590803,
              55.68981152
            ],
            [
              12.54932437,
              55.69418481
            ],
            [
              12.54929564,
              55.69450683
            ],
            [
              12.55427372,
              55.69892425
            ],
            [
              12.56034133,
              55.69658729
            ],
            [
              12.56136061,
              55.6969777
            ],
            [
              12.56238611,
              55.70591034
            ],
            [
              12.5633094,
              55.70627727
            ],
            [
              12.5632039,
              55.70565235
            ]
          ]
        ]
      }
    },
    {
      "type": "Feature",
      "properties": {
        "name": "Simon Peters",
        "code": "7089",
        "source": "Dataforsyningen sogne"
      },
      "geometry": {
        "type": "MultiPolygon",
        "coordinates": [
          [
            [
              [
                12.6329712,
                55.65403747
              ],
              [
                12.63504686,
                55.65059384
              ],
              [
                12.63495973,
                55.65059058
              ],
              [
                12.63565675,
                55.64942864
              ],
              [
                12.63554421,
                55.64934512
              ],
              [
                12.63618003,
                55.64869106
              ],
              [
                12.63830209,
                55.64496004
              ],
              [
                12.63432724,
                55.64440483
              ],
              [
                12.63396092,
                55.6451356
              ],
              [
                12.62836988,
                55.64429693
              ],
              [
                12.62597139,
                55.6437882
              ],
              [
                12.62729671,
                55.64141106
              ],
              [
                12.62386835,
                55.64072353
              ],
              [
                12.6210502,
                55.64000232
              ],
              [
                12.62091797,
                55.63964295
              ],
              [
                12.61942859,
                55.63933922
              ],
              [
                12.61890375,
                55.6399794
              ],
              [
                12.61872069,
                55.63994407
              ],
              [
                12.61855138,
                55.64014563
              ],
              [
                12.61838345,
                55.64011759
              ],
              [
                12.61811928,
                55.64059028
              ],
              [
                12.61738777,
                55.64046935
              ],
              [
                12.61499202,
                55.64531864
              ],
              [
                12.61217326,
                55.65157842
              ],
              [
                12.61333763,
                55.65176602
              ],
              [
                12.61357183,
                55.65130682
              ],
              [
                12.61373793,
                55.65132315
              ],
              [
                12.61634503,
                55.65168695
              ],
              [
                12.61638361,
                55.65189991
              ],
              [
                12.6198309,
                55.65238568
              ],
              [
                12.62010752,
                55.65254297
              ],
              [
                12.62049058,
                55.65203467
              ],
              [
                12.6297794,
                55.65363171
              ],
              [
                12.63031945,
                55.65364674
              ],
              [
                12.63041469,
                55.65346975
              ],
              [
                12.6313771,
                55.65351182
              ],
              [
                12.63155661,
                55.6533192
              ],
              [
                12.6324529,
                55.6533359
              ],
              [
                12.632162,
                55.65393107
              ],
              [
                12.63199675,
                55.65402355
              ],
              [
                12.63232802,
                55.65402866
              ],
              [
                12.63262629,
                55.65336556
              ],
              [
                12.63305174,
                55.65334701
              ],
              [
                12.6327057,
                55.65403338
              ],
              [
                12.6329712,
                55.65403747
              ]
            ]
          ],
          [
            [
              [
                12.64892079,
                55.64788608
              ],
              [
                12.6483576,
                55.64794125
              ],
              [
                12.64826073,
                55.64795114
              ],
              [
                12.64830411,
                55.64809085
              ],
              [
                12.64896275,
                55.64802592
              ],
              [
                12.64892079,
                55.64788608
              ]
            ]
          ],
          [
            [
              [
                12.63944439,
                55.65327543
              ],
              [
                12.64058301,
                55.65104252
              ],
              [
                12.64211188,
                55.6511416
              ],
              [
                12.64229399,
                55.65078253
              ],
              [
                12.64318843,
                55.6501265
              ],
              [
                12.64653781,
                55.64802643
              ],
              [
                12.64847309,
                55.64787001
              ],
              [
                12.64841744,
                55.64762915
              ],
              [
                12.64988315,
                55.64745926
              ],
              [
                12.65073863,
                55.64765381
              ],
              [
                12.65020175,
                55.64739887
              ],
              [
                12.6486767,
                55.64752404
              ],
              [
                12.64820406,
                55.6469699
              ],
              [
                12.64794453,
                55.64632049
              ],
              [
                12.63858941,
                55.64499261
              ],
              [
                12.63807892,
                55.64605713
              ],
              [
                12.63615046,
                55.64915385
              ],
              [
                12.63603092,
                55.64948678
              ],
              [
                12.63615713,
                55.6497519
              ],
              [
                12.63597881,
                55.64981644
              ],
              [
                12.636156,
                55.65011854
              ],
              [
                12.63606044,
                55.65029177
              ],
              [
                12.63570162,
                55.6502276
              ],
              [
                12.63550617,
                55.65056179
              ],
              [
                12.63521967,
                55.65060023
              ],
              [
                12.63314803,
                55.65403906
              ],
              [
                12.63335823,
                55.65404191
              ],
              [
                12.63380743,
                55.65335842
              ],
              [
                12.63483663,
                55.65339355
              ],
              [
                12.63443884,
                55.65405502
              ],
              [
                12.63464678,
                55.65405757
              ],
              [
                12.63507541,
                55.65338233
              ],
              [
                12.63613128,
                55.65341521
              ],
              [
                12.6357521,
                55.65407128
              ],
              [
                12.63595811,
                55.65407353
              ],
              [
                12.63637596,
                55.6534058
              ],
              [
                12.637417,
                55.65344504
              ],
              [
                12.63705806,
                55.65408766
              ],
              [
                12.63726581,
                55.65408985
              ],
              [
                12.63765795,
                55.653428
              ],
              [
                12.63868765,
                55.65344617
              ],
              [
                12.63838404,
                55.65410208
              ],
              [
                12.63854956,
                55.65410337
              ],
              [
                12.63891582,
                55.65339435
              ],
              [
                12.63944439,
                55.65327543
              ]
            ]
          ],
          [
            [
              [
                12.64025506,
                55.66235032
              ],
              [
                12.64173662,
                55.66050539
              ],
              [
                12.64338384,
                55.65910745
              ],
              [
                12.64650457,
                55.65678309
              ],
              [
                12.64987158,
                55.65479985
              ],
              [
                12.6504868,
                55.6546381
              ],
              [
                12.65205374,
                55.65460797
              ],
              [
                12.65038861,
                55.65449751
              ],
              [
                12.64929177,
                55.65390747
              ],
              [
                12.64884383,
                55.65337364
              ],
              [
                12.64805398,
                55.65193279
              ],
              [
                12.64816715,
                55.65128478
              ],
              [
                12.64795539,
                55.65116078
              ],
              [
                12.64790434,
                55.65096259
              ],
              [
                12.6481673,
                55.65050237
              ],
              [
                12.64809214,
                55.65033214
              ],
              [
                12.64820747,
                55.64982866
              ],
              [
                12.64886792,
                55.64868121
              ],
              [
                12.64923681,
                55.64840928
              ],
              [
                12.65052171,
                55.64821859
              ],
              [
                12.65082098,
                55.64788911
              ],
              [
                12.65035682,
                55.64819824
              ],
              [
                12.64962023,
                55.64830551
              ],
              [
                12.64863229,
                55.64839634
              ],
              [
                12.64855217,
                55.64813013
              ],
              [
                12.6471128,
                55.64830489
              ],
              [
                12.64285176,
                55.65089787
              ],
              [
                12.64287147,
                55.65118512
              ],
              [
                12.64307316,
                55.65140626
              ],
              [
                12.64582176,
                55.65293043
              ],
              [
                12.64646689,
                55.6536012
              ],
              [
                12.64663732,
                55.65435416
              ],
              [
                12.64625318,
                55.65448689
              ],
              [
                12.64614617,
                55.65482215
              ],
              [
                12.64589116,
                55.65507441
              ],
              [
                12.64219494,
                55.65750848
              ],
              [
                12.6404056,
                55.65770379
              ],
              [
                12.63996883,
                55.65806835
              ],
              [
                12.63960913,
                55.65805727
              ],
              [
                12.63966561,
                55.65864808
              ],
              [
                12.64007314,
                55.65898559
              ],
              [
                12.63961739,
                55.65964592
              ],
              [
                12.63870461,
                55.66044472
              ],
              [
                12.63774089,
                55.66152449
              ],
              [
                12.63736934,
                55.66209186
              ],
              [
                12.63731489,
                55.66240999
              ],
              [
                12.63720389,
                55.66244296
              ],
              [
                12.63728167,
                55.66228698
              ],
              [
                12.63719715,
                55.66225549
              ],
              [
                12.63693641,
                55.6627916
              ],
              [
                12.63921536,
                55.66501442
              ],
              [
                12.63939717,
                55.66526925
              ],
              [
                12.63938083,
                55.6654735
              ],
              [
                12.63953181,
                55.66551469
              ],
              [
                12.63963256,
                55.66536801
              ],
              [
                12.63957721,
                55.66514386
              ],
              [
                12.63884954,
                55.66434054
              ],
              [
                12.63961119,
                55.6634483
              ],
              [
                12.64025506,
                55.66235032
              ]
            ]
          ]
        ]
      }
    },
    {
      "type": "Feature",
      "properties": {
        "name": "Sions",
        "code": "7056",
        "source": "Dataforsyningen sogne"
      },
      "geometry": {
        "type": "MultiPolygon",
        "coordinates": [
          [
            [
              [
                12.56785501,
                55.73062478
              ],
              [
                12.56805426,
                55.73062905
              ],
              [
                12.56819573,
                55.73008085
              ],
              [
                12.57651815,
                55.72894945
              ],
              [
                12.57607263,
                55.72761574
              ],
              [
                12.57704323,
                55.72562365
              ],
              [
                12.57796899,
                55.72294283
              ],
              [
                12.57774261,
                55.72223449
              ],
              [
                12.57804697,
                55.72208562
              ],
              [
                12.58049455,
                55.7221142
              ],
              [
                12.58312976,
                55.72184161
              ],
              [
                12.58333166,
                55.72074573
              ],
              [
                12.58400827,
                55.72014491
              ],
              [
                12.58412169,
                55.71981475
              ],
              [
                12.58544721,
                55.71993409
              ],
              [
                12.58348797,
                55.71958005
              ],
              [
                12.58394967,
                55.71748865
              ],
              [
                12.58414905,
                55.7173368
              ],
              [
                12.58444081,
                55.71724411
              ],
              [
                12.58680347,
                55.71755685
              ],
              [
                12.58799533,
                55.7182756
              ],
              [
                12.59099783,
                55.71869418
              ],
              [
                12.59181046,
                55.71866859
              ],
              [
                12.59262759,
                55.71841303
              ],
              [
                12.5923172,
                55.71779683
              ],
              [
                12.5922151,
                55.71784199
              ],
              [
                12.59240989,
                55.71811549
              ],
              [
                12.59133741,
                55.71836251
              ],
              [
                12.59109953,
                55.71800998
              ],
              [
                12.59175927,
                55.71780463
              ],
              [
                12.59204424,
                55.71754622
              ],
              [
                12.59145347,
                55.71786061
              ],
              [
                12.59071612,
                55.71790089
              ],
              [
                12.58406101,
                55.71694131
              ],
              [
                12.58440904,
                55.71584655
              ],
              [
                12.58474239,
                55.71572108
              ],
              [
                12.58557924,
                55.71606098
              ],
              [
                12.58702841,
                55.71455717
              ],
              [
                12.58686036,
                55.7143488
              ],
              [
                12.58798365,
                55.71412362
              ],
              [
                12.58826501,
                55.71460679
              ],
              [
                12.58852981,
                55.71469787
              ],
              [
                12.58883817,
                55.71463876
              ],
              [
                12.58941168,
                55.71480802
              ],
              [
                12.58983537,
                55.71470733
              ],
              [
                12.5897518,
                55.71459351
              ],
              [
                12.58985414,
                55.71448333
              ],
              [
                12.58834887,
                55.71239154
              ],
              [
                12.59015654,
                55.71061618
              ],
              [
                12.59071843,
                55.70947495
              ],
              [
                12.59001345,
                55.70931781
              ],
              [
                12.5892457,
                55.71022229
              ],
              [
                12.58906305,
                55.71001264
              ],
              [
                12.58828361,
                55.70972972
              ],
              [
                12.58817938,
                55.70998759
              ],
              [
                12.58792292,
                55.70998709
              ],
              [
                12.58796128,
                55.70982016
              ],
              [
                12.58726802,
                55.70974395
              ],
              [
                12.58684504,
                55.70953584
              ],
              [
                12.58518928,
                55.70913367
              ],
              [
                12.58456812,
                55.70935728
              ],
              [
                12.58300229,
                55.70935582
              ],
              [
                12.58300405,
                55.70966698
              ],
              [
                12.58161636,
                55.70966479
              ],
              [
                12.58162159,
                55.70935325
              ],
              [
                12.58131519,
                55.70935518
              ],
              [
                12.58131821,
                55.70966468
              ],
              [
                12.5797271,
                55.70966545
              ],
              [
                12.5797694,
                55.70935337
              ],
              [
                12.5794066,
                55.70935334
              ],
              [
                12.57936772,
                55.7096646
              ],
              [
                12.57779491,
                55.70966346
              ],
              [
                12.57780229,
                55.70935078
              ],
              [
                12.5772548,
                55.70930776
              ],
              [
                12.57720721,
                55.71006014
              ],
              [
                12.57737377,
                55.71008595
              ],
              [
                12.57735256,
                55.71080977
              ],
              [
                12.57712923,
                55.71081287
              ],
              [
                12.57712695,
                55.71098288
              ],
              [
                12.57487359,
                55.71072568
              ],
              [
                12.57422996,
                55.71107432
              ],
              [
                12.57732665,
                55.71152924
              ],
              [
                12.57731981,
                55.71173301
              ],
              [
                12.57558721,
                55.71148158
              ],
              [
                12.5755009,
                55.71164199
              ],
              [
                12.57521095,
                55.71159578
              ],
              [
                12.57529749,
                55.71143788
              ],
              [
                12.57382375,
                55.71117169
              ],
              [
                12.57371871,
                55.7113601
              ],
              [
                12.5734301,
                55.7113194
              ],
              [
                12.57310289,
                55.71206872
              ],
              [
                12.5702315,
                55.71151793
              ],
              [
                12.57017197,
                55.71173654
              ],
              [
                12.57310865,
                55.712262
              ],
              [
                12.57274498,
                55.71304923
              ],
              [
                12.57333257,
                55.71312812
              ],
              [
                12.57333484,
                55.71327147
              ],
              [
                12.57300076,
                55.7144593
              ],
              [
                12.57275556,
                55.71443758
              ],
              [
                12.57250667,
                55.71560882
              ],
              [
                12.5757053,
                55.71589202
              ],
              [
                12.57576264,
                55.71568821
              ],
              [
                12.57603368,
                55.71571358
              ],
              [
                12.57598984,
                55.71586997
              ],
              [
                12.57614166,
                55.71593109
              ],
              [
                12.57695329,
                55.71565494
              ],
              [
                12.57699899,
                55.71587067
              ],
              [
                12.57432978,
                55.71666116
              ],
              [
                12.57247529,
                55.71679493
              ],
              [
                12.57073173,
                55.71662791
              ],
              [
                12.56504175,
                55.71488462
              ],
              [
                12.56465014,
                55.71551949
              ],
              [
                12.56441797,
                55.71547471
              ],
              [
                12.56387284,
                55.71589347
              ],
              [
                12.56273809,
                55.7156698
              ],
              [
                12.56325813,
                55.71524656
              ],
              [
                12.56005339,
                55.71458232
              ],
              [
                12.55994336,
                55.71479961
              ],
              [
                12.55939503,
                55.71471121
              ],
              [
                12.55903007,
                55.71544734
              ],
              [
                12.56147916,
                55.71713455
              ],
              [
                12.55848138,
                55.71687291
              ],
              [
                12.55799832,
                55.71737407
              ],
              [
                12.55876424,
                55.7175262
              ],
              [
                12.56350202,
                55.7218207
              ],
              [
                12.56312413,
                55.72195873
              ],
              [
                12.56339287,
                55.72189211
              ],
              [
                12.56370919,
                55.72490882
              ],
              [
                12.56305152,
                55.72493161
              ],
              [
                12.56308624,
                55.72525133
              ],
              [
                12.56169982,
                55.72533546
              ],
              [
                12.56363557,
                55.73153731
              ],
              [
                12.56608019,
                55.73129149
              ],
              [
                12.56581911,
                55.73214978
              ],
              [
                12.56579133,
                55.73271149
              ],
              [
                12.56706226,
                55.73247143
              ],
              [
                12.5672261,
                55.73185739
              ],
              [
                12.56773559,
                55.73179501
              ],
              [
                12.56766604,
                55.73127588
              ],
              [
                12.56785501,
                55.73062478
              ]
            ]
          ],
          [
            [
              [
                12.58872284,
                55.71873017
              ],
              [
                12.5874492,
                55.71858219
              ],
              [
                12.58801141,
                55.71871978
              ],
              [
                12.58872284,
                55.71873017
              ]
            ]
          ]
        ]
      }
    },
    {
      "type": "Feature",
      "properties": {
        "name": "Skelg\u00e5rd",
        "code": "9140",
        "source": "Dataforsyningen sogne"
      },
      "geometry": {
        "type": "Polygon",
        "coordinates": [
          [
            [
              12.60424188,
              55.62340502
            ],
            [
              12.60480565,
              55.62042307
            ],
            [
              12.60513243,
              55.61960939
            ],
            [
              12.60572822,
              55.61864033
            ],
            [
              12.60543252,
              55.61851937
            ],
            [
              12.60864466,
              55.61581173
            ],
            [
              12.60874765,
              55.61583972
            ],
            [
              12.61053069,
              55.61438821
            ],
            [
              12.61245197,
              55.61240504
            ],
            [
              12.61113536,
              55.61199165
            ],
            [
              12.61000308,
              55.61136078
            ],
            [
              12.60810221,
              55.60925889
            ],
            [
              12.60700994,
              55.60959786
            ],
            [
              12.6066489,
              55.60930609
            ],
            [
              12.6064557,
              55.60908797
            ],
            [
              12.60648542,
              55.60894808
            ],
            [
              12.60714089,
              55.60821554
            ],
            [
              12.60730395,
              55.60782408
            ],
            [
              12.60603609,
              55.60666954
            ],
            [
              12.60464883,
              55.60706815
            ],
            [
              12.60433259,
              55.60699817
            ],
            [
              12.60590328,
              55.60661507
            ],
            [
              12.6045022,
              55.60680036
            ],
            [
              12.60426544,
              55.6058844
            ],
            [
              12.603034,
              55.60595938
            ],
            [
              12.60127194,
              55.60587074
            ],
            [
              12.60033358,
              55.6056274
            ],
            [
              12.60033043,
              55.60528822
            ],
            [
              12.59935027,
              55.60365496
            ],
            [
              12.59724569,
              55.60113043
            ],
            [
              12.59621897,
              55.60008559
            ],
            [
              12.59426554,
              55.59745218
            ],
            [
              12.5942192,
              55.59716454
            ],
            [
              12.59706531,
              55.59597516
            ],
            [
              12.5970898,
              55.59579523
            ],
            [
              12.58996274,
              55.59460232
            ],
            [
              12.59272227,
              55.58927838
            ],
            [
              12.58947114,
              55.58872665
            ],
            [
              12.59074066,
              55.58533958
            ],
            [
              12.59148031,
              55.58544198
            ],
            [
              12.59159875,
              55.58516254
            ],
            [
              12.59083146,
              55.58504765
            ],
            [
              12.59154659,
              55.58336074
            ],
            [
              12.5905894,
              55.58321032
            ],
            [
              12.5910213,
              55.58204956
            ],
            [
              12.58578601,
              55.58109374
            ],
            [
              12.58635514,
              55.57966821
            ],
            [
              12.56385591,
              55.57572981
            ],
            [
              12.5636287,
              55.57587067
            ],
            [
              12.55823838,
              55.57491047
            ],
            [
              12.55578425,
              55.57455132
            ],
            [
              12.55564656,
              55.57461709
            ],
            [
              12.55527755,
              55.57445912
            ],
            [
              12.54514787,
              55.57273875
            ],
            [
              12.5418091,
              55.5724837
            ],
            [
              12.53835787,
              55.57265542
            ],
            [
              12.53547533,
              55.57314574
            ],
            [
              12.53268806,
              55.5739904
            ],
            [
              12.53030544,
              55.57510773
            ],
            [
              12.52898129,
              55.5759967
            ],
            [
              12.52788068,
              55.57694359
            ],
            [
              12.5157742,
              55.58920926
            ],
            [
              12.51349937,
              55.59202805
            ],
            [
              12.51211779,
              55.5945402
            ],
            [
              12.51151313,
              55.59619024
            ],
            [
              12.50890026,
              55.6069363
            ],
            [
              12.50884669,
              55.60785633
            ],
            [
              12.50895617,
              55.60869544
            ],
            [
              12.509234,
              55.60959105
            ],
            [
              12.5096843,
              55.61047714
            ],
            [
              12.51073816,
              55.61180576
            ],
            [
              12.51302413,
              55.61377737
            ],
            [
              12.51352292,
              55.61377853
            ],
            [
              12.51300282,
              55.61336715
            ],
            [
              12.51617266,
              55.61347159
            ],
            [
              12.51598131,
              55.61288392
            ],
            [
              12.51608563,
              55.61287453
            ],
            [
              12.51634255,
              55.61343293
            ],
            [
              12.52057335,
              55.61435892
            ],
            [
              12.52353003,
              55.61548801
            ],
            [
              12.56902443,
              55.61549562
            ],
            [
              12.57184012,
              55.61575094
            ],
            [
              12.57269552,
              55.6159516
            ],
            [
              12.59020641,
              55.62219262
            ],
            [
              12.59895698,
              55.62338998
            ],
            [
              12.60424188,
              55.62340502
            ]
          ]
        ]
      }
    },
    {
      "type": "Feature",
      "properties": {
        "name": "Skovlunde",
        "code": "7189",
        "source": "Dataforsyningen sogne"
      },
      "geometry": {
        "type": "Polygon",
        "coordinates": [
          [
            [
              12.40707366,
              55.73050461
            ],
            [
              12.40674724,
              55.73039751
            ],
            [
              12.40652289,
              55.7299843
            ],
            [
              12.40731114,
              55.72920248
            ],
            [
              12.40793764,
              55.72907288
            ],
            [
              12.40888539,
              55.72920507
            ],
            [
              12.4108303,
              55.72891438
            ],
            [
              12.41164716,
              55.72839761
            ],
            [
              12.41196017,
              55.72790949
            ],
            [
              12.41258522,
              55.72795343
            ],
            [
              12.41358047,
              55.72752052
            ],
            [
              12.41349961,
              55.72729331
            ],
            [
              12.41311546,
              55.72709064
            ],
            [
              12.41310052,
              55.72686852
            ],
            [
              12.41426788,
              55.72627401
            ],
            [
              12.41484198,
              55.72507686
            ],
            [
              12.41605363,
              55.72442868
            ],
            [
              12.416567,
              55.72403397
            ],
            [
              12.41674386,
              55.72362606
            ],
            [
              12.4174493,
              55.72318904
            ],
            [
              12.41780177,
              55.7231554
            ],
            [
              12.41837449,
              55.72334678
            ],
            [
              12.41918514,
              55.7231566
            ],
            [
              12.41931455,
              55.72238685
            ],
            [
              12.41966817,
              55.72204235
            ],
            [
              12.41962265,
              55.72190992
            ],
            [
              12.41980848,
              55.72164687
            ],
            [
              12.42171727,
              55.72080117
            ],
            [
              12.42214812,
              55.72023287
            ],
            [
              12.4235999,
              55.71904293
            ],
            [
              12.42459711,
              55.71885803
            ],
            [
              12.42508296,
              55.71857464
            ],
            [
              12.42542449,
              55.71787853
            ],
            [
              12.42612119,
              55.71701678
            ],
            [
              12.42617912,
              55.71670002
            ],
            [
              12.42598458,
              55.71618486
            ],
            [
              12.42619945,
              55.71472363
            ],
            [
              12.42606219,
              55.71434587
            ],
            [
              12.42555643,
              55.71380515
            ],
            [
              12.42511457,
              55.71249541
            ],
            [
              12.42412086,
              55.71053222
            ],
            [
              12.42446433,
              55.70930594
            ],
            [
              12.42483114,
              55.70867917
            ],
            [
              12.42179032,
              55.7083809
            ],
            [
              12.41853447,
              55.70831657
            ],
            [
              12.4116396,
              55.70943738
            ],
            [
              12.41023462,
              55.70943472
            ],
            [
              12.4056438,
              55.70796676
            ],
            [
              12.40054073,
              55.70562118
            ],
            [
              12.39987985,
              55.70546121
            ],
            [
              12.39775929,
              55.70575022
            ],
            [
              12.39662773,
              55.70608896
            ],
            [
              12.39472539,
              55.705763
            ],
            [
              12.39420928,
              55.70664708
            ],
            [
              12.39398813,
              55.70674833
            ],
            [
              12.39207111,
              55.70665524
            ],
            [
              12.38815813,
              55.70692332
            ],
            [
              12.38835231,
              55.70292608
            ],
            [
              12.38792777,
              55.70304129
            ],
            [
              12.38710855,
              55.70296196
            ],
            [
              12.38562124,
              55.70239521
            ],
            [
              12.3862217,
              55.7001314
            ],
            [
              12.38681287,
              55.69900423
            ],
            [
              12.38744868,
              55.6973413
            ],
            [
              12.38210723,
              55.69880363
            ],
            [
              12.38218118,
              55.698847
            ],
            [
              12.37910233,
              55.69991817
            ],
            [
              12.37567203,
              55.70142233
            ],
            [
              12.37140034,
              55.70232634
            ],
            [
              12.37035615,
              55.70318904
            ],
            [
              12.36949271,
              55.70431686
            ],
            [
              12.36851257,
              55.70581336
            ],
            [
              12.36810154,
              55.70789502
            ],
            [
              12.36745871,
              55.7097873
            ],
            [
              12.36683247,
              55.71233735
            ],
            [
              12.3687362,
              55.71257883
            ],
            [
              12.3687476,
              55.71278882
            ],
            [
              12.36837652,
              55.71273886
            ],
            [
              12.36803779,
              55.71342887
            ],
            [
              12.36761248,
              55.71360544
            ],
            [
              12.36703687,
              55.71360514
            ],
            [
              12.36636764,
              55.71332024
            ],
            [
              12.36536296,
              55.71737974
            ],
            [
              12.36531029,
              55.71846838
            ],
            [
              12.36542789,
              55.71905182
            ],
            [
              12.3663466,
              55.71930093
            ],
            [
              12.369015,
              55.71933244
            ],
            [
              12.36895405,
              55.71941629
            ],
            [
              12.36619446,
              55.7193747
            ],
            [
              12.36543797,
              55.71914855
            ],
            [
              12.36591565,
              55.72058948
            ],
            [
              12.36644687,
              55.72136252
            ],
            [
              12.3668296,
              55.72166329
            ],
            [
              12.36914107,
              55.722675
            ],
            [
              12.3767796,
              55.72198716
            ],
            [
              12.37694619,
              55.72191487
            ],
            [
              12.37668803,
              55.72175699
            ],
            [
              12.37677875,
              55.72154392
            ],
            [
              12.37865807,
              55.72186748
            ],
            [
              12.37981765,
              55.7217611
            ],
            [
              12.38155563,
              55.72201748
            ],
            [
              12.38470896,
              55.72189403
            ],
            [
              12.38497006,
              55.72261709
            ],
            [
              12.38487726,
              55.72276144
            ],
            [
              12.38503847,
              55.72297116
            ],
            [
              12.38535387,
              55.72299482
            ],
            [
              12.38581463,
              55.72447221
            ],
            [
              12.38790839,
              55.72432819
            ],
            [
              12.38795204,
              55.72451023
            ],
            [
              12.39466413,
              55.72386843
            ],
            [
              12.39503812,
              55.72480305
            ],
            [
              12.39203815,
              55.72517238
            ],
            [
              12.39236902,
              55.72524739
            ],
            [
              12.39387134,
              55.72506748
            ],
            [
              12.3941377,
              55.72517007
            ],
            [
              12.39447491,
              55.72623887
            ],
            [
              12.39466477,
              55.72635203
            ],
            [
              12.39587188,
              55.72627817
            ],
            [
              12.39727583,
              55.72600554
            ],
            [
              12.39730254,
              55.72730249
            ],
            [
              12.39787499,
              55.72753345
            ],
            [
              12.39849985,
              55.72799879
            ],
            [
              12.40268568,
              55.72984925
            ],
            [
              12.40244273,
              55.73017715
            ],
            [
              12.40296419,
              55.73020225
            ],
            [
              12.40361059,
              55.73058075
            ],
            [
              12.40401127,
              55.7305985
            ],
            [
              12.40414158,
              55.73234492
            ],
            [
              12.40777167,
              55.73200609
            ],
            [
              12.40742753,
              55.73088815
            ],
            [
              12.40707366,
              55.73050461
            ]
          ]
        ]
      }
    },
    {
      "type": "Feature",
      "properties": {
        "name": "Skovshoved",
        "code": "7116",
        "source": "Dataforsyningen sogne"
      },
      "geometry": {
        "type": "MultiPolygon",
        "coordinates": [
          [
            [
              [
                12.59284024,
                55.77937128
              ],
              [
                12.59270276,
                55.77922289
              ],
              [
                12.59255037,
                55.77849866
              ],
              [
                12.59255056,
                55.77805212
              ],
              [
                12.59274055,
                55.77770722
              ],
              [
                12.59247531,
                55.77770796
              ],
              [
                12.59225097,
                55.77677237
              ],
              [
                12.59238704,
                55.77468832
              ],
              [
                12.59267739,
                55.77457408
              ],
              [
                12.59285081,
                55.77407716
              ],
              [
                12.59327791,
                55.77377809
              ],
              [
                12.59548159,
                55.77271036
              ],
              [
                12.59665199,
                55.77189029
              ],
              [
                12.59656829,
                55.77166759
              ],
              [
                12.59686239,
                55.77091094
              ],
              [
                12.59668677,
                55.76908914
              ],
              [
                12.59673585,
                55.76829957
              ],
              [
                12.59694753,
                55.76738286
              ],
              [
                12.59761692,
                55.7659589
              ],
              [
                12.59846713,
                55.76488617
              ],
              [
                12.60162354,
                55.76360021
              ],
              [
                12.60339187,
                55.76267944
              ],
              [
                12.60405957,
                55.76192952
              ],
              [
                12.60425372,
                55.76129997
              ],
              [
                12.60405588,
                55.76120228
              ],
              [
                12.60371089,
                55.76211537
              ],
              [
                12.60269793,
                55.76295014
              ],
              [
                12.60006707,
                55.76289245
              ],
              [
                12.60002312,
                55.76086527
              ],
              [
                12.60126867,
                55.76086264
              ],
              [
                12.60127985,
                55.76049814
              ],
              [
                12.60002801,
                55.76049476
              ],
              [
                12.60002473,
                55.7595999
              ],
              [
                12.60305914,
                55.7596024
              ],
              [
                12.60357073,
                55.76000847
              ],
              [
                12.60402438,
                55.7608474
              ],
              [
                12.60416199,
                55.76086971
              ],
              [
                12.60422534,
                55.76070779
              ],
              [
                12.60391205,
                55.76014044
              ],
              [
                12.60323398,
                55.75947876
              ],
              [
                12.60262379,
                55.75910831
              ],
              [
                12.59780762,
                55.75737999
              ],
              [
                12.59238794,
                55.75095331
              ],
              [
                12.57788841,
                55.75577964
              ],
              [
                12.577347,
                55.75606067
              ],
              [
                12.58100516,
                55.75946241
              ],
              [
                12.58208666,
                55.75913754
              ],
              [
                12.58214962,
                55.75956641
              ],
              [
                12.5815721,
                55.75990247
              ],
              [
                12.58167664,
                55.76002512
              ],
              [
                12.58158768,
                55.76004103
              ],
              [
                12.58340045,
                55.76209507
              ],
              [
                12.58430086,
                55.7636266
              ],
              [
                12.5846868,
                55.7635675
              ],
              [
                12.58467334,
                55.76331855
              ],
              [
                12.58504211,
                55.76330347
              ],
              [
                12.58505883,
                55.76342122
              ],
              [
                12.58476692,
                55.76378519
              ],
              [
                12.58434427,
                55.76372245
              ],
              [
                12.58524525,
                55.76657161
              ],
              [
                12.58475797,
                55.76633003
              ],
              [
                12.58470346,
                55.76613946
              ],
              [
                12.58401393,
                55.76625014
              ],
              [
                12.58375667,
                55.76593925
              ],
              [
                12.58155156,
                55.76845736
              ],
              [
                12.57973952,
                55.76921246
              ],
              [
                12.57871993,
                55.77002591
              ],
              [
                12.57816949,
                55.77067659
              ],
              [
                12.57879947,
                55.77107562
              ],
              [
                12.57905835,
                55.77139546
              ],
              [
                12.57970454,
                55.77360666
              ],
              [
                12.57957259,
                55.77398538
              ],
              [
                12.57892086,
                55.77489914
              ],
              [
                12.58013575,
                55.77511037
              ],
              [
                12.58136495,
                55.77504116
              ],
              [
                12.58374509,
                55.77552875
              ],
              [
                12.58709233,
                55.77715886
              ],
              [
                12.58629771,
                55.77808412
              ],
              [
                12.58972004,
                55.77868556
              ],
              [
                12.58995876,
                55.77884205
              ],
              [
                12.59041595,
                55.77830752
              ],
              [
                12.59093219,
                55.77836778
              ],
              [
                12.59139191,
                55.77889869
              ],
              [
                12.59159937,
                55.77944157
              ],
              [
                12.59284024,
                55.77937128
              ]
            ]
          ],
          [
            [
              [
                12.60558793,
                55.76101396
              ],
              [
                12.60541429,
                55.7604774
              ],
              [
                12.60546342,
                55.7616082
              ],
              [
                12.60558793,
                55.76101396
              ]
            ]
          ]
        ]
      }
    },
    {
      "type": "Feature",
      "properties": {
        "name": "Solbjerg",
        "code": "7103",
        "source": "Dataforsyningen sogne"
      },
      "geometry": {
        "type": "Polygon",
        "coordinates": [
          [
            [
              12.53087297,
              55.68215449
            ],
            [
              12.53082378,
              55.68126922
            ],
            [
              12.53397817,
              55.68129416
            ],
            [
              12.5339196,
              55.68115477
            ],
            [
              12.53712077,
              55.68129941
            ],
            [
              12.53938794,
              55.68156884
            ],
            [
              12.54128644,
              55.68204624
            ],
            [
              12.54393004,
              55.68135907
            ],
            [
              12.54306815,
              55.68031675
            ],
            [
              12.54145899,
              55.67651588
            ],
            [
              12.53321499,
              55.67844005
            ],
            [
              12.53292704,
              55.67779025
            ],
            [
              12.53000115,
              55.67814634
            ],
            [
              12.52978421,
              55.67831297
            ],
            [
              12.52985003,
              55.67851309
            ],
            [
              12.52949254,
              55.67855371
            ],
            [
              12.52940573,
              55.67830075
            ],
            [
              12.52924848,
              55.67835861
            ],
            [
              12.52916127,
              55.67814448
            ],
            [
              12.52787505,
              55.67825692
            ],
            [
              12.52794251,
              55.67843447
            ],
            [
              12.52756307,
              55.67847969
            ],
            [
              12.52743338,
              55.67810465
            ],
            [
              12.52587458,
              55.678002
            ],
            [
              12.5257179,
              55.67753264
            ],
            [
              12.52506678,
              55.67730319
            ],
            [
              12.52239763,
              55.67757421
            ],
            [
              12.52200119,
              55.67632659
            ],
            [
              12.52006283,
              55.67653259
            ],
            [
              12.51936878,
              55.67491154
            ],
            [
              12.51216662,
              55.6750347
            ],
            [
              12.51216939,
              55.67534231
            ],
            [
              12.51098081,
              55.67535153
            ],
            [
              12.51178237,
              55.67609583
            ],
            [
              12.5121466,
              55.67608522
            ],
            [
              12.51326739,
              55.67701907
            ],
            [
              12.51470478,
              55.67784539
            ],
            [
              12.51518057,
              55.67889627
            ],
            [
              12.51722594,
              55.67898355
            ],
            [
              12.51709493,
              55.67917442
            ],
            [
              12.51729303,
              55.67940621
            ],
            [
              12.51746986,
              55.67931617
            ],
            [
              12.51898327,
              55.6799062
            ],
            [
              12.52140553,
              55.68048694
            ],
            [
              12.52152712,
              55.68069223
            ],
            [
              12.52180724,
              55.68057053
            ],
            [
              12.5225053,
              55.68169979
            ],
            [
              12.52284396,
              55.68163611
            ],
            [
              12.52303893,
              55.68182905
            ],
            [
              12.52426625,
              55.68169649
            ],
            [
              12.52530362,
              55.68181207
            ],
            [
              12.52601717,
              55.68174075
            ],
            [
              12.53091979,
              55.68220842
            ],
            [
              12.53110271,
              55.68244017
            ],
            [
              12.53175625,
              55.68229825
            ],
            [
              12.53087297,
              55.68215449
            ]
          ]
        ]
      }
    },
    {
      "type": "Feature",
      "properties": {
        "name": "Solvang",
        "code": "7090",
        "source": "Dataforsyningen sogne"
      },
      "geometry": {
        "type": "Polygon",
        "coordinates": [
          [
            [
              12.58511527,
              55.66268226
            ],
            [
              12.58455798,
              55.66113784
            ],
            [
              12.58452882,
              55.66032547
            ],
            [
              12.5847193,
              55.65984144
            ],
            [
              12.58559128,
              55.65894832
            ],
            [
              12.58778653,
              55.657819
            ],
            [
              12.58853878,
              55.65723661
            ],
            [
              12.58891147,
              55.65666056
            ],
            [
              12.58933714,
              55.65504494
            ],
            [
              12.59400671,
              55.65506916
            ],
            [
              12.59401088,
              55.65487355
            ],
            [
              12.59848573,
              55.65480898
            ],
            [
              12.59835189,
              55.6546105
            ],
            [
              12.60239545,
              55.65371447
            ],
            [
              12.60208351,
              55.65286419
            ],
            [
              12.5996439,
              55.65059212
            ],
            [
              12.59774956,
              55.64824259
            ],
            [
              12.59822203,
              55.64268305
            ],
            [
              12.59982017,
              55.63800447
            ],
            [
              12.59905691,
              55.63789839
            ],
            [
              12.59231652,
              55.63796398
            ],
            [
              12.59343266,
              55.63373869
            ],
            [
              12.59190861,
              55.62286415
            ],
            [
              12.57932553,
              55.61832661
            ],
            [
              12.5812852,
              55.62467083
            ],
            [
              12.58110536,
              55.62468688
            ],
            [
              12.58199497,
              55.62764042
            ],
            [
              12.58183588,
              55.6276439
            ],
            [
              12.58212717,
              55.62861289
            ],
            [
              12.58228783,
              55.62861269
            ],
            [
              12.58282772,
              55.63041686
            ],
            [
              12.5825642,
              55.630443
            ],
            [
              12.58259936,
              55.63055994
            ],
            [
              12.58290037,
              55.63051616
            ],
            [
              12.58615328,
              55.64141106
            ],
            [
              12.58489329,
              55.64110812
            ],
            [
              12.58393482,
              55.64102159
            ],
            [
              12.58910355,
              55.65440643
            ],
            [
              12.58870591,
              55.65643063
            ],
            [
              12.58832416,
              55.65712483
            ],
            [
              12.58756944,
              55.65771844
            ],
            [
              12.58533044,
              55.65889112
            ],
            [
              12.58445078,
              55.65983068
            ],
            [
              12.58422681,
              55.66035211
            ],
            [
              12.58425517,
              55.66106883
            ],
            [
              12.58484007,
              55.66271342
            ],
            [
              12.58511527,
              55.66268226
            ]
          ]
        ]
      }
    },
    {
      "type": "Feature",
      "properties": {
        "name": "Sorgenfri",
        "code": "7122",
        "source": "Dataforsyningen sogne"
      },
      "geometry": {
        "type": "Polygon",
        "coordinates": [
          [
            [
              12.48655553,
              55.78818199
            ],
            [
              12.48517562,
              55.78305588
            ],
            [
              12.48493157,
              55.78266617
            ],
            [
              12.48502924,
              55.78268677
            ],
            [
              12.48501733,
              55.78249149
            ],
            [
              12.48472879,
              55.78243002
            ],
            [
              12.48531097,
              55.7813435
            ],
            [
              12.48614632,
              55.78048159
            ],
            [
              12.48692493,
              55.77991522
            ],
            [
              12.48950498,
              55.77852984
            ],
            [
              12.4902222,
              55.77799425
            ],
            [
              12.48953566,
              55.77811483
            ],
            [
              12.48851772,
              55.77697928
            ],
            [
              12.48862307,
              55.77621111
            ],
            [
              12.48854698,
              55.77583483
            ],
            [
              12.4888604,
              55.77528491
            ],
            [
              12.48893473,
              55.7745803
            ],
            [
              12.4883225,
              55.7736438
            ],
            [
              12.4881114,
              55.77302237
            ],
            [
              12.48776216,
              55.77277541
            ],
            [
              12.48657861,
              55.77267056
            ],
            [
              12.48427956,
              55.77282969
            ],
            [
              12.48256234,
              55.77343659
            ],
            [
              12.48144185,
              55.77448169
            ],
            [
              12.47834407,
              55.77471191
            ],
            [
              12.47771186,
              55.7751231
            ],
            [
              12.47465267,
              55.77583388
            ],
            [
              12.47304003,
              55.77546294
            ],
            [
              12.47056862,
              55.77516093
            ],
            [
              12.46936392,
              55.77521314
            ],
            [
              12.4677752,
              55.77444106
            ],
            [
              12.46733544,
              55.77402693
            ],
            [
              12.46685476,
              55.77316826
            ],
            [
              12.46550298,
              55.77259123
            ],
            [
              12.4655236,
              55.77171534
            ],
            [
              12.46513196,
              55.77119222
            ],
            [
              12.46279561,
              55.76902757
            ],
            [
              12.46005937,
              55.77022826
            ],
            [
              12.45922614,
              55.77072666
            ],
            [
              12.45853734,
              55.77144388
            ],
            [
              12.45836788,
              55.77269197
            ],
            [
              12.45718134,
              55.7730113
            ],
            [
              12.4553362,
              55.773216
            ],
            [
              12.45214833,
              55.7740327
            ],
            [
              12.45110981,
              55.77405362
            ],
            [
              12.44960248,
              55.77356765
            ],
            [
              12.44819814,
              55.77337665
            ],
            [
              12.44708833,
              55.77373329
            ],
            [
              12.44417622,
              55.77436384
            ],
            [
              12.44372294,
              55.77484886
            ],
            [
              12.44170842,
              55.77539914
            ],
            [
              12.44095418,
              55.77578047
            ],
            [
              12.44018006,
              55.77637067
            ],
            [
              12.43894605,
              55.77671749
            ],
            [
              12.4378575,
              55.77668352
            ],
            [
              12.43716112,
              55.77688032
            ],
            [
              12.43417353,
              55.77666144
            ],
            [
              12.42945057,
              55.77573939
            ],
            [
              12.42755928,
              55.77503137
            ],
            [
              12.42696525,
              55.774928
            ],
            [
              12.42465922,
              55.77499495
            ],
            [
              12.42288776,
              55.77558758
            ],
            [
              12.42081899,
              55.77560828
            ],
            [
              12.41798137,
              55.77462814
            ],
            [
              12.41711666,
              55.77445907
            ],
            [
              12.41636196,
              55.77456989
            ],
            [
              12.4132863,
              55.77567637
            ],
            [
              12.41437971,
              55.77678506
            ],
            [
              12.41335463,
              55.77733783
            ],
            [
              12.41471893,
              55.77825107
            ],
            [
              12.41524139,
              55.77979426
            ],
            [
              12.41613721,
              55.78111136
            ],
            [
              12.41504252,
              55.78357312
            ],
            [
              12.41712272,
              55.78347325
            ],
            [
              12.42093751,
              55.78354642
            ],
            [
              12.42411857,
              55.7832997
            ],
            [
              12.42676366,
              55.78292949
            ],
            [
              12.43097993,
              55.78300157
            ],
            [
              12.4332697,
              55.78348047
            ],
            [
              12.43689228,
              55.78375452
            ],
            [
              12.43898125,
              55.78377876
            ],
            [
              12.43919019,
              55.78368381
            ],
            [
              12.43927017,
              55.78343458
            ],
            [
              12.4417046,
              55.78345395
            ],
            [
              12.4430038,
              55.78410572
            ],
            [
              12.4427539,
              55.78442886
            ],
            [
              12.44279369,
              55.78468615
            ],
            [
              12.44354981,
              55.7846931
            ],
            [
              12.44386564,
              55.78453481
            ],
            [
              12.4438961,
              55.78435755
            ],
            [
              12.44362816,
              55.7842649
            ],
            [
              12.44399396,
              55.78433097
            ],
            [
              12.44396685,
              55.78469795
            ],
            [
              12.44339245,
              55.78483004
            ],
            [
              12.4443333,
              55.78565468
            ],
            [
              12.44470291,
              55.78628754
            ],
            [
              12.44486219,
              55.78709355
            ],
            [
              12.44989398,
              55.78764625
            ],
            [
              12.45355922,
              55.78814017
            ],
            [
              12.454228,
              55.78833652
            ],
            [
              12.45487092,
              55.78836879
            ],
            [
              12.45476793,
              55.78760994
            ],
            [
              12.4553086,
              55.78756533
            ],
            [
              12.45563129,
              55.78808431
            ],
            [
              12.45563191,
              55.78840636
            ],
            [
              12.45907465,
              55.78829901
            ],
            [
              12.45920579,
              55.78760794
            ],
            [
              12.4595762,
              55.78696101
            ],
            [
              12.46047982,
              55.78683116
            ],
            [
              12.46105586,
              55.78797634
            ],
            [
              12.46136894,
              55.7883393
            ],
            [
              12.46201375,
              55.78875046
            ],
            [
              12.46395092,
              55.7885661
            ],
            [
              12.47352514,
              55.78845582
            ],
            [
              12.47923061,
              55.78922771
            ],
            [
              12.48523138,
              55.78874988
            ],
            [
              12.48655553,
              55.78818199
            ]
          ]
        ]
      }
    },
    {
      "type": "Feature",
      "properties": {
        "name": "Steng\u00e5rd",
        "code": "7133",
        "source": "Dataforsyningen sogne"
      },
      "geometry": {
        "type": "Polygon",
        "coordinates": [
          [
            [
              12.47809697,
              55.77477807
            ],
            [
              12.48021706,
              55.7745032
            ],
            [
              12.48144185,
              55.77448169
            ],
            [
              12.48256234,
              55.77343659
            ],
            [
              12.48427956,
              55.77282969
            ],
            [
              12.48657861,
              55.77267056
            ],
            [
              12.48757589,
              55.77274734
            ],
            [
              12.48548414,
              55.77089706
            ],
            [
              12.48474615,
              55.77060465
            ],
            [
              12.48455255,
              55.77032647
            ],
            [
              12.48498917,
              55.76968423
            ],
            [
              12.48499182,
              55.76949606
            ],
            [
              12.48426132,
              55.76873355
            ],
            [
              12.48345833,
              55.7682699
            ],
            [
              12.48254171,
              55.76870411
            ],
            [
              12.4820395,
              55.76836329
            ],
            [
              12.48097582,
              55.76870824
            ],
            [
              12.480303,
              55.76824798
            ],
            [
              12.48034268,
              55.76841922
            ],
            [
              12.47991491,
              55.7684317
            ],
            [
              12.4798822,
              55.76809177
            ],
            [
              12.48009756,
              55.76769526
            ],
            [
              12.48132631,
              55.7666497
            ],
            [
              12.48146389,
              55.76631294
            ],
            [
              12.4814551,
              55.76539571
            ],
            [
              12.48126897,
              55.76488956
            ],
            [
              12.47994643,
              55.76311762
            ],
            [
              12.4795163,
              55.76038061
            ],
            [
              12.48152897,
              55.76031725
            ],
            [
              12.48152585,
              55.76015001
            ],
            [
              12.48161981,
              55.76033806
            ],
            [
              12.49060018,
              55.75997677
            ],
            [
              12.49057076,
              55.75970406
            ],
            [
              12.49180652,
              55.75967047
            ],
            [
              12.49184233,
              55.76000834
            ],
            [
              12.49240304,
              55.75988943
            ],
            [
              12.50052663,
              55.75956203
            ],
            [
              12.50030716,
              55.7593801
            ],
            [
              12.50029533,
              55.75898859
            ],
            [
              12.49974269,
              55.7587774
            ],
            [
              12.49939806,
              55.75837847
            ],
            [
              12.49945343,
              55.75808368
            ],
            [
              12.50043788,
              55.75727795
            ],
            [
              12.50047473,
              55.75643359
            ],
            [
              12.49714768,
              55.7560115
            ],
            [
              12.49475612,
              55.75552133
            ],
            [
              12.4882167,
              55.75311582
            ],
            [
              12.48525066,
              55.75217531
            ],
            [
              12.48424086,
              55.75196121
            ],
            [
              12.48339086,
              55.75200485
            ],
            [
              12.48341364,
              55.7517724
            ],
            [
              12.48266285,
              55.75158951
            ],
            [
              12.4774854,
              55.75072953
            ],
            [
              12.47409497,
              55.75000399
            ],
            [
              12.46959856,
              55.75177147
            ],
            [
              12.46898605,
              55.75223448
            ],
            [
              12.46696412,
              55.75446544
            ],
            [
              12.46633769,
              55.75494313
            ],
            [
              12.46527595,
              55.75543849
            ],
            [
              12.46220839,
              55.75418822
            ],
            [
              12.45768496,
              55.75319917
            ],
            [
              12.45669475,
              55.75312555
            ],
            [
              12.45643967,
              55.75325708
            ],
            [
              12.45628556,
              55.7539007
            ],
            [
              12.45507108,
              55.75680222
            ],
            [
              12.45513649,
              55.75686385
            ],
            [
              12.4564268,
              55.75711318
            ],
            [
              12.4561472,
              55.75761099
            ],
            [
              12.45786481,
              55.75792443
            ],
            [
              12.45793059,
              55.75781738
            ],
            [
              12.45863528,
              55.7580162
            ],
            [
              12.45884866,
              55.7578853
            ],
            [
              12.46036588,
              55.75859988
            ],
            [
              12.46100177,
              55.75823102
            ],
            [
              12.46222788,
              55.75883421
            ],
            [
              12.46479909,
              55.75943763
            ],
            [
              12.46426756,
              55.76053474
            ],
            [
              12.46442981,
              55.7606956
            ],
            [
              12.46539515,
              55.76055309
            ],
            [
              12.46539912,
              55.76192685
            ],
            [
              12.46614674,
              55.76197399
            ],
            [
              12.46542087,
              55.76486766
            ],
            [
              12.46608263,
              55.76497441
            ],
            [
              12.46536783,
              55.7680957
            ],
            [
              12.46279561,
              55.76902757
            ],
            [
              12.46513196,
              55.77119222
            ],
            [
              12.4655236,
              55.77171534
            ],
            [
              12.46550298,
              55.77259123
            ],
            [
              12.46685476,
              55.77316826
            ],
            [
              12.46733544,
              55.77402693
            ],
            [
              12.4677752,
              55.77444106
            ],
            [
              12.46936392,
              55.77521314
            ],
            [
              12.47056862,
              55.77516093
            ],
            [
              12.47304003,
              55.77546294
            ],
            [
              12.47465267,
              55.77583388
            ],
            [
              12.47771186,
              55.7751231
            ],
            [
              12.47809697,
              55.77477807
            ]
          ]
        ]
      }
    },
    {
      "type": "Feature",
      "properties": {
        "name": "Store Magleby",
        "code": "7192",
        "source": "Dataforsyningen sogne"
      },
      "geometry": {
        "type": "MultiPolygon",
        "coordinates": [
          [
            [
              [
                12.64450604,
                55.60849189
              ],
              [
                12.6482487,
                55.60824973
              ],
              [
                12.65257666,
                55.60735337
              ],
              [
                12.65725183,
                55.60678261
              ],
              [
                12.67029028,
                55.6065819
              ],
              [
                12.66997759,
                55.60630244
              ],
              [
                12.66955109,
                55.60528975
              ],
              [
                12.66985407,
                55.60442569
              ],
              [
                12.66649745,
                55.60428603
              ],
              [
                12.66786798,
                55.60087994
              ],
              [
                12.66786157,
                55.60067016
              ],
              [
                12.66930544,
                55.59765373
              ],
              [
                12.66952023,
                55.59668414
              ],
              [
                12.66933119,
                55.59670221
              ],
              [
                12.66875111,
                55.59544827
              ],
              [
                12.66628563,
                55.59151005
              ],
              [
                12.66409779,
                55.59010675
              ],
              [
                12.66357416,
                55.58967478
              ],
              [
                12.66363501,
                55.58959851
              ],
              [
                12.66237252,
                55.58885575
              ],
              [
                12.65603083,
                55.58451588
              ],
              [
                12.65444343,
                55.58457757
              ],
              [
                12.63926869,
                55.58372204
              ],
              [
                12.64050313,
                55.57734662
              ],
              [
                12.63939187,
                55.57751283
              ],
              [
                12.63879742,
                55.57739957
              ],
              [
                12.63792297,
                55.57764631
              ],
              [
                12.63709894,
                55.57742441
              ],
              [
                12.6372083,
                55.57721857
              ],
              [
                12.63703938,
                55.57712557
              ],
              [
                12.63648277,
                55.57709354
              ],
              [
                12.63627184,
                55.57721886
              ],
              [
                12.63651968,
                55.57738091
              ],
              [
                12.63611144,
                55.57758169
              ],
              [
                12.63574064,
                55.57760385
              ],
              [
                12.63539037,
                55.57754942
              ],
              [
                12.63545831,
                55.57728187
              ],
              [
                12.63515974,
                55.57700209
              ],
              [
                12.63465904,
                55.5772244
              ],
              [
                12.63429205,
                55.5770818
              ],
              [
                12.63400219,
                55.57731493
              ],
              [
                12.6336989,
                55.57727762
              ],
              [
                12.6332397,
                55.57690846
              ],
              [
                12.63305893,
                55.576955
              ],
              [
                12.6331482,
                55.57714461
              ],
              [
                12.63304753,
                55.57718716
              ],
              [
                12.63252859,
                55.57705257
              ],
              [
                12.63263422,
                55.57697264
              ],
              [
                12.63256612,
                55.57689535
              ],
              [
                12.63183274,
                55.57678987
              ],
              [
                12.6318416,
                55.57612833
              ],
              [
                12.63135319,
                55.57567118
              ],
              [
                12.63011161,
                55.57522206
              ],
              [
                12.62928466,
                55.57539881
              ],
              [
                12.62821932,
                55.5747041
              ],
              [
                12.62830091,
                55.57442391
              ],
              [
                12.62771387,
                55.57437638
              ],
              [
                12.62752061,
                55.57413968
              ],
              [
                12.62756968,
                55.57405056
              ],
              [
                12.62708323,
                55.57387353
              ],
              [
                12.62700235,
                55.57362477
              ],
              [
                12.62718367,
                55.5733848
              ],
              [
                12.62681293,
                55.57332474
              ],
              [
                12.6265515,
                55.57308188
              ],
              [
                12.62652713,
                55.57289341
              ],
              [
                12.62618466,
                55.57275266
              ],
              [
                12.62610191,
                55.57248355
              ],
              [
                12.62574569,
                55.57243628
              ],
              [
                12.62409702,
                55.57132071
              ],
              [
                12.62395919,
                55.57108749
              ],
              [
                12.6221003,
                55.56955288
              ],
              [
                12.62143918,
                55.56862971
              ],
              [
                12.62137907,
                55.56837854
              ],
              [
                12.62156794,
                55.5682807
              ],
              [
                12.62115006,
                55.56826977
              ],
              [
                12.61956637,
                55.56699999
              ],
              [
                12.61823659,
                55.5664121
              ],
              [
                12.61797806,
                55.56613928
              ],
              [
                12.61646246,
                55.5657474
              ],
              [
                12.61554902,
                55.56526507
              ],
              [
                12.61401935,
                55.56503877
              ],
              [
                12.6136722,
                55.5647423
              ],
              [
                12.61386366,
                55.564638
              ],
              [
                12.61383263,
                55.5644955
              ],
              [
                12.61331655,
                55.56431686
              ],
              [
                12.61251834,
                55.56447665
              ],
              [
                12.6118364,
                55.56422143
              ],
              [
                12.61058318,
                55.56405365
              ],
              [
                12.61016825,
                55.56362861
              ],
              [
                12.61019119,
                55.56343253
              ],
              [
                12.61044132,
                55.56339009
              ],
              [
                12.61027455,
                55.56338305
              ],
              [
                12.61025926,
                55.56323899
              ],
              [
                12.61046116,
                55.56304978
              ],
              [
                12.61018943,
                55.56296761
              ],
              [
                12.61014458,
                55.56262426
              ],
              [
                12.60962313,
                55.5627203
              ],
              [
                12.6093815,
                55.56304367
              ],
              [
                12.60926138,
                55.56296584
              ],
              [
                12.6093366,
                55.56290544
              ],
              [
                12.60894111,
                55.56271433
              ],
              [
                12.60843,
                55.56276923
              ],
              [
                12.60813608,
                55.56301573
              ],
              [
                12.60769878,
                55.56260231
              ],
              [
                12.60714489,
                55.5625056
              ],
              [
                12.60688646,
                55.56223788
              ],
              [
                12.60692969,
                55.56203285
              ],
              [
                12.60617444,
                55.56221794
              ],
              [
                12.60590178,
                55.56215826
              ],
              [
                12.60515681,
                55.56133936
              ],
              [
                12.60475816,
                55.56130884
              ],
              [
                12.60440818,
                55.56172289
              ],
              [
                12.60401506,
                55.56170254
              ],
              [
                12.60359514,
                55.5614384
              ],
              [
                12.60372351,
                55.56149387
              ],
              [
                12.60375872,
                55.56137774
              ],
              [
                12.60313729,
                55.56138524
              ],
              [
                12.60353142,
                55.5612313
              ],
              [
                12.60351314,
                55.56104219
              ],
              [
                12.60375914,
                55.56121785
              ],
              [
                12.60389748,
                55.56117619
              ],
              [
                12.60358923,
                55.56087522
              ],
              [
                12.60334561,
                55.56085542
              ],
              [
                12.60321626,
                55.5609415
              ],
              [
                12.60335985,
                55.56099869
              ],
              [
                12.60292269,
                55.56113663
              ],
              [
                12.60253763,
                55.56104141
              ],
              [
                12.60256983,
                55.56089075
              ],
              [
                12.60208613,
                55.56073018
              ],
              [
                12.60182599,
                55.56027528
              ],
              [
                12.60118858,
                55.55979102
              ],
              [
                12.60072173,
                55.55904673
              ],
              [
                12.5984668,
                55.55770462
              ],
              [
                12.59804399,
                55.55725369
              ],
              [
                12.59791194,
                55.55683162
              ],
              [
                12.59741343,
                55.5566177
              ],
              [
                12.59566552,
                55.55633149
              ],
              [
                12.59410164,
                55.55585058
              ],
              [
                12.59344493,
                55.55553338
              ],
              [
                12.59307452,
                55.55508206
              ],
              [
                12.59267472,
                55.5548958
              ],
              [
                12.59160127,
                55.5547988
              ],
              [
                12.59135505,
                55.55499836
              ],
              [
                12.59041094,
                55.55529123
              ],
              [
                12.58952431,
                55.5558403
              ],
              [
                12.58591859,
                55.55665247
              ],
              [
                12.58502256,
                55.55699505
              ],
              [
                12.58321385,
                55.55704864
              ],
              [
                12.58311035,
                55.55717855
              ],
              [
                12.58323549,
                55.55727406
              ],
              [
                12.58342038,
                55.5571442
              ],
              [
                12.58377153,
                55.55737302
              ],
              [
                12.58318998,
                55.55754416
              ],
              [
                12.5830896,
                55.55732689
              ],
              [
                12.58283684,
                55.55756331
              ],
              [
                12.58249183,
                55.55763519
              ],
              [
                12.58030734,
                55.55754335
              ],
              [
                12.57937516,
                55.55734132
              ],
              [
                12.5765095,
                55.55799975
              ],
              [
                12.57598125,
                55.55772286
              ],
              [
                12.57497724,
                55.55755418
              ],
              [
                12.57272174,
                55.55767227
              ],
              [
                12.56960796,
                55.55820812
              ],
              [
                12.56700072,
                55.55892991
              ],
              [
                12.5648747,
                55.5597896
              ],
              [
                12.56387019,
                55.56037517
              ],
              [
                12.56014913,
                55.56364192
              ],
              [
                12.55909737,
                55.56537771
              ],
              [
                12.55899911,
                55.56649385
              ],
              [
                12.55920341,
                55.56773391
              ],
              [
                12.55822701,
                55.57123835
              ],
              [
                12.55813963,
                55.57198056
              ],
              [
                12.55750461,
                55.57359137
              ],
              [
                12.55664028,
                55.57439814
              ],
              [
                12.55697311,
                55.57436321
              ],
              [
                12.55692221,
                55.574518
              ],
              [
                12.55902927,
                55.57496679
              ],
              [
                12.59020576,
                55.58036186
              ],
              [
                12.5922334,
                55.57729819
              ],
              [
                12.60989725,
                55.57693094
              ],
              [
                12.61138689,
                55.57611235
              ],
              [
                12.61313023,
                55.57785024
              ],
              [
                12.61506935,
                55.58030295
              ],
              [
                12.61538027,
                55.58089246
              ],
              [
                12.61530734,
                55.58099002
              ],
              [
                12.6157814,
                55.58148227
              ],
              [
                12.61587147,
                55.58186411
              ],
              [
                12.61730977,
                55.58445297
              ],
              [
                12.61765196,
                55.58478825
              ],
              [
                12.61841148,
                55.58638806
              ],
              [
                12.6181011,
                55.58826344
              ],
              [
                12.6176512,
                55.58907783
              ],
              [
                12.61765452,
                55.58975339
              ],
              [
                12.61733484,
                55.58974071
              ],
              [
                12.61894765,
                55.59085681
              ],
              [
                12.61981567,
                55.59169377
              ],
              [
                12.62060877,
                55.59290601
              ],
              [
                12.62104259,
                55.59411853
              ],
              [
                12.62173723,
                55.5954503
              ],
              [
                12.62182994,
                55.59604571
              ],
              [
                12.62193073,
                55.59604686
              ],
              [
                12.62196251,
                55.59633807
              ],
              [
                12.62176604,
                55.59630675
              ],
              [
                12.62187988,
                55.59639959
              ],
              [
                12.62195443,
                55.59724561
              ],
              [
                12.6216336,
                55.60136032
              ],
              [
                12.62202871,
                55.60281281
              ],
              [
                12.62234849,
                55.60340043
              ],
              [
                12.62293576,
                55.60401385
              ],
              [
                12.62353122,
                55.60427706
              ],
              [
                12.62496203,
                55.60348757
              ],
              [
                12.62489824,
                55.60340224
              ],
              [
                12.63147684,
                55.60165669
              ],
              [
                12.63203885,
                55.60206094
              ],
              [
                12.6324358,
                55.60214557
              ],
              [
                12.6318785,
                55.60519494
              ],
              [
                12.63244862,
                55.60865769
              ],
              [
                12.64450604,
                55.60849189
              ]
            ]
          ],
          [
            [
              [
                12.60590952,
                55.56095895
              ],
              [
                12.60560171,
                55.56087927
              ],
              [
                12.60519924,
                55.56103544
              ],
              [
                12.60570586,
                55.56111179
              ],
              [
                12.60590952,
                55.56095895
              ]
            ]
          ],
          [
            [
              [
                12.60424544,
                55.56123357
              ],
              [
                12.60410026,
                55.56128541
              ],
              [
                12.60425345,
                55.56125167
              ],
              [
                12.60424544,
                55.56123357
              ]
            ]
          ]
        ]
      }
    },
    {
      "type": "Feature",
      "properties": {
        "name": "Strandmark",
        "code": "7142",
        "source": "Dataforsyningen sogne"
      },
      "geometry": {
        "type": "MultiPolygon",
        "coordinates": [
          [
            [
              [
                12.50720814,
                55.63416559
              ],
              [
                12.50657417,
                55.63428021
              ],
              [
                12.50662762,
                55.63448512
              ],
              [
                12.50683492,
                55.63486763
              ],
              [
                12.50720631,
                55.63488793
              ],
              [
                12.50735744,
                55.63476141
              ],
              [
                12.5073518,
                55.63432512
              ],
              [
                12.50720814,
                55.63416559
              ]
            ]
          ],
          [
            [
              [
                12.50110235,
                55.64135756
              ],
              [
                12.5018086,
                55.64035442
              ],
              [
                12.50172812,
                55.64025431
              ],
              [
                12.5025657,
                55.63905598
              ],
              [
                12.50662084,
                55.63578684
              ],
              [
                12.50603366,
                55.63502255
              ],
              [
                12.5059074,
                55.63449386
              ],
              [
                12.50612682,
                55.63435954
              ],
              [
                12.50585617,
                55.63434751
              ],
              [
                12.50532963,
                55.63378459
              ],
              [
                12.50457689,
                55.63239758
              ],
              [
                12.5047802,
                55.63224665
              ],
              [
                12.50449153,
                55.63221786
              ],
              [
                12.50436647,
                55.63199943
              ],
              [
                12.50434296,
                55.63189643
              ],
              [
                12.50451549,
                55.63184924
              ],
              [
                12.50431422,
                55.63183269
              ],
              [
                12.50413481,
                55.63124069
              ],
              [
                12.50414309,
                55.63092422
              ],
              [
                12.5043126,
                55.63088242
              ],
              [
                12.50413347,
                55.63086452
              ],
              [
                12.50411687,
                55.63049193
              ],
              [
                12.50377563,
                55.62987983
              ],
              [
                12.50362392,
                55.62926141
              ],
              [
                12.50365334,
                55.62893067
              ],
              [
                12.5040389,
                55.62886309
              ],
              [
                12.50081719,
                55.62882839
              ],
              [
                12.50023459,
                55.62846541
              ],
              [
                12.50332807,
                55.62863956
              ],
              [
                12.50424176,
                55.62857387
              ],
              [
                12.5036522,
                55.62843221
              ],
              [
                12.50339608,
                55.6281839
              ],
              [
                12.50347839,
                55.62810899
              ],
              [
                12.50284353,
                55.62797608
              ],
              [
                12.50257727,
                55.62776357
              ],
              [
                12.50264125,
                55.6276596
              ],
              [
                12.50230367,
                55.62763616
              ],
              [
                12.50207026,
                55.62738927
              ],
              [
                12.50200232,
                55.62638793
              ],
              [
                12.50306067,
                55.62573609
              ],
              [
                12.49821764,
                55.62592057
              ],
              [
                12.49820432,
                55.62550033
              ],
              [
                12.49782898,
                55.62551113
              ],
              [
                12.49781822,
                55.62542251
              ],
              [
                12.50293494,
                55.6252571
              ],
              [
                12.50295751,
                55.62513606
              ],
              [
                12.49986181,
                55.62520474
              ],
              [
                12.49926362,
                55.62487655
              ],
              [
                12.49726709,
                55.6247949
              ],
              [
                12.49697267,
                55.62447448
              ],
              [
                12.49716929,
                55.62432527
              ],
              [
                12.49693465,
                55.62420132
              ],
              [
                12.49712543,
                55.62407746
              ],
              [
                12.49710106,
                55.62394678
              ],
              [
                12.49649908,
                55.62363604
              ],
              [
                12.49672581,
                55.62342897
              ],
              [
                12.49670271,
                55.62326598
              ],
              [
                12.49628629,
                55.6232009
              ],
              [
                12.49653716,
                55.62307559
              ],
              [
                12.49616182,
                55.62293821
              ],
              [
                12.49642143,
                55.62278792
              ],
              [
                12.49642935,
                55.62257379
              ],
              [
                12.4953125,
                55.62247474
              ],
              [
                12.49575883,
                55.62235491
              ],
              [
                12.49584132,
                55.62216967
              ],
              [
                12.49549051,
                55.62191686
              ],
              [
                12.4949891,
                55.62190706
              ],
              [
                12.49510981,
                55.6217852
              ],
              [
                12.49485588,
                55.62154598
              ],
              [
                12.49531762,
                55.62134246
              ],
              [
                12.4953871,
                55.62100401
              ],
              [
                12.49552405,
                55.62090039
              ],
              [
                12.49533279,
                55.6207458
              ],
              [
                12.49492719,
                55.6207268
              ],
              [
                12.49479032,
                55.62052281
              ],
              [
                12.49427045,
                55.62043037
              ],
              [
                12.49448799,
                55.62005048
              ],
              [
                12.49423282,
                55.61969908
              ],
              [
                12.49444272,
                55.61938514
              ],
              [
                12.49673817,
                55.61845951
              ],
              [
                12.49770737,
                55.6176485
              ],
              [
                12.49797247,
                55.61690614
              ],
              [
                12.49775671,
                55.61567803
              ],
              [
                12.49795375,
                55.61551982
              ],
              [
                12.4960124,
                55.61563493
              ],
              [
                12.49031488,
                55.6186022
              ],
              [
                12.48975972,
                55.618627
              ],
              [
                12.4888591,
                55.61813851
              ],
              [
                12.48778637,
                55.6178049
              ],
              [
                12.48738422,
                55.61735009
              ],
              [
                12.48649848,
                55.61723274
              ],
              [
                12.48626671,
                55.61704358
              ],
              [
                12.4855549,
                55.61700395
              ],
              [
                12.48481802,
                55.61674986
              ],
              [
                12.47991532,
                55.6169142
              ],
              [
                12.47651951,
                55.61744022
              ],
              [
                12.47643738,
                55.61724671
              ],
              [
                12.4765267,
                55.61701211
              ],
              [
                12.47580614,
                55.6170241
              ],
              [
                12.47593941,
                55.61801029
              ],
              [
                12.47563209,
                55.61929427
              ],
              [
                12.47415736,
                55.62246765
              ],
              [
                12.47401501,
                55.62251107
              ],
              [
                12.47394519,
                55.62267723
              ],
              [
                12.47405463,
                55.62269472
              ],
              [
                12.47283047,
                55.62484188
              ],
              [
                12.47350024,
                55.62497431
              ],
              [
                12.47184478,
                55.62773126
              ],
              [
                12.47093899,
                55.62970232
              ],
              [
                12.46758776,
                55.63486837
              ],
              [
                12.46764154,
                55.63494265
              ],
              [
                12.47774613,
                55.63737571
              ],
              [
                12.47942815,
                55.63753208
              ],
              [
                12.47991694,
                55.63770927
              ],
              [
                12.48598585,
                55.63881449
              ],
              [
                12.49876898,
                55.64051092
              ],
              [
                12.50030798,
                55.64169998
              ],
              [
                12.50110235,
                55.64135756
              ]
            ]
          ]
        ]
      }
    },
    {
      "type": "Feature",
      "properties": {
        "name": "Sundby",
        "code": "7084",
        "source": "Dataforsyningen sogne"
      },
      "geometry": {
        "type": "MultiPolygon",
        "coordinates": [
          [
            [
              [
                12.59102806,
                55.66763915
              ],
              [
                12.59525066,
                55.66660793
              ],
              [
                12.59423816,
                55.66323365
              ],
              [
                12.59443779,
                55.66302377
              ],
              [
                12.59706152,
                55.66175728
              ],
              [
                12.60165179,
                55.6629533
              ],
              [
                12.60145974,
                55.66316387
              ],
              [
                12.60177641,
                55.66325159
              ],
              [
                12.60243671,
                55.66342435
              ],
              [
                12.60319612,
                55.66341731
              ],
              [
                12.60494167,
                55.66386864
              ],
              [
                12.60422214,
                55.66455466
              ],
              [
                12.60445877,
                55.66460229
              ],
              [
                12.60526647,
                55.66377322
              ],
              [
                12.60561812,
                55.66388832
              ],
              [
                12.60581447,
                55.66372464
              ],
              [
                12.60620682,
                55.66384627
              ],
              [
                12.60640129,
                55.66364507
              ],
              [
                12.60658004,
                55.66369286
              ],
              [
                12.60642692,
                55.6638906
              ],
              [
                12.60668419,
                55.66397152
              ],
              [
                12.60790479,
                55.6642176
              ],
              [
                12.60806076,
                55.66402479
              ],
              [
                12.60828793,
                55.66409049
              ],
              [
                12.60816635,
                55.66427139
              ],
              [
                12.60882577,
                55.66437535
              ],
              [
                12.60916941,
                55.66400798
              ],
              [
                12.60944334,
                55.66409946
              ],
              [
                12.6103646,
                55.66309374
              ],
              [
                12.61085165,
                55.66340742
              ],
              [
                12.61059103,
                55.66370185
              ],
              [
                12.61102211,
                55.66340662
              ],
              [
                12.61214224,
                55.66326086
              ],
              [
                12.61262102,
                55.66261201
              ],
              [
                12.6127605,
                55.66264441
              ],
              [
                12.61427448,
                55.66048002
              ],
              [
                12.61076178,
                55.6596972
              ],
              [
                12.60883516,
                55.65823205
              ],
              [
                12.60813384,
                55.65801567
              ],
              [
                12.60794944,
                55.65814627
              ],
              [
                12.60749128,
                55.65799502
              ],
              [
                12.60541638,
                55.65689871
              ],
              [
                12.60396848,
                55.65755481
              ],
              [
                12.60357489,
                55.65725814
              ],
              [
                12.60245541,
                55.6577
              ],
              [
                12.60119151,
                55.65666089
              ],
              [
                12.60134889,
                55.65662201
              ],
              [
                12.60068933,
                55.65592113
              ],
              [
                12.59660851,
                55.65628255
              ],
              [
                12.5961803,
                55.65514514
              ],
              [
                12.59585404,
                55.65514275
              ],
              [
                12.59574263,
                55.65485244
              ],
              [
                12.59401088,
                55.65487355
              ],
              [
                12.59400671,
                55.65506916
              ],
              [
                12.58933714,
                55.65504494
              ],
              [
                12.58891147,
                55.65666056
              ],
              [
                12.58853878,
                55.65723661
              ],
              [
                12.58778653,
                55.657819
              ],
              [
                12.58566643,
                55.65889882
              ],
              [
                12.58496893,
                55.65949102
              ],
              [
                12.58515943,
                55.65947142
              ],
              [
                12.5855204,
                55.65979886
              ],
              [
                12.58597061,
                55.66126279
              ],
              [
                12.5862134,
                55.66117647
              ],
              [
                12.58587297,
                55.66019085
              ],
              [
                12.58859043,
                55.66058574
              ],
              [
                12.58886848,
                55.6607577
              ],
              [
                12.58868143,
                55.66092278
              ],
              [
                12.58903032,
                55.66103288
              ],
              [
                12.58918922,
                55.6614807
              ],
              [
                12.59017681,
                55.66136735
              ],
              [
                12.59035043,
                55.66185412
              ],
              [
                12.59081013,
                55.66180208
              ],
              [
                12.59102452,
                55.66240724
              ],
              [
                12.59123419,
                55.6624439
              ],
              [
                12.59129541,
                55.66261718
              ],
              [
                12.59115293,
                55.66263323
              ],
              [
                12.59142621,
                55.66306528
              ],
              [
                12.59126374,
                55.66308371
              ],
              [
                12.59129521,
                55.6631719
              ],
              [
                12.59319743,
                55.66294495
              ],
              [
                12.59336819,
                55.66321171
              ],
              [
                12.59305691,
                55.66322493
              ],
              [
                12.59304791,
                55.6636866
              ],
              [
                12.59368939,
                55.66394802
              ],
              [
                12.59413636,
                55.66390543
              ],
              [
                12.59428516,
                55.66439942
              ],
              [
                12.59316149,
                55.66434631
              ],
              [
                12.5875968,
                55.66486572
              ],
              [
                12.5870999,
                55.66533884
              ],
              [
                12.58723797,
                55.66549684
              ],
              [
                12.58701227,
                55.66560667
              ],
              [
                12.58728519,
                55.66616868
              ],
              [
                12.58713069,
                55.66619271
              ],
              [
                12.58740028,
                55.66640566
              ],
              [
                12.58796476,
                55.66756617
              ],
              [
                12.58977843,
                55.66746246
              ],
              [
                12.59102806,
                55.66763915
              ]
            ]
          ],
          [
            [
              [
                12.58398164,
                55.65914133
              ],
              [
                12.58482687,
                55.65932046
              ],
              [
                12.5855703,
                55.65873475
              ],
              [
                12.58813373,
                55.65731707
              ],
              [
                12.58868906,
                55.65648625
              ],
              [
                12.58911008,
                55.65448114
              ],
              [
                12.58393482,
                55.64102159
              ],
              [
                12.58463195,
                55.64106325
              ],
              [
                12.58340706,
                55.64091438
              ],
              [
                12.58845322,
                55.65370801
              ],
              [
                12.5885609,
                55.65422045
              ],
              [
                12.58849805,
                55.65467503
              ],
              [
                12.58823036,
                55.65488312
              ],
              [
                12.58832089,
                55.65508332
              ],
              [
                12.58787227,
                55.65563075
              ],
              [
                12.58705009,
                55.65620826
              ],
              [
                12.58664003,
                55.65631198
              ],
              [
                12.58657971,
                55.65651138
              ],
              [
                12.58444097,
                55.65789988
              ],
              [
                12.58334956,
                55.65888232
              ],
              [
                12.58341317,
                55.66005605
              ],
              [
                12.58385227,
                55.66119067
              ],
              [
                12.58418546,
                55.66116231
              ],
              [
                12.58370031,
                55.6597556
              ],
              [
                12.58380006,
                55.65920293
              ],
              [
                12.58398164,
                55.65914133
              ]
            ]
          ]
        ]
      }
    },
    {
      "type": "Feature",
      "properties": {
        "name": "Sundkirkens",
        "code": "7087",
        "source": "Dataforsyningen sogne"
      },
      "geometry": {
        "type": "Polygon",
        "coordinates": [
          [
            [
              12.6352334,
              55.66136589
            ],
            [
              12.6360056,
              55.65995642
            ],
            [
              12.63903104,
              55.65633025
            ],
            [
              12.64211188,
              55.6511416
            ],
            [
              12.64058301,
              55.65104252
            ],
            [
              12.63944439,
              55.65327543
            ],
            [
              12.63891582,
              55.65339435
            ],
            [
              12.63854956,
              55.65410337
            ],
            [
              12.63838404,
              55.65410208
            ],
            [
              12.63868765,
              55.65344617
            ],
            [
              12.63765795,
              55.653428
            ],
            [
              12.63726581,
              55.65408985
            ],
            [
              12.63705806,
              55.65408766
            ],
            [
              12.637417,
              55.65344504
            ],
            [
              12.63637596,
              55.6534058
            ],
            [
              12.63595811,
              55.65407353
            ],
            [
              12.6357521,
              55.65407128
            ],
            [
              12.63613128,
              55.65341521
            ],
            [
              12.63507541,
              55.65338233
            ],
            [
              12.63464678,
              55.65405757
            ],
            [
              12.63443884,
              55.65405502
            ],
            [
              12.63483663,
              55.65339355
            ],
            [
              12.63380743,
              55.65335842
            ],
            [
              12.63335823,
              55.65404191
            ],
            [
              12.63314803,
              55.65403906
            ],
            [
              12.63521967,
              55.65060023
            ],
            [
              12.63550617,
              55.65056179
            ],
            [
              12.63570162,
              55.6502276
            ],
            [
              12.63606044,
              55.65029177
            ],
            [
              12.636156,
              55.65011854
            ],
            [
              12.63597881,
              55.64981644
            ],
            [
              12.63615713,
              55.6497519
            ],
            [
              12.63603092,
              55.64948678
            ],
            [
              12.63615046,
              55.64915385
            ],
            [
              12.63807892,
              55.64605713
            ],
            [
              12.63858941,
              55.64499261
            ],
            [
              12.63830209,
              55.64496004
            ],
            [
              12.63618003,
              55.64869106
            ],
            [
              12.63575822,
              55.64923338
            ],
            [
              12.63563121,
              55.64920127
            ],
            [
              12.63554421,
              55.64934512
            ],
            [
              12.63565675,
              55.64942864
            ],
            [
              12.63495973,
              55.65059058
            ],
            [
              12.63504686,
              55.65059384
            ],
            [
              12.6329712,
              55.65403747
            ],
            [
              12.6327057,
              55.65403338
            ],
            [
              12.63305174,
              55.65334701
            ],
            [
              12.63262629,
              55.65336556
            ],
            [
              12.63232802,
              55.65402866
            ],
            [
              12.63199675,
              55.65402355
            ],
            [
              12.632162,
              55.65393107
            ],
            [
              12.6324529,
              55.6533359
            ],
            [
              12.63155661,
              55.6533192
            ],
            [
              12.6313771,
              55.65351182
            ],
            [
              12.63041469,
              55.65346975
            ],
            [
              12.63031945,
              55.65364674
            ],
            [
              12.6297794,
              55.65363171
            ],
            [
              12.62480846,
              55.65277801
            ],
            [
              12.6200081,
              55.65823891
            ],
            [
              12.61808287,
              55.66095629
            ],
            [
              12.62198024,
              55.66130824
            ],
            [
              12.6273007,
              55.66152436
            ],
            [
              12.62838855,
              55.66169754
            ],
            [
              12.62875337,
              55.66195255
            ],
            [
              12.63186329,
              55.66230169
            ],
            [
              12.63556354,
              55.66335314
            ],
            [
              12.6352334,
              55.66136589
            ]
          ]
        ]
      }
    },
    {
      "type": "Feature",
      "properties": {
        "name": "Sydhavn",
        "code": "9165",
        "source": "Dataforsyningen sogne"
      },
      "geometry": {
        "type": "MultiPolygon",
        "coordinates": [
          [
            [
              [
                12.54500879,
                55.64078528
              ],
              [
                12.54486293,
                55.64086179
              ],
              [
                12.54564312,
                55.641601
              ],
              [
                12.54579759,
                55.64157567
              ],
              [
                12.54500879,
                55.64078528
              ]
            ]
          ],
          [
            [
              [
                12.55172763,
                55.64291619
              ],
              [
                12.55142221,
                55.64301802
              ],
              [
                12.55140688,
                55.64305937
              ],
              [
                12.55151804,
                55.64314742
              ],
              [
                12.55184687,
                55.64302504
              ],
              [
                12.55172763,
                55.64291619
              ]
            ]
          ],
          [
            [
              [
                12.55280327,
                55.64434689
              ],
              [
                12.55258211,
                55.64444691
              ],
              [
                12.55279099,
                55.6445956
              ],
              [
                12.55301579,
                55.64449539
              ],
              [
                12.55280327,
                55.64434689
              ]
            ]
          ],
          [
            [
              [
                12.55257134,
                55.64418943
              ],
              [
                12.5521134,
                55.6442732
              ],
              [
                12.55132689,
                55.64380324
              ],
              [
                12.55010433,
                55.64423439
              ],
              [
                12.5511173,
                55.64478923
              ],
              [
                12.55257134,
                55.64418943
              ]
            ]
          ],
          [
            [
              [
                12.54977744,
                55.64426777
              ],
              [
                12.5487678,
                55.64463447
              ],
              [
                12.54972514,
                55.64529318
              ],
              [
                12.55090271,
                55.64486703
              ],
              [
                12.54977744,
                55.64426777
              ]
            ]
          ],
          [
            [
              [
                12.55175472,
                55.64535253
              ],
              [
                12.55272041,
                55.64469746
              ],
              [
                12.55239956,
                55.64445894
              ],
              [
                12.55122307,
                55.64488085
              ],
              [
                12.55175472,
                55.64535253
              ]
            ]
          ],
          [
            [
              [
                12.55052465,
                55.64601013
              ],
              [
                12.55157429,
                55.6454599
              ],
              [
                12.55100797,
                55.6449601
              ],
              [
                12.54981913,
                55.64538649
              ],
              [
                12.55052465,
                55.64601013
              ]
            ]
          ],
          [
            [
              [
                12.55168603,
                55.64554901
              ],
              [
                12.55065579,
                55.64608878
              ],
              [
                12.55174296,
                55.6467599
              ],
              [
                12.55288123,
                55.64634899
              ],
              [
                12.55168603,
                55.64554901
              ]
            ]
          ],
          [
            [
              [
                12.55493148,
                55.64628846
              ],
              [
                12.55424026,
                55.64581989
              ],
              [
                12.55419789,
                55.64570324
              ],
              [
                12.55439166,
                55.64554134
              ],
              [
                12.55396102,
                55.64562127
              ],
              [
                12.55280963,
                55.64480655
              ],
              [
                12.55186248,
                55.64544508
              ],
              [
                12.55326052,
                55.64635858
              ],
              [
                12.55399778,
                55.64632309
              ],
              [
                12.55515492,
                55.64718826
              ],
              [
                12.5558346,
                55.64726277
              ],
              [
                12.55577562,
                55.64688081
              ],
              [
                12.5551149,
                55.64655064
              ],
              [
                12.55493148,
                55.64628846
              ]
            ]
          ],
          [
            [
              [
                12.54795498,
                55.64704594
              ],
              [
                12.54662763,
                55.64727462
              ],
              [
                12.54707816,
                55.64844543
              ],
              [
                12.5486026,
                55.64789408
              ],
              [
                12.54795498,
                55.64704594
              ]
            ]
          ],
          [
            [
              [
                12.55498425,
                55.64831655
              ],
              [
                12.55485671,
                55.64820254
              ],
              [
                12.55428022,
                55.64841204
              ],
              [
                12.55394917,
                55.64815783
              ],
              [
                12.55450997,
                55.64795597
              ],
              [
                12.55438147,
                55.64784173
              ],
              [
                12.55380389,
                55.64805153
              ],
              [
                12.5536236,
                55.64790974
              ],
              [
                12.55418438,
                55.64770762
              ],
              [
                12.55405678,
                55.64759281
              ],
              [
                12.55347784,
                55.64779986
              ],
              [
                12.55321801,
                55.64760328
              ],
              [
                12.55252951,
                55.64753656
              ],
              [
                12.5519576,
                55.64774403
              ],
              [
                12.55318051,
                55.64896815
              ],
              [
                12.55498425,
                55.64831655
              ]
            ]
          ],
          [
            [
              [
                12.55677512,
                55.64968088
              ],
              [
                12.55664566,
                55.64956667
              ],
              [
                12.55612042,
                55.64975581
              ],
              [
                12.55573327,
                55.64952507
              ],
              [
                12.55630105,
                55.64932112
              ],
              [
                12.556173,
                55.64920668
              ],
              [
                12.55566923,
                55.6493889
              ],
              [
                12.55526795,
                55.64908466
              ],
              [
                12.55576398,
                55.64890842
              ],
              [
                12.55563447,
                55.64879367
              ],
              [
                12.55505883,
                55.64900207
              ],
              [
                12.55475481,
                55.64877081
              ],
              [
                12.55531767,
                55.64857051
              ],
              [
                12.5551897,
                55.64845688
              ],
              [
                12.55295623,
                55.64926203
              ],
              [
                12.55348604,
                55.64973177
              ],
              [
                12.55384619,
                55.64960183
              ],
              [
                12.55475205,
                55.65041296
              ],
              [
                12.55677512,
                55.64968088
              ]
            ]
          ],
          [
            [
              [
                12.54735219,
                55.6508319
              ],
              [
                12.54781051,
                55.65065301
              ],
              [
                12.54758471,
                55.65058627
              ],
              [
                12.54659378,
                55.64970327
              ],
              [
                12.54623313,
                55.6498315
              ],
              [
                12.54735219,
                55.6508319
              ]
            ]
          ],
          [
            [
              [
                12.56652824,
                55.66329896
              ],
              [
                12.56503123,
                55.66135028
              ],
              [
                12.56456342,
                55.6606458
              ],
              [
                12.56467626,
                55.66057131
              ],
              [
                12.56445472,
                55.66049475
              ],
              [
                12.56392278,
                55.66089471
              ],
              [
                12.56381083,
                55.66086523
              ],
              [
                12.56436625,
                55.66048213
              ],
              [
                12.56415968,
                55.66012073
              ],
              [
                12.563366,
                55.65996721
              ],
              [
                12.56291543,
                55.66038916
              ],
              [
                12.56283779,
                55.66035572
              ],
              [
                12.5631361,
                55.65997353
              ],
              [
                12.56109335,
                55.65967996
              ],
              [
                12.56033015,
                55.65992099
              ],
              [
                12.56067983,
                55.66035053
              ],
              [
                12.56047348,
                55.66039717
              ],
              [
                12.55976256,
                55.65952106
              ],
              [
                12.55818977,
                55.65929994
              ],
              [
                12.55841195,
                55.65881108
              ],
              [
                12.55852511,
                55.65880663
              ],
              [
                12.56304924,
                55.65951343
              ],
              [
                12.56426228,
                55.65914007
              ],
              [
                12.56356745,
                55.65846422
              ],
              [
                12.56368809,
                55.65835146
              ],
              [
                12.56271348,
                55.65865818
              ],
              [
                12.56137897,
                55.65837586
              ],
              [
                12.56167024,
                55.6583344
              ],
              [
                12.56167888,
                55.65843117
              ],
              [
                12.56250324,
                55.65854659
              ],
              [
                12.56376028,
                55.65821656
              ],
              [
                12.56290968,
                55.65745936
              ],
              [
                12.56166604,
                55.65772829
              ],
              [
                12.56162765,
                55.65765595
              ],
              [
                12.5621252,
                55.65761272
              ],
              [
                12.56292799,
                55.65727935
              ],
              [
                12.56188,
                55.65635884
              ],
              [
                12.56090559,
                55.65676543
              ],
              [
                12.56082701,
                55.65669002
              ],
              [
                12.56190727,
                55.65620392
              ],
              [
                12.56061026,
                55.65499265
              ],
              [
                12.56028747,
                55.65507036
              ],
              [
                12.56035464,
                55.65516372
              ],
              [
                12.56022347,
                55.65521663
              ],
              [
                12.5586003,
                55.6531114
              ],
              [
                12.55276068,
                55.65442661
              ],
              [
                12.55354475,
                55.65547552
              ],
              [
                12.55310548,
                55.65645064
              ],
              [
                12.55316291,
                55.65654555
              ],
              [
                12.55523999,
                55.65692376
              ],
              [
                12.55306254,
                55.65657346
              ],
              [
                12.55294657,
                55.65683101
              ],
              [
                12.55264834,
                55.65678867
              ],
              [
                12.55323338,
                55.65548293
              ],
              [
                12.55237261,
                55.65435793
              ],
              [
                12.55153502,
                55.65459
              ],
              [
                12.55117851,
                55.65517669
              ],
              [
                12.55049714,
                55.65538319
              ],
              [
                12.54949392,
                55.6546002
              ],
              [
                12.54893241,
                55.65471654
              ],
              [
                12.54886074,
                55.65463112
              ],
              [
                12.5523816,
                55.65373607
              ],
              [
                12.55086105,
                55.65231924
              ],
              [
                12.55149858,
                55.65208937
              ],
              [
                12.55317921,
                55.65350524
              ],
              [
                12.55645451,
                55.6526892
              ],
              [
                12.55446662,
                55.65092676
              ],
              [
                12.55466517,
                55.6508541
              ],
              [
                12.55669161,
                55.65262604
              ],
              [
                12.55841398,
                55.65217699
              ],
              [
                12.55861237,
                55.65193619
              ],
              [
                12.55862635,
                55.65164886
              ],
              [
                12.5564628,
                55.65002246
              ],
              [
                12.55437113,
                55.65071903
              ],
              [
                12.554021,
                55.65066147
              ],
              [
                12.55406399,
                55.65033589
              ],
              [
                12.55335149,
                55.65004373
              ],
              [
                12.55349701,
                55.64994752
              ],
              [
                12.55295023,
                55.6496046
              ],
              [
                12.55304564,
                55.64954663
              ],
              [
                12.55265022,
                55.64919986
              ],
              [
                12.55299926,
                55.64907366
              ],
              [
                12.55174439,
                55.64781971
              ],
              [
                12.54686028,
                55.64958892
              ],
              [
                12.5481078,
                55.65069782
              ],
              [
                12.54666524,
                55.65128366
              ],
              [
                12.54538647,
                55.65122831
              ],
              [
                12.54509989,
                55.65149708
              ],
              [
                12.54437772,
                55.65086886
              ],
              [
                12.5432507,
                55.65126587
              ],
              [
                12.54315268,
                55.65117717
              ],
              [
                12.54418291,
                55.65069987
              ],
              [
                12.54329893,
                55.64992265
              ],
              [
                12.54147725,
                55.65047883
              ],
              [
                12.54111477,
                55.65015589
              ],
              [
                12.54347131,
                55.64927539
              ],
              [
                12.54538969,
                55.6467569
              ],
              [
                12.54470366,
                55.64609832
              ],
              [
                12.54521326,
                55.64603853
              ],
              [
                12.54527056,
                55.6458529
              ],
              [
                12.54721664,
                55.64514568
              ],
              [
                12.54733647,
                55.64523294
              ],
              [
                12.54566075,
                55.64585294
              ],
              [
                12.54639045,
                55.64649488
              ],
              [
                12.54815519,
                55.64586051
              ],
              [
                12.54826864,
                55.64594751
              ],
              [
                12.54663228,
                55.6465422
              ],
              [
                12.54722801,
                55.6470757
              ],
              [
                12.54903189,
                55.64661885
              ],
              [
                12.54913516,
                55.6467127
              ],
              [
                12.54819087,
                55.64698884
              ],
              [
                12.54884393,
                55.64780752
              ],
              [
                12.55150166,
                55.64684665
              ],
              [
                12.55046073,
                55.64618039
              ],
              [
                12.54945211,
                55.64659571
              ],
              [
                12.54935363,
                55.6465091
              ],
              [
                12.55030276,
                55.64608121
              ],
              [
                12.5496078,
                55.64546355
              ],
              [
                12.54849428,
                55.64586338
              ],
              [
                12.54838229,
                55.6457785
              ],
              [
                12.54950065,
                55.64537413
              ],
              [
                12.54863315,
                55.64476632
              ],
              [
                12.54756377,
                55.64515137
              ],
              [
                12.54745265,
                55.64506728
              ],
              [
                12.54851584,
                55.64468061
              ],
              [
                12.54811742,
                55.6443296
              ],
              [
                12.54831447,
                55.64425645
              ],
              [
                12.54862679,
                55.64450997
              ],
              [
                12.5511075,
                55.64374027
              ],
              [
                12.5491088,
                55.64220879
              ],
              [
                12.55127896,
                55.64155076
              ],
              [
                12.55107641,
                55.64128031
              ],
              [
                12.55089211,
                55.64123782
              ],
              [
                12.54876703,
                55.64190901
              ],
              [
                12.54865302,
                55.64169804
              ],
              [
                12.54871155,
                55.64152091
              ],
              [
                12.54978468,
                55.64052358
              ],
              [
                12.54906076,
                55.64013093
              ],
              [
                12.54867102,
                55.64013349
              ],
              [
                12.54848249,
                55.64027239
              ],
              [
                12.54854317,
                55.64049488
              ],
              [
                12.54735157,
                55.64136229
              ],
              [
                12.54556444,
                55.64230436
              ],
              [
                12.54358724,
                55.64284359
              ],
              [
                12.54131739,
                55.64304092
              ],
              [
                12.54089712,
                55.64265123
              ],
              [
                12.54152929,
                55.64050453
              ],
              [
                12.54446022,
                55.64047124
              ],
              [
                12.54450613,
                55.6402898
              ],
              [
                12.54555524,
                55.63977669
              ],
              [
                12.54674803,
                55.63896296
              ],
              [
                12.5466134,
                55.63893502
              ],
              [
                12.54600472,
                55.63929747
              ],
              [
                12.54080317,
                55.63655531
              ],
              [
                12.54134749,
                55.6361052
              ],
              [
                12.54086047,
                55.63621818
              ],
              [
                12.54054047,
                55.63599274
              ],
              [
                12.54064587,
                55.6358291
              ],
              [
                12.54044748,
                55.63570221
              ],
              [
                12.5397852,
                55.63565759
              ],
              [
                12.53736154,
                55.63482201
              ],
              [
                12.53691275,
                55.63440184
              ],
              [
                12.53744218,
                55.63400666
              ],
              [
                12.53668743,
                55.63429172
              ],
              [
                12.53569995,
                55.63389068
              ],
              [
                12.53486144,
                55.63317072
              ],
              [
                12.53320414,
                55.63254323
              ],
              [
                12.53282933,
                55.63228366
              ],
              [
                12.53277887,
                55.63216463
              ],
              [
                12.53325642,
                55.63187086
              ],
              [
                12.5332262,
                55.63177183
              ],
              [
                12.53265159,
                55.6320256
              ],
              [
                12.53137334,
                55.63173748
              ],
              [
                12.53088672,
                55.63196937
              ],
              [
                12.53071472,
                55.63234344
              ],
              [
                12.53095099,
                55.63393319
              ],
              [
                12.53112649,
                55.63429517
              ],
              [
                12.53120306,
                55.63537323
              ],
              [
                12.53084606,
                55.63574597
              ],
              [
                12.52974714,
                55.63581962
              ],
              [
                12.5292346,
                55.63615457
              ],
              [
                12.52936388,
                55.63627341
              ],
              [
                12.53229346,
                55.6361863
              ],
              [
                12.53249398,
                55.63626648
              ],
              [
                12.53247751,
                55.63653185
              ],
              [
                12.53207954,
                55.6369297
              ],
              [
                12.53198877,
                55.63723677
              ],
              [
                12.53220692,
                55.63735376
              ],
              [
                12.53229102,
                55.63772971
              ],
              [
                12.53214303,
                55.6381216
              ],
              [
                12.53181103,
                55.63812775
              ],
              [
                12.53141953,
                55.63794284
              ],
              [
                12.52706444,
                55.63750421
              ],
              [
                12.52677747,
                55.63727751
              ],
              [
                12.52717676,
                55.63728427
              ],
              [
                12.5282364,
                55.63695201
              ],
              [
                12.53162296,
                55.63729461
              ],
              [
                12.53178948,
                55.63722498
              ],
              [
                12.53187843,
                55.63691185
              ],
              [
                12.53152981,
                55.63682514
              ],
              [
                12.52794109,
                55.63649843
              ],
              [
                12.52551492,
                55.63731402
              ],
              [
                12.52260768,
                55.63699956
              ],
              [
                12.52228816,
                55.63731805
              ],
              [
                12.52193103,
                55.63741428
              ],
              [
                12.52021415,
                55.63734096
              ],
              [
                12.50922355,
                55.63445425
              ],
              [
                12.5088445,
                55.63451159
              ],
              [
                12.5068809,
                55.63593991
              ],
              [
                12.50655938,
                55.63595109
              ],
              [
                12.50662084,
                55.63578684
              ],
              [
                12.50267505,
                55.63895791
              ],
              [
                12.50172812,
                55.64025431
              ],
              [
                12.5018086,
                55.64035442
              ],
              [
                12.50150525,
                55.64081132
              ],
              [
                12.50353743,
                55.64259373
              ],
              [
                12.50407444,
                55.64248878
              ],
              [
                12.5043804,
                55.64291397
              ],
              [
                12.50391018,
                55.64303308
              ],
              [
                12.50460559,
                55.64385848
              ],
              [
                12.5049309,
                55.64418054
              ],
              [
                12.50525022,
                55.64408937
              ],
              [
                12.50542558,
                55.64450215
              ],
              [
                12.50607252,
                55.64530105
              ],
              [
                12.51124164,
                55.64995603
              ],
              [
                12.51102471,
                55.65001723
              ],
              [
                12.51169604,
                55.6506564
              ],
              [
                12.52067038,
                55.65038332
              ],
              [
                12.52047244,
                55.65155866
              ],
              [
                12.52349678,
                55.65135074
              ],
              [
                12.52728716,
                55.65183428
              ],
              [
                12.5275289,
                55.65099711
              ],
              [
                12.54034513,
                55.65450906
              ],
              [
                12.54017803,
                55.65471377
              ],
              [
                12.54401774,
                55.65571555
              ],
              [
                12.54471483,
                55.6556489
              ],
              [
                12.54597163,
                55.65597303
              ],
              [
                12.55587379,
                55.65740212
              ],
              [
                12.5569115,
                55.65779841
              ],
              [
                12.5576507,
                55.65854292
              ],
              [
                12.55786932,
                55.65857532
              ],
              [
                12.55778979,
                55.6587555
              ],
              [
                12.55731452,
                55.65871925
              ],
              [
                12.55745961,
                55.66030094
              ],
              [
                12.55765918,
                55.66085023
              ],
              [
                12.55820703,
                55.66144137
              ],
              [
                12.55831118,
                55.66148842
              ],
              [
                12.5591558,
                55.66091114
              ],
              [
                12.55927813,
                55.66106119
              ],
              [
                12.55946647,
                55.66103844
              ],
              [
                12.55968723,
                55.66092934
              ],
              [
                12.55974769,
                55.66073264
              ],
              [
                12.5607609,
                55.66045491
              ],
              [
                12.5630385,
                55.66143627
              ],
              [
                12.56278842,
                55.66161258
              ],
              [
                12.56652824,
                55.66329896
              ]
            ]
          ]
        ]
      }
    },
    {
      "type": "Feature",
      "properties": {
        "name": "S\u00f8borgg\u00e5rd",
        "code": "7131",
        "source": "Dataforsyningen sogne"
      },
      "geometry": {
        "type": "Polygon",
        "coordinates": [
          [
            [
              12.51619965,
              55.74389615
            ],
            [
              12.51731981,
              55.74334479
            ],
            [
              12.51838228,
              55.74241527
            ],
            [
              12.51842412,
              55.74181101
            ],
            [
              12.51766391,
              55.7409252
            ],
            [
              12.51779336,
              55.74009382
            ],
            [
              12.51836342,
              55.73912707
            ],
            [
              12.51789826,
              55.73857924
            ],
            [
              12.51755046,
              55.73790622
            ],
            [
              12.51787216,
              55.73739751
            ],
            [
              12.51806419,
              55.73674786
            ],
            [
              12.51787246,
              55.736431
            ],
            [
              12.51783821,
              55.73575331
            ],
            [
              12.51828845,
              55.73520522
            ],
            [
              12.51902364,
              55.73469806
            ],
            [
              12.51929894,
              55.73314038
            ],
            [
              12.52001149,
              55.73140786
            ],
            [
              12.51989851,
              55.73140436
            ],
            [
              12.52012808,
              55.73126587
            ],
            [
              12.51992431,
              55.73109638
            ],
            [
              12.52117211,
              55.72970627
            ],
            [
              12.52133822,
              55.72932341
            ],
            [
              12.52137882,
              55.7285327
            ],
            [
              12.52128618,
              55.72850011
            ],
            [
              12.51938168,
              55.72886666
            ],
            [
              12.51368716,
              55.72952043
            ],
            [
              12.50108038,
              55.73073568
            ],
            [
              12.50122423,
              55.731836
            ],
            [
              12.50099123,
              55.73296667
            ],
            [
              12.50050891,
              55.73386699
            ],
            [
              12.49867548,
              55.73577952
            ],
            [
              12.4968942,
              55.73567887
            ],
            [
              12.48724365,
              55.73601399
            ],
            [
              12.48803912,
              55.73611142
            ],
            [
              12.48830058,
              55.73729409
            ],
            [
              12.48949559,
              55.73724834
            ],
            [
              12.48901962,
              55.73864089
            ],
            [
              12.49553988,
              55.7384264
            ],
            [
              12.49448787,
              55.7395169
            ],
            [
              12.49297892,
              55.73986134
            ],
            [
              12.49306857,
              55.73995131
            ],
            [
              12.49434392,
              55.73963411
            ],
            [
              12.49453751,
              55.74073986
            ],
            [
              12.49675633,
              55.74073501
            ],
            [
              12.49734912,
              55.7409064
            ],
            [
              12.49891253,
              55.74173743
            ],
            [
              12.50052222,
              55.74122209
            ],
            [
              12.50069725,
              55.74140906
            ],
            [
              12.50285991,
              55.74074376
            ],
            [
              12.50426712,
              55.73996584
            ],
            [
              12.50448855,
              55.74010491
            ],
            [
              12.50498395,
              55.74009471
            ],
            [
              12.50575266,
              55.73966697
            ],
            [
              12.50609627,
              55.74066294
            ],
            [
              12.50575201,
              55.74069499
            ],
            [
              12.50586845,
              55.7413707
            ],
            [
              12.50631946,
              55.74136123
            ],
            [
              12.50633377,
              55.74144615
            ],
            [
              12.51134938,
              55.74114145
            ],
            [
              12.51144311,
              55.7416681
            ],
            [
              12.51174575,
              55.74185905
            ],
            [
              12.5127362,
              55.74302532
            ],
            [
              12.50936676,
              55.74408056
            ],
            [
              12.5138684,
              55.74441456
            ],
            [
              12.51619965,
              55.74389615
            ]
          ]
        ]
      }
    },
    {
      "type": "Feature",
      "properties": {
        "name": "S\u00f8borgmagle",
        "code": "9068",
        "source": "Dataforsyningen sogne"
      },
      "geometry": {
        "type": "Polygon",
        "coordinates": [
          [
            [
              12.50108038,
              55.73073568
            ],
            [
              12.51938168,
              55.72886666
            ],
            [
              12.52137882,
              55.7285327
            ],
            [
              12.52148126,
              55.72783417
            ],
            [
              12.51960418,
              55.72756891
            ],
            [
              12.51828644,
              55.72673632
            ],
            [
              12.51731565,
              55.72563688
            ],
            [
              12.51529411,
              55.72286778
            ],
            [
              12.51461981,
              55.7228898
            ],
            [
              12.51472577,
              55.72214055
            ],
            [
              12.51421831,
              55.72116719
            ],
            [
              12.51356887,
              55.72047465
            ],
            [
              12.51348519,
              55.72013393
            ],
            [
              12.5135734,
              55.71997036
            ],
            [
              12.51347562,
              55.71986796
            ],
            [
              12.51222668,
              55.71982316
            ],
            [
              12.51134787,
              55.72007373
            ],
            [
              12.50805195,
              55.72027591
            ],
            [
              12.50671149,
              55.71992678
            ],
            [
              12.50589224,
              55.71983816
            ],
            [
              12.50503897,
              55.71998311
            ],
            [
              12.50435707,
              55.71985405
            ],
            [
              12.50268334,
              55.72051911
            ],
            [
              12.50098531,
              55.72044403
            ],
            [
              12.49931667,
              55.72096225
            ],
            [
              12.49951322,
              55.72255623
            ],
            [
              12.50018335,
              55.72562928
            ],
            [
              12.50023619,
              55.72670202
            ],
            [
              12.50031016,
              55.72702749
            ],
            [
              12.50040089,
              55.72702302
            ],
            [
              12.50052094,
              55.72813718
            ],
            [
              12.50113123,
              55.73020418
            ],
            [
              12.50108038,
              55.73073568
            ]
          ]
        ]
      }
    },
    {
      "type": "Feature",
      "properties": {
        "name": "S\u00f8ller\u00f8d",
        "code": "7125",
        "source": "Dataforsyningen sogne"
      },
      "geometry": {
        "type": "MultiPolygon",
        "coordinates": [
          [
            [
              [
                12.501473288679433,
                55.8
              ],
              [
                12.50034999,
                55.79934367
              ],
              [
                12.50002673,
                55.79891508
              ],
              [
                12.49812518,
                55.79948266
              ],
              [
                12.4971423,
                55.79956892
              ],
              [
                12.49650417,
                55.79985772
              ],
              [
                12.49527004,
                55.79978046
              ],
              [
                12.49407323,
                55.79989498
              ],
              [
                12.49393598,
                55.79922048
              ],
              [
                12.49370316,
                55.79923727
              ],
              [
                12.49160429,
                55.79779952
              ],
              [
                12.49105108,
                55.79720095
              ],
              [
                12.49042079,
                55.79807458
              ],
              [
                12.489580502941736,
                55.8
              ],
              [
                12.501473288679433,
                55.8
              ]
            ]
          ],
          [
            [
              [
                12.506888639888253,
                55.8
              ],
              [
                12.50548746,
                55.79994875
              ],
              [
                12.505293490820224,
                55.8
              ],
              [
                12.506888639888253,
                55.8
              ]
            ]
          ]
        ]
      }
    },
    {
      "type": "Feature",
      "properties": {
        "name": "Taarb\u00e6k",
        "code": "7124",
        "source": "Dataforsyningen sogne"
      },
      "geometry": {
        "type": "Polygon",
        "coordinates": [
          [
            [
              12.588712279913878,
              55.8
            ],
            [
              12.58947329,
              55.7980994
            ],
            [
              12.58979398,
              55.7968275
            ],
            [
              12.59015229,
              55.7961011
            ],
            [
              12.59009361,
              55.79586948
            ],
            [
              12.59056083,
              55.79507624
            ],
            [
              12.59195583,
              55.7932299
            ],
            [
              12.59302765,
              55.79135371
            ],
            [
              12.59437257,
              55.78995003
            ],
            [
              12.59463413,
              55.78930603
            ],
            [
              12.59513694,
              55.7887759
            ],
            [
              12.59544753,
              55.7887036
            ],
            [
              12.59551259,
              55.78850576
            ],
            [
              12.59610675,
              55.78833479
            ],
            [
              12.5962836,
              55.78815867
            ],
            [
              12.59630181,
              55.78769344
            ],
            [
              12.59646979,
              55.78749907
            ],
            [
              12.59640261,
              55.78740572
            ],
            [
              12.59610615,
              55.78766042
            ],
            [
              12.59613019,
              55.78810625
            ],
            [
              12.59593741,
              55.78826709
            ],
            [
              12.59562264,
              55.78835624
            ],
            [
              12.59540423,
              55.7881614
            ],
            [
              12.59543278,
              55.7877304
            ],
            [
              12.59592583,
              55.78769339
            ],
            [
              12.59545919,
              55.78767757
            ],
            [
              12.59548237,
              55.78715195
            ],
            [
              12.59691166,
              55.7874159
            ],
            [
              12.59675753,
              55.78726917
            ],
            [
              12.595811,
              55.78709197
            ],
            [
              12.59544575,
              55.78689846
            ],
            [
              12.59538497,
              55.78607327
            ],
            [
              12.5949835,
              55.78578793
            ],
            [
              12.59411286,
              55.78464179
            ],
            [
              12.59360296,
              55.78170966
            ],
            [
              12.59320863,
              55.78052799
            ],
            [
              12.59319482,
              55.77986382
            ],
            [
              12.59302731,
              55.77941373
            ],
            [
              12.59159937,
              55.77944157
            ],
            [
              12.59139191,
              55.77889869
            ],
            [
              12.59093219,
              55.77836778
            ],
            [
              12.59041595,
              55.77830752
            ],
            [
              12.58995876,
              55.77884205
            ],
            [
              12.58972004,
              55.77868556
            ],
            [
              12.58629771,
              55.77808412
            ],
            [
              12.58709233,
              55.77715886
            ],
            [
              12.58370059,
              55.77551494
            ],
            [
              12.58136495,
              55.77504116
            ],
            [
              12.58013575,
              55.77511037
            ],
            [
              12.57640994,
              55.77451175
            ],
            [
              12.57149457,
              55.7741575
            ],
            [
              12.57172701,
              55.77323421
            ],
            [
              12.56838178,
              55.77246082
            ],
            [
              12.56538093,
              55.77135066
            ],
            [
              12.56418352,
              55.77107018
            ],
            [
              12.56368211,
              55.77076212
            ],
            [
              12.56091542,
              55.77081649
            ],
            [
              12.5593324,
              55.77053096
            ],
            [
              12.55820748,
              55.77088538
            ],
            [
              12.55715472,
              55.77079279
            ],
            [
              12.55696706,
              55.77118379
            ],
            [
              12.55675451,
              55.77111469
            ],
            [
              12.55655233,
              55.77135873
            ],
            [
              12.55605499,
              55.77158121
            ],
            [
              12.55220935,
              55.7716625
            ],
            [
              12.54967266,
              55.77216791
            ],
            [
              12.54742715,
              55.77325354
            ],
            [
              12.54701848,
              55.77334672
            ],
            [
              12.54706114,
              55.77356857
            ],
            [
              12.5442323,
              55.77557473
            ],
            [
              12.54422965,
              55.77574744
            ],
            [
              12.54440563,
              55.77573544
            ],
            [
              12.54443462,
              55.77624227
            ],
            [
              12.54450097,
              55.78756491
            ],
            [
              12.54462406,
              55.7876305
            ],
            [
              12.54463224,
              55.78783806
            ],
            [
              12.54448357,
              55.78784397
            ],
            [
              12.54457875,
              55.79819161
            ],
            [
              12.54455354,
              55.79866916
            ],
            [
              12.54422372,
              55.79866699
            ],
            [
              12.54417546,
              55.79890855
            ],
            [
              12.54454136,
              55.79894241
            ],
            [
              12.54458958,
              55.79904784
            ],
            [
              12.544555377750642,
              55.8
            ],
            [
              12.588712279913878,
              55.8
            ]
          ]
        ]
      }
    },
    {
      "type": "Feature",
      "properties": {
        "name": "Taastrup Nykirke",
        "code": "7153",
        "source": "Dataforsyningen sogne"
      },
      "geometry": {
        "type": "Polygon",
        "coordinates": [
          [
            [
              12.33,
              55.650490314916205
            ],
            [
              12.33208426,
              55.64987472
            ],
            [
              12.33488345,
              55.64960863
            ],
            [
              12.33639888,
              55.64888354
            ],
            [
              12.3371911,
              55.64814692
            ],
            [
              12.33735359,
              55.64749505
            ],
            [
              12.33806083,
              55.64650962
            ],
            [
              12.3373439,
              55.64523902
            ],
            [
              12.33959724,
              55.64329673
            ],
            [
              12.34607961,
              55.63821957
            ],
            [
              12.34662457,
              55.63758134
            ],
            [
              12.34067272,
              55.636072
            ],
            [
              12.33929313,
              55.63604873
            ],
            [
              12.33734757,
              55.63652825
            ],
            [
              12.33595809,
              55.6365587
            ],
            [
              12.3325504,
              55.63601286
            ],
            [
              12.33,
              55.63646981551712
            ],
            [
              12.33,
              55.650490314916205
            ]
          ]
        ]
      }
    },
    {
      "type": "Feature",
      "properties": {
        "name": "Tagensbo",
        "code": "7063",
        "source": "Dataforsyningen sogne"
      },
      "geometry": {
        "type": "MultiPolygon",
        "coordinates": [
          [
            [
              [
                12.52621461,
                55.70730397
              ],
              [
                12.52400514,
                55.70791667
              ],
              [
                12.52399769,
                55.7079488
              ],
              [
                12.52512332,
                55.70846342
              ],
              [
                12.52705781,
                55.70800472
              ],
              [
                12.52621461,
                55.70730397
              ]
            ]
          ],
          [
            [
              [
                12.53968697,
                55.7086856
              ],
              [
                12.54185568,
                55.7067819
              ],
              [
                12.54163204,
                55.70662747
              ],
              [
                12.54140737,
                55.70672442
              ],
              [
                12.54163304,
                55.70657871
              ],
              [
                12.53962218,
                55.7045934
              ],
              [
                12.53825686,
                55.70470238
              ],
              [
                12.53830728,
                55.7049535
              ],
              [
                12.5379669,
                55.70481172
              ],
              [
                12.53782596,
                55.70412325
              ],
              [
                12.52909365,
                55.70651498
              ],
              [
                12.52940508,
                55.70692907
              ],
              [
                12.52921555,
                55.70696581
              ],
              [
                12.52880299,
                55.70658511
              ],
              [
                12.5266438,
                55.70718409
              ],
              [
                12.52732563,
                55.70788948
              ],
              [
                12.52800516,
                55.70777831
              ],
              [
                12.52817492,
                55.70748354
              ],
              [
                12.52879947,
                55.70728026
              ],
              [
                12.52886897,
                55.70738697
              ],
              [
                12.5283452,
                55.70754401
              ],
              [
                12.52826088,
                55.70776565
              ],
              [
                12.52855569,
                55.70790716
              ],
              [
                12.52917578,
                55.70787502
              ],
              [
                12.52857988,
                55.70796526
              ],
              [
                12.5280292,
                55.70783301
              ],
              [
                12.52531304,
                55.70858403
              ],
              [
                12.52842852,
                55.71008426
              ],
              [
                12.53495128,
                55.71012756
              ],
              [
                12.53810977,
                55.71036201
              ],
              [
                12.53968697,
                55.7086856
              ]
            ],
            [
              [
                12.53888907,
                55.70540321
              ],
              [
                12.53839339,
                55.70538244
              ],
              [
                12.53832064,
                55.70502011
              ],
              [
                12.53930512,
                55.70490997
              ],
              [
                12.53949247,
                55.70563055
              ],
              [
                12.53894369,
                55.70567597
              ],
              [
                12.53888907,
                55.70540321
              ]
            ]
          ]
        ]
      }
    },
    {
      "type": "Feature",
      "properties": {
        "name": "Timotheus",
        "code": "7026",
        "source": "Dataforsyningen sogne"
      },
      "geometry": {
        "type": "Polygon",
        "coordinates": [
          [
            [
              12.51381943,
              55.66839089
            ],
            [
              12.51392876,
              55.66711002
            ],
            [
              12.51587638,
              55.66710852
            ],
            [
              12.51387305,
              55.66707014
            ],
            [
              12.51384623,
              55.66681583
            ],
            [
              12.51467778,
              55.66491383
            ],
            [
              12.51449754,
              55.66422224
            ],
            [
              12.5149207,
              55.66397435
            ],
            [
              12.5159034,
              55.66394948
            ],
            [
              12.51600302,
              55.66356166
            ],
            [
              12.51330699,
              55.66345185
            ],
            [
              12.50772038,
              55.66352194
            ],
            [
              12.50849358,
              55.6618272
            ],
            [
              12.50847112,
              55.66107201
            ],
            [
              12.50338818,
              55.66066772
            ],
            [
              12.49914038,
              55.65986794
            ],
            [
              12.49852005,
              55.66012589
            ],
            [
              12.49888584,
              55.65944004
            ],
            [
              12.49822908,
              55.6597318
            ],
            [
              12.49754619,
              55.65963281
            ],
            [
              12.49743304,
              55.65950206
            ],
            [
              12.49670239,
              55.65978051
            ],
            [
              12.49782029,
              55.65991312
            ],
            [
              12.49506925,
              55.6611197
            ],
            [
              12.49091857,
              55.6626918
            ],
            [
              12.4882867,
              55.66334397
            ],
            [
              12.48473876,
              55.66364142
            ],
            [
              12.48408031,
              55.66346538
            ],
            [
              12.48300392,
              55.66348526
            ],
            [
              12.4831367,
              55.66390166
            ],
            [
              12.48272878,
              55.66390453
            ],
            [
              12.48267713,
              55.66377625
            ],
            [
              12.47896063,
              55.6638315
            ],
            [
              12.47891569,
              55.66306931
            ],
            [
              12.478162,
              55.66307613
            ],
            [
              12.47817492,
              55.66354053
            ],
            [
              12.47854206,
              55.66402788
            ],
            [
              12.47858441,
              55.66457822
            ],
            [
              12.48349293,
              55.6644999
            ],
            [
              12.48350113,
              55.66440796
            ],
            [
              12.48385881,
              55.66439995
            ],
            [
              12.48386275,
              55.66450864
            ],
            [
              12.48815473,
              55.66463441
            ],
            [
              12.48819807,
              55.6643922
            ],
            [
              12.49388224,
              55.66430012
            ],
            [
              12.49404058,
              55.6657329
            ],
            [
              12.49437329,
              55.66577836
            ],
            [
              12.49409677,
              55.66577069
            ],
            [
              12.49407772,
              55.66712652
            ],
            [
              12.49382516,
              55.66903003
            ],
            [
              12.49389115,
              55.66934006
            ],
            [
              12.49378967,
              55.66939735
            ],
            [
              12.49430855,
              55.66928051
            ],
            [
              12.49595374,
              55.66996867
            ],
            [
              12.49622505,
              55.66984099
            ],
            [
              12.49653318,
              55.6689282
            ],
            [
              12.50102713,
              55.66912347
            ],
            [
              12.50105605,
              55.66928863
            ],
            [
              12.5026309,
              55.66936144
            ],
            [
              12.50307221,
              55.66911055
            ],
            [
              12.51095746,
              55.66950651
            ],
            [
              12.51100417,
              55.66961226
            ],
            [
              12.51414893,
              55.66879812
            ],
            [
              12.51381943,
              55.66839089
            ]
          ]
        ]
      }
    },
    {
      "type": "Feature",
      "properties": {
        "name": "Tingbjerg",
        "code": "9133",
        "source": "Dataforsyningen sogne"
      },
      "geometry": {
        "type": "Polygon",
        "coordinates": [
          [
            [
              12.4843166,
              55.72476505
            ],
            [
              12.48802318,
              55.7245211
            ],
            [
              12.49011388,
              55.72342206
            ],
            [
              12.49740328,
              55.71870275
            ],
            [
              12.49673106,
              55.71830021
            ],
            [
              12.49603344,
              55.71808559
            ],
            [
              12.49596464,
              55.71795934
            ],
            [
              12.49391803,
              55.71736162
            ],
            [
              12.49143585,
              55.71705311
            ],
            [
              12.48919202,
              55.71704096
            ],
            [
              12.48792408,
              55.71539283
            ],
            [
              12.48423473,
              55.71645129
            ],
            [
              12.48382485,
              55.71672782
            ],
            [
              12.48325109,
              55.71673296
            ],
            [
              12.47985446,
              55.71765044
            ],
            [
              12.47961608,
              55.71812197
            ],
            [
              12.47913835,
              55.71840633
            ],
            [
              12.47746519,
              55.71837806
            ],
            [
              12.47614116,
              55.7187559
            ],
            [
              12.47367626,
              55.71809795
            ],
            [
              12.47287301,
              55.71805721
            ],
            [
              12.47237849,
              55.717737
            ],
            [
              12.47128363,
              55.71744195
            ],
            [
              12.47031973,
              55.71774103
            ],
            [
              12.47079159,
              55.71886104
            ],
            [
              12.47286322,
              55.7188722
            ],
            [
              12.47430391,
              55.7198496
            ],
            [
              12.47711111,
              55.72103435
            ],
            [
              12.47751114,
              55.72209983
            ],
            [
              12.4843166,
              55.72476505
            ]
          ]
        ]
      }
    },
    {
      "type": "Feature",
      "properties": {
        "name": "Trinitatis",
        "code": "7003",
        "source": "Dataforsyningen sogne"
      },
      "geometry": {
        "type": "Polygon",
        "coordinates": [
          [
            [
              12.57422302,
              55.68900369
            ],
            [
              12.57819536,
              55.68716961
            ],
            [
              12.57898602,
              55.68740523
            ],
            [
              12.58382143,
              55.68608716
            ],
            [
              12.58088967,
              55.68271654
            ],
            [
              12.5805569,
              55.68287848
            ],
            [
              12.58050814,
              55.68263947
            ],
            [
              12.57792364,
              55.68071342
            ],
            [
              12.57639942,
              55.68111818
            ],
            [
              12.5747826,
              55.67992024
            ],
            [
              12.57438259,
              55.6802556
            ],
            [
              12.5734723,
              55.67992255
            ],
            [
              12.57181276,
              55.6825716
            ],
            [
              12.57077081,
              55.68234496
            ],
            [
              12.56973064,
              55.68153388
            ],
            [
              12.56906329,
              55.68178287
            ],
            [
              12.56901859,
              55.68192273
            ],
            [
              12.56596368,
              55.68311526
            ],
            [
              12.56791779,
              55.68486504
            ],
            [
              12.56788372,
              55.68497492
            ],
            [
              12.56830711,
              55.68518119
            ],
            [
              12.569278,
              55.68607486
            ],
            [
              12.57266093,
              55.68832105
            ],
            [
              12.57292622,
              55.68814607
            ],
            [
              12.57422302,
              55.68900369
            ]
          ]
        ]
      }
    },
    {
      "type": "Feature",
      "properties": {
        "name": "T\u00e5rnby",
        "code": "7190",
        "source": "Dataforsyningen sogne"
      },
      "geometry": {
        "type": "MultiPolygon",
        "coordinates": [
          [
            [
              [
                12.61199265,
                55.63024419
              ],
              [
                12.61186746,
                55.63030175
              ],
              [
                12.61187733,
                55.6301655
              ],
              [
                12.61480544,
                55.63013571
              ],
              [
                12.61709233,
                55.63030858
              ],
              [
                12.61720015,
                55.62762776
              ],
              [
                12.61708332,
                55.62741909
              ],
              [
                12.61856444,
                55.62700624
              ],
              [
                12.6240901,
                55.62693617
              ],
              [
                12.63924101,
                55.62717364
              ],
              [
                12.65015615,
                55.62582233
              ],
              [
                12.64975161,
                55.62535869
              ],
              [
                12.64886646,
                55.62487575
              ],
              [
                12.64896367,
                55.62484273
              ],
              [
                12.64854262,
                55.62450035
              ],
              [
                12.65095016,
                55.62467519
              ],
              [
                12.65092733,
                55.62483449
              ],
              [
                12.65551862,
                55.62534836
              ],
              [
                12.65483007,
                55.62728494
              ],
              [
                12.65943009,
                55.62809649
              ],
              [
                12.67580347,
                55.632792
              ],
              [
                12.67777509,
                55.63208126
              ],
              [
                12.679319,
                55.63114108
              ],
              [
                12.68044784,
                55.62998082
              ],
              [
                12.68108303,
                55.62859447
              ],
              [
                12.68155083,
                55.61458625
              ],
              [
                12.68148812,
                55.61361976
              ],
              [
                12.68127615,
                55.61343828
              ],
              [
                12.67950509,
                55.61279891
              ],
              [
                12.67979502,
                55.61179908
              ],
              [
                12.68151072,
                55.61194365
              ],
              [
                12.68133018,
                55.61067622
              ],
              [
                12.68121242,
                55.61072148
              ],
              [
                12.68128487,
                55.61185116
              ],
              [
                12.68036941,
                55.61175242
              ],
              [
                12.68045998,
                55.61148155
              ],
              [
                12.68083984,
                55.61152391
              ],
              [
                12.68065574,
                55.61147512
              ],
              [
                12.6807219,
                55.61127774
              ],
              [
                12.68002497,
                55.61120345
              ],
              [
                12.68013847,
                55.61085177
              ],
              [
                12.68074073,
                55.61088897
              ],
              [
                12.68009924,
                55.61081797
              ],
              [
                12.67994454,
                55.61116567
              ],
              [
                12.6800878,
                55.61039783
              ],
              [
                12.68130784,
                55.61026523
              ],
              [
                12.68009517,
                55.61029852
              ],
              [
                12.67960142,
                55.60956816
              ],
              [
                12.67909882,
                55.6091127
              ],
              [
                12.67633863,
                55.60734875
              ],
              [
                12.6750646,
                55.60683944
              ],
              [
                12.67348661,
                55.60659183
              ],
              [
                12.65725183,
                55.60678261
              ],
              [
                12.65257666,
                55.60735337
              ],
              [
                12.64798352,
                55.60828164
              ],
              [
                12.64450604,
                55.60849189
              ],
              [
                12.63244862,
                55.60865769
              ],
              [
                12.6318785,
                55.60519494
              ],
              [
                12.6324358,
                55.60214557
              ],
              [
                12.63203885,
                55.60206094
              ],
              [
                12.63147684,
                55.60165669
              ],
              [
                12.62489824,
                55.60340224
              ],
              [
                12.62496203,
                55.60348757
              ],
              [
                12.62353122,
                55.60427706
              ],
              [
                12.62293576,
                55.60401385
              ],
              [
                12.62234849,
                55.60340043
              ],
              [
                12.62191879,
                55.60253731
              ],
              [
                12.6216336,
                55.60136032
              ],
              [
                12.62195443,
                55.59724561
              ],
              [
                12.62187988,
                55.59639959
              ],
              [
                12.62176604,
                55.59630675
              ],
              [
                12.62196251,
                55.59633807
              ],
              [
                12.62193073,
                55.59604686
              ],
              [
                12.62182994,
                55.59604571
              ],
              [
                12.62173723,
                55.5954503
              ],
              [
                12.62104259,
                55.59411853
              ],
              [
                12.62060877,
                55.59290601
              ],
              [
                12.61981567,
                55.59169377
              ],
              [
                12.61894765,
                55.59085681
              ],
              [
                12.61733484,
                55.58974071
              ],
              [
                12.61765452,
                55.58975339
              ],
              [
                12.6176512,
                55.58907783
              ],
              [
                12.6181011,
                55.58826344
              ],
              [
                12.61841148,
                55.58638806
              ],
              [
                12.61765196,
                55.58478825
              ],
              [
                12.61730977,
                55.58445297
              ],
              [
                12.61587147,
                55.58186411
              ],
              [
                12.6157814,
                55.58148227
              ],
              [
                12.61530734,
                55.58099002
              ],
              [
                12.61538027,
                55.58089246
              ],
              [
                12.61506935,
                55.58030295
              ],
              [
                12.61313023,
                55.57785024
              ],
              [
                12.61138689,
                55.57611235
              ],
              [
                12.60989725,
                55.57693094
              ],
              [
                12.5922334,
                55.57729819
              ],
              [
                12.59020576,
                55.58036186
              ],
              [
                12.58635514,
                55.57966821
              ],
              [
                12.58578601,
                55.58109374
              ],
              [
                12.5910213,
                55.58204956
              ],
              [
                12.5905894,
                55.58321032
              ],
              [
                12.59154659,
                55.58336074
              ],
              [
                12.59083146,
                55.58504765
              ],
              [
                12.59159875,
                55.58516254
              ],
              [
                12.59148031,
                55.58544198
              ],
              [
                12.59074066,
                55.58533958
              ],
              [
                12.58947114,
                55.58872665
              ],
              [
                12.59272227,
                55.58927838
              ],
              [
                12.58996274,
                55.59460232
              ],
              [
                12.5970898,
                55.59579523
              ],
              [
                12.59706531,
                55.59597516
              ],
              [
                12.5942192,
                55.59716454
              ],
              [
                12.59426554,
                55.59745218
              ],
              [
                12.59621897,
                55.60008559
              ],
              [
                12.59724569,
                55.60113043
              ],
              [
                12.59935027,
                55.60365496
              ],
              [
                12.60033043,
                55.60528822
              ],
              [
                12.60033358,
                55.6056274
              ],
              [
                12.60127194,
                55.60587074
              ],
              [
                12.603034,
                55.60595938
              ],
              [
                12.60426544,
                55.6058844
              ],
              [
                12.6045022,
                55.60680036
              ],
              [
                12.60590328,
                55.60661507
              ],
              [
                12.60433259,
                55.60699817
              ],
              [
                12.60464883,
                55.60706815
              ],
              [
                12.60603609,
                55.60666954
              ],
              [
                12.60730395,
                55.60782408
              ],
              [
                12.60714089,
                55.60821554
              ],
              [
                12.60648542,
                55.60894808
              ],
              [
                12.6064557,
                55.60908797
              ],
              [
                12.6066489,
                55.60930609
              ],
              [
                12.60700994,
                55.60959786
              ],
              [
                12.60810221,
                55.60925889
              ],
              [
                12.61000308,
                55.61136078
              ],
              [
                12.61113536,
                55.61199165
              ],
              [
                12.61245197,
                55.61240504
              ],
              [
                12.61053069,
                55.61438821
              ],
              [
                12.60874765,
                55.61583972
              ],
              [
                12.60864466,
                55.61581173
              ],
              [
                12.60543252,
                55.61851937
              ],
              [
                12.60572822,
                55.61864033
              ],
              [
                12.60513243,
                55.61960939
              ],
              [
                12.60480565,
                55.62042307
              ],
              [
                12.60424188,
                55.62340502
              ],
              [
                12.59874361,
                55.62337143
              ],
              [
                12.58966553,
                55.62205758
              ],
              [
                12.59190861,
                55.62286415
              ],
              [
                12.59343266,
                55.63373869
              ],
              [
                12.59231652,
                55.63796398
              ],
              [
                12.59905691,
                55.63789839
              ],
              [
                12.60837225,
                55.63919679
              ],
              [
                12.61044828,
                55.63434688
              ],
              [
                12.61059614,
                55.63429712
              ],
              [
                12.6105124,
                55.63404017
              ],
              [
                12.61199265,
                55.63024419
              ]
            ]
          ],
          [
            [
              [
                12.68689605,
                55.6359149
              ],
              [
                12.68658512,
                55.63594548
              ],
              [
                12.68655838,
                55.63609897
              ],
              [
                12.68685239,
                55.63604228
              ],
              [
                12.68689605,
                55.6359149
              ]
            ]
          ]
        ]
      }
    },
    {
      "type": "Feature",
      "properties": {
        "name": "Valby",
        "code": "7024",
        "source": "Dataforsyningen sogne"
      },
      "geometry": {
        "type": "Polygon",
        "coordinates": [
          [
            [
              12.53444236,
              55.66863033
            ],
            [
              12.53532198,
              55.6674865
            ],
            [
              12.53516293,
              55.66702163
            ],
            [
              12.53505007,
              55.66703496
            ],
            [
              12.53505357,
              55.66689045
            ],
            [
              12.53517853,
              55.66687543
            ],
            [
              12.53506493,
              55.66656858
            ],
            [
              12.53509671,
              55.6656622
            ],
            [
              12.53518418,
              55.66562848
            ],
            [
              12.53508324,
              55.66464393
            ],
            [
              12.53455718,
              55.66440598
            ],
            [
              12.53468662,
              55.66411991
            ],
            [
              12.53453125,
              55.66377839
            ],
            [
              12.53435388,
              55.66362678
            ],
            [
              12.53058982,
              55.66385662
            ],
            [
              12.53057807,
              55.66381281
            ],
            [
              12.53287025,
              55.66361298
            ],
            [
              12.53524176,
              55.66357672
            ],
            [
              12.53534682,
              55.66354761
            ],
            [
              12.53544209,
              55.66303108
            ],
            [
              12.5304667,
              55.66320539
            ],
            [
              12.53056074,
              55.66303615
            ],
            [
              12.52771501,
              55.66289149
            ],
            [
              12.52533203,
              55.66240211
            ],
            [
              12.52163104,
              55.66212948
            ],
            [
              12.51859281,
              55.66130137
            ],
            [
              12.51634386,
              55.66149996
            ],
            [
              12.50847112,
              55.66107201
            ],
            [
              12.50849358,
              55.6618272
            ],
            [
              12.50772038,
              55.66352194
            ],
            [
              12.51330699,
              55.66345185
            ],
            [
              12.51600302,
              55.66356166
            ],
            [
              12.5159034,
              55.66394948
            ],
            [
              12.5149207,
              55.66397435
            ],
            [
              12.51449754,
              55.66422224
            ],
            [
              12.51467778,
              55.66491383
            ],
            [
              12.5140303,
              55.66628931
            ],
            [
              12.51387305,
              55.66707014
            ],
            [
              12.51587638,
              55.66710852
            ],
            [
              12.51392876,
              55.66711002
            ],
            [
              12.51381943,
              55.66839089
            ],
            [
              12.51414893,
              55.66879812
            ],
            [
              12.51733958,
              55.66795183
            ],
            [
              12.5195479,
              55.66751683
            ],
            [
              12.52031956,
              55.66721495
            ],
            [
              12.52252664,
              55.66671178
            ],
            [
              12.523241,
              55.66672506
            ],
            [
              12.52331292,
              55.66650584
            ],
            [
              12.52831414,
              55.66736926
            ],
            [
              12.52995302,
              55.66778372
            ],
            [
              12.53037604,
              55.66774501
            ],
            [
              12.53493175,
              55.66881917
            ],
            [
              12.53444236,
              55.66863033
            ]
          ]
        ]
      }
    },
    {
      "type": "Feature",
      "properties": {
        "name": "Valby S\u00f8ndre",
        "code": "9190",
        "source": "Dataforsyningen sogne"
      },
      "geometry": {
        "type": "Polygon",
        "coordinates": [
          [
            [
              12.53056074,
              55.66303615
            ],
            [
              12.53146521,
              55.6614042
            ],
            [
              12.5321018,
              55.66136032
            ],
            [
              12.53240219,
              55.66057443
            ],
            [
              12.53387425,
              55.66075221
            ],
            [
              12.53438246,
              55.65958348
            ],
            [
              12.53469026,
              55.65958378
            ],
            [
              12.53481562,
              55.65924738
            ],
            [
              12.5332993,
              55.65935772
            ],
            [
              12.533121,
              55.65967874
            ],
            [
              12.53275159,
              55.65965315
            ],
            [
              12.53261197,
              55.65941008
            ],
            [
              12.53567731,
              55.65397499
            ],
            [
              12.52921093,
              55.65215295
            ],
            [
              12.52680733,
              55.65178955
            ],
            [
              12.52683312,
              55.6516997
            ],
            [
              12.52324823,
              55.65134188
            ],
            [
              12.52047244,
              55.65155866
            ],
            [
              12.52067038,
              55.65038332
            ],
            [
              12.51169604,
              55.6506564
            ],
            [
              12.51102471,
              55.65001723
            ],
            [
              12.51124164,
              55.64995603
            ],
            [
              12.50607252,
              55.64530105
            ],
            [
              12.50542558,
              55.64450215
            ],
            [
              12.50525022,
              55.64408937
            ],
            [
              12.5049309,
              55.64418054
            ],
            [
              12.50460559,
              55.64385848
            ],
            [
              12.50391018,
              55.64303308
            ],
            [
              12.5043804,
              55.64291397
            ],
            [
              12.50407444,
              55.64248878
            ],
            [
              12.50353743,
              55.64259373
            ],
            [
              12.50150525,
              55.64081132
            ],
            [
              12.50093569,
              55.64147094
            ],
            [
              12.49866333,
              55.64258172
            ],
            [
              12.49768381,
              55.64280066
            ],
            [
              12.49720458,
              55.64304784
            ],
            [
              12.4972123,
              55.6433144
            ],
            [
              12.49430821,
              55.64540972
            ],
            [
              12.49335471,
              55.64571833
            ],
            [
              12.49158703,
              55.64594538
            ],
            [
              12.49047586,
              55.64647103
            ],
            [
              12.49013645,
              55.64750555
            ],
            [
              12.48922822,
              55.64862549
            ],
            [
              12.48853117,
              55.6491601
            ],
            [
              12.48863761,
              55.64936621
            ],
            [
              12.48815809,
              55.64997258
            ],
            [
              12.48767412,
              55.65092569
            ],
            [
              12.48724521,
              55.65134701
            ],
            [
              12.48626128,
              55.65192878
            ],
            [
              12.48672138,
              55.6521332
            ],
            [
              12.48693818,
              55.65251808
            ],
            [
              12.48879284,
              55.65252842
            ],
            [
              12.48844929,
              55.65292619
            ],
            [
              12.48901903,
              55.6530381
            ],
            [
              12.48916846,
              55.65286427
            ],
            [
              12.49256155,
              55.65364018
            ],
            [
              12.49282727,
              55.65382377
            ],
            [
              12.49320011,
              55.65378725
            ],
            [
              12.49445451,
              55.65407591
            ],
            [
              12.49459056,
              55.65386459
            ],
            [
              12.49712311,
              55.65444741
            ],
            [
              12.49753056,
              55.65442076
            ],
            [
              12.49776167,
              55.654594
            ],
            [
              12.49972612,
              55.65504542
            ],
            [
              12.50013413,
              55.65435553
            ],
            [
              12.50161278,
              55.65470768
            ],
            [
              12.49991601,
              55.65800829
            ],
            [
              12.4993849,
              55.65849119
            ],
            [
              12.50085354,
              55.6583954
            ],
            [
              12.50093991,
              55.65852736
            ],
            [
              12.49888584,
              55.65944004
            ],
            [
              12.49852005,
              55.66012589
            ],
            [
              12.49914038,
              55.65986794
            ],
            [
              12.50307409,
              55.66062562
            ],
            [
              12.50664007,
              55.66097469
            ],
            [
              12.51634386,
              55.66149996
            ],
            [
              12.51859281,
              55.66130137
            ],
            [
              12.52163104,
              55.66212948
            ],
            [
              12.52533203,
              55.66240211
            ],
            [
              12.52771501,
              55.66289149
            ],
            [
              12.52880276,
              55.66295559
            ],
            [
              12.53056074,
              55.66303615
            ]
          ]
        ]
      }
    },
    {
      "type": "Feature",
      "properties": {
        "name": "Vallensb\u00e6k",
        "code": "7149",
        "source": "Dataforsyningen sogne"
      },
      "geometry": {
        "type": "Polygon",
        "coordinates": [
          [
            [
              12.36498335,
              55.65621462
            ],
            [
              12.37352971,
              55.64975268
            ],
            [
              12.37573059,
              55.64719661
            ],
            [
              12.37706148,
              55.64599263
            ],
            [
              12.38060653,
              55.6435484
            ],
            [
              12.3818393,
              55.64192872
            ],
            [
              12.38295285,
              55.64002099
            ],
            [
              12.38731934,
              55.63560261
            ],
            [
              12.39205117,
              55.62945267
            ],
            [
              12.39659429,
              55.62474995
            ],
            [
              12.39851125,
              55.62331449
            ],
            [
              12.40338292,
              55.61837912
            ],
            [
              12.40496802,
              55.61224602
            ],
            [
              12.40269077,
              55.61169555
            ],
            [
              12.40034874,
              55.61089525
            ],
            [
              12.4004199,
              55.61010852
            ],
            [
              12.40014831,
              55.60991645
            ],
            [
              12.40035199,
              55.6095373
            ],
            [
              12.39610821,
              55.6095856
            ],
            [
              12.3853365,
              55.61189261
            ],
            [
              12.38309148,
              55.61289015
            ],
            [
              12.38106661,
              55.61430174
            ],
            [
              12.37979639,
              55.61454205
            ],
            [
              12.37876093,
              55.61489456
            ],
            [
              12.378449,
              55.61519447
            ],
            [
              12.37815851,
              55.61605727
            ],
            [
              12.37706051,
              55.61736195
            ],
            [
              12.37650743,
              55.61764027
            ],
            [
              12.37479886,
              55.6180852
            ],
            [
              12.37469755,
              55.61879164
            ],
            [
              12.37398167,
              55.61929642
            ],
            [
              12.37337865,
              55.61993521
            ],
            [
              12.37211151,
              55.62032488
            ],
            [
              12.37052564,
              55.62160632
            ],
            [
              12.36915116,
              55.62228276
            ],
            [
              12.36736977,
              55.62403752
            ],
            [
              12.36401377,
              55.62585707
            ],
            [
              12.3579197,
              55.62765096
            ],
            [
              12.3561403,
              55.62855512
            ],
            [
              12.35465067,
              55.63014479
            ],
            [
              12.35270901,
              55.63178764
            ],
            [
              12.3498018,
              55.63465661
            ],
            [
              12.34774647,
              55.63647339
            ],
            [
              12.34607961,
              55.63821957
            ],
            [
              12.34133408,
              55.64195946
            ],
            [
              12.34273118,
              55.64405413
            ],
            [
              12.34310375,
              55.64425634
            ],
            [
              12.34420313,
              55.6454681
            ],
            [
              12.345781,
              55.64690362
            ],
            [
              12.34703921,
              55.64771677
            ],
            [
              12.34939833,
              55.6487229
            ],
            [
              12.35420833,
              55.64925546
            ],
            [
              12.35371989,
              55.65044683
            ],
            [
              12.35417951,
              55.65049441
            ],
            [
              12.35432111,
              55.65060679
            ],
            [
              12.3542883,
              55.65089603
            ],
            [
              12.3540902,
              55.65097257
            ],
            [
              12.35274737,
              55.65485945
            ],
            [
              12.35464089,
              55.65507136
            ],
            [
              12.3548438,
              55.65448426
            ],
            [
              12.35928685,
              55.65497327
            ],
            [
              12.35908257,
              55.65556221
            ],
            [
              12.36498335,
              55.65621462
            ]
          ]
        ]
      }
    },
    {
      "type": "Feature",
      "properties": {
        "name": "Vangede",
        "code": "7113",
        "source": "Dataforsyningen sogne"
      },
      "geometry": {
        "type": "Polygon",
        "coordinates": [
          [
            [
              12.51773841,
              55.76276911
            ],
            [
              12.51777255,
              55.7626359
            ],
            [
              12.51949133,
              55.76213859
            ],
            [
              12.52493428,
              55.76019455
            ],
            [
              12.53485738,
              55.75613509
            ],
            [
              12.53394961,
              55.75409173
            ],
            [
              12.53363967,
              55.75287114
            ],
            [
              12.53264399,
              55.75194247
            ],
            [
              12.53264709,
              55.75078912
            ],
            [
              12.53203604,
              55.7488192
            ],
            [
              12.53223098,
              55.7470284
            ],
            [
              12.53243803,
              55.74634961
            ],
            [
              12.53270279,
              55.74605345
            ],
            [
              12.53257177,
              55.74587379
            ],
            [
              12.53309796,
              55.74502791
            ],
            [
              12.5340325,
              55.74469286
            ],
            [
              12.53413045,
              55.74392926
            ],
            [
              12.53486938,
              55.74347792
            ],
            [
              12.53398705,
              55.74242029
            ],
            [
              12.53872295,
              55.73807701
            ],
            [
              12.5387543,
              55.7377757
            ],
            [
              12.53453834,
              55.737289
            ],
            [
              12.53219846,
              55.73727158
            ],
            [
              12.53191569,
              55.73717587
            ],
            [
              12.53053361,
              55.73761118
            ],
            [
              12.53003855,
              55.73730379
            ],
            [
              12.52669335,
              55.73862606
            ],
            [
              12.5232042,
              55.73978251
            ],
            [
              12.52340209,
              55.74017237
            ],
            [
              12.52332104,
              55.74027207
            ],
            [
              12.52291428,
              55.73986555
            ],
            [
              12.51960676,
              55.74109258
            ],
            [
              12.51920382,
              55.74108003
            ],
            [
              12.51814831,
              55.74145458
            ],
            [
              12.51844005,
              55.74186217
            ],
            [
              12.51838228,
              55.74241527
            ],
            [
              12.51731981,
              55.74334479
            ],
            [
              12.51619965,
              55.74389615
            ],
            [
              12.5138684,
              55.74441456
            ],
            [
              12.51007352,
              55.74413004
            ],
            [
              12.50635232,
              55.74546455
            ],
            [
              12.50609661,
              55.74578916
            ],
            [
              12.50417031,
              55.74681535
            ],
            [
              12.50070541,
              55.74748922
            ],
            [
              12.5009463,
              55.74785046
            ],
            [
              12.50040746,
              55.74794972
            ],
            [
              12.50168055,
              55.7502573
            ],
            [
              12.49868713,
              55.75086642
            ],
            [
              12.4987515,
              55.75152069
            ],
            [
              12.49864515,
              55.75152237
            ],
            [
              12.49865674,
              55.75169441
            ],
            [
              12.49894387,
              55.75168901
            ],
            [
              12.49924393,
              55.75235455
            ],
            [
              12.50019206,
              55.75228328
            ],
            [
              12.50051505,
              55.75705743
            ],
            [
              12.50012989,
              55.75762022
            ],
            [
              12.49945343,
              55.75808368
            ],
            [
              12.49939806,
              55.75837847
            ],
            [
              12.49974269,
              55.7587774
            ],
            [
              12.50029533,
              55.75898859
            ],
            [
              12.50030716,
              55.7593801
            ],
            [
              12.50093113,
              55.7599633
            ],
            [
              12.50170127,
              55.76025585
            ],
            [
              12.50314526,
              55.76043935
            ],
            [
              12.50367138,
              55.76039377
            ],
            [
              12.50620038,
              55.76131926
            ],
            [
              12.50653776,
              55.76162387
            ],
            [
              12.50728498,
              55.7618203
            ],
            [
              12.50831193,
              55.76241596
            ],
            [
              12.50890736,
              55.7625999
            ],
            [
              12.51244872,
              55.76296951
            ],
            [
              12.51253264,
              55.76250216
            ],
            [
              12.51321874,
              55.76291367
            ],
            [
              12.51670596,
              55.76311343
            ],
            [
              12.51773841,
              55.76276911
            ]
          ]
        ]
      }
    },
    {
      "type": "Feature",
      "properties": {
        "name": "Vanl\u00f8se",
        "code": "7058",
        "source": "Dataforsyningen sogne"
      },
      "geometry": {
        "type": "MultiPolygon",
        "coordinates": [
          [
            [
              [
                12.47953426,
                55.684746
              ],
              [
                12.4784053,
                55.68492054
              ],
              [
                12.47835603,
                55.68497508
              ],
              [
                12.47925701,
                55.68542814
              ],
              [
                12.47953426,
                55.684746
              ]
            ]
          ],
          [
            [
              [
                12.49099316,
                55.68975086
              ],
              [
                12.49015715,
                55.68962027
              ],
              [
                12.48950941,
                55.69064782
              ],
              [
                12.49057263,
                55.69078058
              ],
              [
                12.49099316,
                55.68975086
              ]
            ]
          ],
          [
            [
              [
                12.48943755,
                55.69077017
              ],
              [
                12.48863886,
                55.69191907
              ],
              [
                12.48865464,
                55.69196574
              ],
              [
                12.4896895,
                55.69212107
              ],
              [
                12.49045902,
                55.6909524
              ],
              [
                12.48943755,
                55.69077017
              ]
            ]
          ],
          [
            [
              [
                12.46376935,
                55.70080744
              ],
              [
                12.47713162,
                55.69769951
              ],
              [
                12.4806902,
                55.69793207
              ],
              [
                12.48087272,
                55.6979972
              ],
              [
                12.48073877,
                55.69844761
              ],
              [
                12.48154407,
                55.69857473
              ],
              [
                12.48169917,
                55.69842845
              ],
              [
                12.48512792,
                55.69865369
              ],
              [
                12.4853859,
                55.69830405
              ],
              [
                12.48554973,
                55.69831486
              ],
              [
                12.48521981,
                55.69880762
              ],
              [
                12.48589008,
                55.69884324
              ],
              [
                12.4859639,
                55.69873189
              ],
              [
                12.48657001,
                55.69886222
              ],
              [
                12.48687747,
                55.69840336
              ],
              [
                12.48707929,
                55.69841705
              ],
              [
                12.48684461,
                55.69877061
              ],
              [
                12.48859623,
                55.69888463
              ],
              [
                12.4882835,
                55.69818068
              ],
              [
                12.48814324,
                55.69737544
              ],
              [
                12.48837752,
                55.69723894
              ],
              [
                12.48762093,
                55.69718834
              ],
              [
                12.48742481,
                55.69655094
              ],
              [
                12.48753186,
                55.69621593
              ],
              [
                12.48902854,
                55.69563252
              ],
              [
                12.4894227,
                55.69309749
              ],
              [
                12.48920371,
                55.69282319
              ],
              [
                12.48959369,
                55.69225876
              ],
              [
                12.48735847,
                55.69180748
              ],
              [
                12.4874512,
                55.69167267
              ],
              [
                12.48848394,
                55.69189371
              ],
              [
                12.48922339,
                55.69076951
              ],
              [
                12.48815989,
                55.69059782
              ],
              [
                12.48826305,
                55.69044437
              ],
              [
                12.48932001,
                55.69061418
              ],
              [
                12.48999991,
                55.68960271
              ],
              [
                12.48894177,
                55.68941577
              ],
              [
                12.48904089,
                55.68927421
              ],
              [
                12.49071982,
                55.68958618
              ],
              [
                12.49082734,
                55.6893854
              ],
              [
                12.4912379,
                55.68935393
              ],
              [
                12.49108214,
                55.68887471
              ],
              [
                12.49022148,
                55.68893338
              ],
              [
                12.48934416,
                55.68881061
              ],
              [
                12.48945597,
                55.68870601
              ],
              [
                12.49023222,
                55.68884145
              ],
              [
                12.49107257,
                55.68876565
              ],
              [
                12.49089876,
                55.68783782
              ],
              [
                12.49075129,
                55.68781369
              ],
              [
                12.49095738,
                55.68757603
              ],
              [
                12.49081456,
                55.68747732
              ],
              [
                12.49096172,
                55.68744616
              ],
              [
                12.49092632,
                55.68736876
              ],
              [
                12.49394543,
                55.68682566
              ],
              [
                12.49381877,
                55.68658883
              ],
              [
                12.49005932,
                55.68738633
              ],
              [
                12.49103467,
                55.68633156
              ],
              [
                12.48514347,
                55.68514258
              ],
              [
                12.48297612,
                55.68482034
              ],
              [
                12.4806145,
                55.68466727
              ],
              [
                12.47969772,
                55.68475491
              ],
              [
                12.47940916,
                55.68545313
              ],
              [
                12.47964892,
                55.68555243
              ],
              [
                12.47949019,
                55.68568434
              ],
              [
                12.47805393,
                55.68501242
              ],
              [
                12.47388558,
                55.68563193
              ],
              [
                12.47421001,
                55.68616168
              ],
              [
                12.47445397,
                55.68708287
              ],
              [
                12.47407221,
                55.68702984
              ],
              [
                12.47385628,
                55.68622889
              ],
              [
                12.47324311,
                55.68496704
              ],
              [
                12.47334947,
                55.68456571
              ],
              [
                12.47221139,
                55.68437765
              ],
              [
                12.47194204,
                55.68469809
              ],
              [
                12.4718012,
                55.68536744
              ],
              [
                12.47174696,
                55.6867782
              ],
              [
                12.47191851,
                55.68723362
              ],
              [
                12.4717597,
                55.68760721
              ],
              [
                12.47024613,
                55.6892364
              ],
              [
                12.46796271,
                55.69091468
              ],
              [
                12.46776669,
                55.69137015
              ],
              [
                12.46721916,
                55.69140847
              ],
              [
                12.46711228,
                55.69168797
              ],
              [
                12.46692516,
                55.69170136
              ],
              [
                12.46699756,
                55.6918251
              ],
              [
                12.46682186,
                55.69273469
              ],
              [
                12.46637741,
                55.69340848
              ],
              [
                12.46346886,
                55.69627681
              ],
              [
                12.46345519,
                55.69685435
              ],
              [
                12.46407986,
                55.69902414
              ],
              [
                12.46376935,
                55.70080744
              ]
            ]
          ]
        ]
      }
    },
    {
      "type": "Feature",
      "properties": {
        "name": "Vesterbro",
        "code": "9185",
        "source": "Dataforsyningen sogne"
      },
      "geometry": {
        "type": "MultiPolygon",
        "coordinates": [
          [
            [
              [
                12.56530767,
                55.66435449
              ],
              [
                12.56569604,
                55.66409475
              ],
              [
                12.56554239,
                55.66402504
              ],
              [
                12.56586437,
                55.66379627
              ],
              [
                12.56517707,
                55.66348581
              ],
              [
                12.56476335,
                55.66377803
              ],
              [
                12.56360637,
                55.66325489
              ],
              [
                12.56401954,
                55.66296351
              ],
              [
                12.56365866,
                55.66279974
              ],
              [
                12.56290947,
                55.66328621
              ],
              [
                12.56530767,
                55.66435449
              ]
            ]
          ],
          [
            [
              [
                12.56405896,
                55.67472683
              ],
              [
                12.56693089,
                55.67193562
              ],
              [
                12.56710824,
                55.6719961
              ],
              [
                12.56779891,
                55.67148679
              ],
              [
                12.56981097,
                55.6695879
              ],
              [
                12.57163952,
                55.66826882
              ],
              [
                12.57091126,
                55.66780718
              ],
              [
                12.57125923,
                55.66756163
              ],
              [
                12.57255881,
                55.66817352
              ],
              [
                12.57310441,
                55.6678831
              ],
              [
                12.57115847,
                55.66690844
              ],
              [
                12.57129981,
                55.66680982
              ],
              [
                12.57100218,
                55.6666757
              ],
              [
                12.57086354,
                55.66677433
              ],
              [
                12.57057169,
                55.66664247
              ],
              [
                12.57041249,
                55.66675465
              ],
              [
                12.57028138,
                55.66669507
              ],
              [
                12.57043871,
                55.66658331
              ],
              [
                12.56858071,
                55.66574479
              ],
              [
                12.56870614,
                55.66565653
              ],
              [
                12.56838262,
                55.66551218
              ],
              [
                12.56825018,
                55.66559678
              ],
              [
                12.56675141,
                55.66492007
              ],
              [
                12.5667023,
                55.66466721
              ],
              [
                12.56622738,
                55.66468219
              ],
              [
                12.56557711,
                55.6643872
              ],
              [
                12.56534055,
                55.66455666
              ],
              [
                12.56258123,
                55.66330987
              ],
              [
                12.56398007,
                55.66232166
              ],
              [
                12.56217077,
                55.66150402
              ],
              [
                12.56234471,
                55.66138081
              ],
              [
                12.56055333,
                55.66050514
              ],
              [
                12.55974769,
                55.66073264
              ],
              [
                12.55968723,
                55.66092934
              ],
              [
                12.55946647,
                55.66103844
              ],
              [
                12.55927813,
                55.66106119
              ],
              [
                12.5591558,
                55.66091114
              ],
              [
                12.55831118,
                55.66148842
              ],
              [
                12.55820703,
                55.66144137
              ],
              [
                12.55765918,
                55.66085023
              ],
              [
                12.55745961,
                55.66030094
              ],
              [
                12.55731452,
                55.65871925
              ],
              [
                12.55778979,
                55.6587555
              ],
              [
                12.55786932,
                55.65857532
              ],
              [
                12.5576507,
                55.65854292
              ],
              [
                12.55707255,
                55.65790094
              ],
              [
                12.55638918,
                55.65755416
              ],
              [
                12.55552896,
                55.65733678
              ],
              [
                12.54597163,
                55.65597303
              ],
              [
                12.54471483,
                55.6556489
              ],
              [
                12.54401774,
                55.65571555
              ],
              [
                12.54017803,
                55.65471377
              ],
              [
                12.54034513,
                55.65450906
              ],
              [
                12.5275289,
                55.65099711
              ],
              [
                12.52728716,
                55.65183428
              ],
              [
                12.52921093,
                55.65215295
              ],
              [
                12.53570425,
                55.6540198
              ],
              [
                12.53261197,
                55.65941008
              ],
              [
                12.53275159,
                55.65965315
              ],
              [
                12.533121,
                55.65967874
              ],
              [
                12.5332993,
                55.65935772
              ],
              [
                12.53481562,
                55.65924738
              ],
              [
                12.53469026,
                55.65958378
              ],
              [
                12.53438246,
                55.65958348
              ],
              [
                12.53387425,
                55.66075221
              ],
              [
                12.53240219,
                55.66057443
              ],
              [
                12.5321018,
                55.66136032
              ],
              [
                12.53146521,
                55.6614042
              ],
              [
                12.5304667,
                55.66320539
              ],
              [
                12.53544209,
                55.66303108
              ],
              [
                12.53534682,
                55.66354761
              ],
              [
                12.53524176,
                55.66357672
              ],
              [
                12.53287025,
                55.66361298
              ],
              [
                12.53057807,
                55.66381281
              ],
              [
                12.53435388,
                55.66362678
              ],
              [
                12.53460355,
                55.66386919
              ],
              [
                12.53468662,
                55.66411991
              ],
              [
                12.53455718,
                55.66440598
              ],
              [
                12.53508324,
                55.66464393
              ],
              [
                12.53518418,
                55.66562848
              ],
              [
                12.53509671,
                55.6656622
              ],
              [
                12.53506493,
                55.66656858
              ],
              [
                12.53517853,
                55.66687543
              ],
              [
                12.53505357,
                55.66689045
              ],
              [
                12.53505007,
                55.66703496
              ],
              [
                12.53516293,
                55.66702163
              ],
              [
                12.53532198,
                55.6674865
              ],
              [
                12.53442531,
                55.66855071
              ],
              [
                12.53451309,
                55.66868422
              ],
              [
                12.53493368,
                55.66879474
              ],
              [
                12.53489942,
                55.66893339
              ],
              [
                12.53503499,
                55.66897067
              ],
              [
                12.53482148,
                55.66929315
              ],
              [
                12.53831912,
                55.67029275
              ],
              [
                12.5394047,
                55.67020873
              ],
              [
                12.53951137,
                55.67063734
              ],
              [
                12.54707358,
                55.67281194
              ],
              [
                12.54702204,
                55.67289111
              ],
              [
                12.54752994,
                55.67306696
              ],
              [
                12.54995088,
                55.67270097
              ],
              [
                12.54985429,
                55.67366264
              ],
              [
                12.55000374,
                55.67366488
              ],
              [
                12.54992696,
                55.67443967
              ],
              [
                12.55409964,
                55.67347213
              ],
              [
                12.55690436,
                55.67380711
              ],
              [
                12.56024459,
                55.67448202
              ],
              [
                12.56087018,
                55.6735663
              ],
              [
                12.56405896,
                55.67472683
              ]
            ]
          ]
        ]
      }
    },
    {
      "type": "Feature",
      "properties": {
        "name": "Vigerslev",
        "code": "7027",
        "source": "Dataforsyningen sogne"
      },
      "geometry": {
        "type": "Polygon",
        "coordinates": [
          [
            [
              12.48300392,
              55.66348526
            ],
            [
              12.48408031,
              55.66346538
            ],
            [
              12.48478594,
              55.66363891
            ],
            [
              12.4882867,
              55.66334397
            ],
            [
              12.4900385,
              55.66295999
            ],
            [
              12.49500523,
              55.66114554
            ],
            [
              12.49782029,
              55.65991312
            ],
            [
              12.49670239,
              55.65978051
            ],
            [
              12.49743304,
              55.65950206
            ],
            [
              12.49755022,
              55.65963466
            ],
            [
              12.49822908,
              55.6597318
            ],
            [
              12.50093991,
              55.65852736
            ],
            [
              12.50085354,
              55.6583954
            ],
            [
              12.4993849,
              55.65849119
            ],
            [
              12.49991601,
              55.65800829
            ],
            [
              12.50161278,
              55.65470768
            ],
            [
              12.50013413,
              55.65435553
            ],
            [
              12.49972612,
              55.65504542
            ],
            [
              12.49776167,
              55.654594
            ],
            [
              12.49753056,
              55.65442076
            ],
            [
              12.49712311,
              55.65444741
            ],
            [
              12.49459056,
              55.65386459
            ],
            [
              12.49445451,
              55.65407591
            ],
            [
              12.49320011,
              55.65378725
            ],
            [
              12.49282727,
              55.65382377
            ],
            [
              12.49256155,
              55.65364018
            ],
            [
              12.48916846,
              55.65286427
            ],
            [
              12.48901903,
              55.6530381
            ],
            [
              12.48844929,
              55.65292619
            ],
            [
              12.48879284,
              55.65252842
            ],
            [
              12.48693818,
              55.65251808
            ],
            [
              12.48672138,
              55.6521332
            ],
            [
              12.48628026,
              55.65188472
            ],
            [
              12.48333012,
              55.65379566
            ],
            [
              12.4823094,
              55.65411149
            ],
            [
              12.48165047,
              55.6540946
            ],
            [
              12.4784849,
              55.65637965
            ],
            [
              12.47784266,
              55.65702961
            ],
            [
              12.4774573,
              55.65795606
            ],
            [
              12.4773069,
              55.65904442
            ],
            [
              12.47738789,
              55.65999459
            ],
            [
              12.47806341,
              55.66152484
            ],
            [
              12.478162,
              55.66307613
            ],
            [
              12.47891569,
              55.66306931
            ],
            [
              12.47896063,
              55.6638315
            ],
            [
              12.48267713,
              55.66377625
            ],
            [
              12.48272878,
              55.66390453
            ],
            [
              12.4831367,
              55.66390166
            ],
            [
              12.48300392,
              55.66348526
            ]
          ]
        ]
      }
    },
    {
      "type": "Feature",
      "properties": {
        "name": "Virum",
        "code": "7121",
        "source": "Dataforsyningen sogne"
      },
      "geometry": {
        "type": "Polygon",
        "coordinates": [
          [
            [
              12.45786058267411,
              55.8
            ],
            [
              12.45799562,
              55.79963224
            ],
            [
              12.45920833,
              55.7997282
            ],
            [
              12.45919662,
              55.79994702
            ],
            [
              12.45962991,
              55.79997663
            ],
            [
              12.474605462046762,
              55.8
            ],
            [
              12.47317224,
              55.79703723
            ],
            [
              12.47782727,
              55.79678252
            ],
            [
              12.47915391,
              55.79876503
            ],
            [
              12.48092163,
              55.79897516
            ],
            [
              12.48167505,
              55.79783528
            ],
            [
              12.48222503,
              55.79731114
            ],
            [
              12.48252506,
              55.7965568
            ],
            [
              12.48549012,
              55.79210298
            ],
            [
              12.48573503,
              55.79176487
            ],
            [
              12.48609379,
              55.79162567
            ],
            [
              12.48581425,
              55.79148362
            ],
            [
              12.48615762,
              55.79093844
            ],
            [
              12.48642922,
              55.79084729
            ],
            [
              12.48689817,
              55.79003626
            ],
            [
              12.48705658,
              55.78998393
            ],
            [
              12.48700885,
              55.78981067
            ],
            [
              12.48761405,
              55.78870886
            ],
            [
              12.47909172,
              55.78923075
            ],
            [
              12.47352514,
              55.78845582
            ],
            [
              12.46395092,
              55.7885661
            ],
            [
              12.46201375,
              55.78875046
            ],
            [
              12.46136894,
              55.7883393
            ],
            [
              12.46105586,
              55.78797634
            ],
            [
              12.46047982,
              55.78683116
            ],
            [
              12.4595762,
              55.78696101
            ],
            [
              12.45920579,
              55.78760794
            ],
            [
              12.45907465,
              55.78829901
            ],
            [
              12.45563191,
              55.78840636
            ],
            [
              12.45563129,
              55.78808431
            ],
            [
              12.4553086,
              55.78756533
            ],
            [
              12.45476793,
              55.78760994
            ],
            [
              12.45487092,
              55.78836879
            ],
            [
              12.454228,
              55.78833652
            ],
            [
              12.45355922,
              55.78814017
            ],
            [
              12.44989398,
              55.78764625
            ],
            [
              12.44486219,
              55.78709355
            ],
            [
              12.44470291,
              55.78628754
            ],
            [
              12.4443333,
              55.78565468
            ],
            [
              12.44339245,
              55.78483004
            ],
            [
              12.44396685,
              55.78469795
            ],
            [
              12.44399396,
              55.78433097
            ],
            [
              12.44362816,
              55.7842649
            ],
            [
              12.4438961,
              55.78435755
            ],
            [
              12.44386564,
              55.78453481
            ],
            [
              12.44354981,
              55.7846931
            ],
            [
              12.44279369,
              55.78468615
            ],
            [
              12.4427539,
              55.78442886
            ],
            [
              12.4430038,
              55.78410572
            ],
            [
              12.44184812,
              55.78349821
            ],
            [
              12.44145671,
              55.78343114
            ],
            [
              12.43922803,
              55.7834399
            ],
            [
              12.43919019,
              55.78368381
            ],
            [
              12.43898125,
              55.78377876
            ],
            [
              12.43689228,
              55.78375452
            ],
            [
              12.4332697,
              55.78348047
            ],
            [
              12.43097993,
              55.78300157
            ],
            [
              12.42676366,
              55.78292949
            ],
            [
              12.42411857,
              55.7832997
            ],
            [
              12.42093751,
              55.78354642
            ],
            [
              12.41712272,
              55.78347325
            ],
            [
              12.41504243,
              55.7835731
            ],
            [
              12.41513123225358,
              55.785131232253576
            ],
            [
              12.429527282491646,
              55.799527282491646
            ],
            [
              12.431244836997001,
              55.8
            ],
            [
              12.439427238781953,
              55.8
            ],
            [
              12.43909947,
              55.79963199
            ],
            [
              12.44642244,
              55.79952961
            ],
            [
              12.44952128432226,
              55.8
            ],
            [
              12.452935829280733,
              55.8
            ],
            [
              12.45329836,
              55.79950895
            ],
            [
              12.455993370953898,
              55.8
            ],
            [
              12.45786058267411,
              55.8
            ]
          ]
        ]
      }
    },
    {
      "type": "Feature",
      "properties": {
        "name": "Vor Frelsers",
        "code": "7082",
        "source": "Dataforsyningen sogne"
      },
      "geometry": {
        "type": "MultiPolygon",
        "coordinates": [
          [
            [
              [
                12.61925053,
                55.6980461
              ],
              [
                12.6296175,
                55.69736513
              ],
              [
                12.63055481,
                55.69465112
              ],
              [
                12.62539204,
                55.69273596
              ],
              [
                12.62517227,
                55.69240868
              ],
              [
                12.62559146,
                55.69231455
              ],
              [
                12.62519928,
                55.6922552
              ],
              [
                12.62507372,
                55.69179348
              ],
              [
                12.62426685,
                55.69050693
              ],
              [
                12.62407968,
                55.69044026
              ],
              [
                12.62517553,
                55.69002625
              ],
              [
                12.6232864,
                55.69038295
              ],
              [
                12.6196774,
                55.68980542
              ],
              [
                12.61971825,
                55.68967221
              ],
              [
                12.62006149,
                55.68972772
              ],
              [
                12.61970977,
                55.6896133
              ],
              [
                12.62024646,
                55.68847858
              ],
              [
                12.61972149,
                55.68840281
              ],
              [
                12.619324,
                55.6891357
              ],
              [
                12.61632198,
                55.68857208
              ],
              [
                12.61608278,
                55.68863461
              ],
              [
                12.61610091,
                55.68853966
              ],
              [
                12.6135313,
                55.68857926
              ],
              [
                12.61361139,
                55.68717119
              ],
              [
                12.61379922,
                55.68708851
              ],
              [
                12.61600274,
                55.687255
              ],
              [
                12.61734366,
                55.68719181
              ],
              [
                12.61770654,
                55.68706924
              ],
              [
                12.61804076,
                55.68676058
              ],
              [
                12.6197071,
                55.68720614
              ],
              [
                12.61987709,
                55.68780313
              ],
              [
                12.61996759,
                55.68778176
              ],
              [
                12.61995079,
                55.68710804
              ],
              [
                12.62292564,
                55.68799087
              ],
              [
                12.6228237,
                55.68810538
              ],
              [
                12.62478687,
                55.68869182
              ],
              [
                12.62487885,
                55.68860215
              ],
              [
                12.62527459,
                55.68864368
              ],
              [
                12.6257534,
                55.68811788
              ],
              [
                12.62602326,
                55.68811161
              ],
              [
                12.62617436,
                55.68823753
              ],
              [
                12.62567382,
                55.68879832
              ],
              [
                12.62638621,
                55.68971629
              ],
              [
                12.62613486,
                55.68980735
              ],
              [
                12.62742272,
                55.68956937
              ],
              [
                12.62813782,
                55.68892606
              ],
              [
                12.62872893,
                55.6889904
              ],
              [
                12.63285847,
                55.69053435
              ],
              [
                12.63594036,
                55.68775926
              ],
              [
                12.62676687,
                55.68448861
              ],
              [
                12.62640539,
                55.68410527
              ],
              [
                12.62585915,
                55.68411899
              ],
              [
                12.62487385,
                55.68377766
              ],
              [
                12.6208533,
                55.6810762
              ],
              [
                12.62148391,
                55.68016009
              ],
              [
                12.62120345,
                55.68006668
              ],
              [
                12.62096795,
                55.68029582
              ],
              [
                12.62024457,
                55.68009202
              ],
              [
                12.62050046,
                55.67984924
              ],
              [
                12.62089321,
                55.6799558
              ],
              [
                12.62055555,
                55.67979447
              ],
              [
                12.62097317,
                55.67991351
              ],
              [
                12.62057074,
                55.67977981
              ],
              [
                12.62078272,
                55.67957501
              ],
              [
                12.62148825,
                55.67978374
              ],
              [
                12.62127627,
                55.6799988
              ],
              [
                12.62169637,
                55.68002766
              ],
              [
                12.62718959,
                55.67371953
              ],
              [
                12.62734883,
                55.67366078
              ],
              [
                12.62722101,
                55.6736259
              ],
              [
                12.62858161,
                55.67206329
              ],
              [
                12.62894716,
                55.67201246
              ],
              [
                12.63053322,
                55.67094203
              ],
              [
                12.63246678,
                55.67121225
              ],
              [
                12.6332664,
                55.67162493
              ],
              [
                12.63347937,
                55.6719962
              ],
              [
                12.63088437,
                55.67381447
              ],
              [
                12.63045669,
                55.67399501
              ],
              [
                12.62491165,
                55.68051335
              ],
              [
                12.62734293,
                55.68213123
              ],
              [
                12.63562676,
                55.68503642
              ],
              [
                12.63676408,
                55.68356254
              ],
              [
                12.6369497,
                55.68359039
              ],
              [
                12.63731511,
                55.68337615
              ],
              [
                12.63702598,
                55.68319689
              ],
              [
                12.63916708,
                55.68040275
              ],
              [
                12.63973427,
                55.68040093
              ],
              [
                12.63837047,
                55.68027173
              ],
              [
                12.63539248,
                55.67966615
              ],
              [
                12.63532611,
                55.67888635
              ],
              [
                12.63554608,
                55.67873775
              ],
              [
                12.63547958,
                55.67868136
              ],
              [
                12.63527885,
                55.67887102
              ],
              [
                12.63519261,
                55.67952065
              ],
              [
                12.63499885,
                55.67958313
              ],
              [
                12.63435512,
                55.67943406
              ],
              [
                12.63434004,
                55.67930934
              ],
              [
                12.63405535,
                55.67915349
              ],
              [
                12.63468236,
                55.67854153
              ],
              [
                12.63467478,
                55.67775036
              ],
              [
                12.63493675,
                55.67766329
              ],
              [
                12.63299462,
                55.6757061
              ],
              [
                12.6346418,
                55.67568794
              ],
              [
                12.63635135,
                55.67698543
              ],
              [
                12.63732332,
                55.67681911
              ],
              [
                12.63740924,
                55.67694748
              ],
              [
                12.63949084,
                55.67651605
              ],
              [
                12.64065605,
                55.67871553
              ],
              [
                12.64037957,
                55.67907263
              ],
              [
                12.64046731,
                55.6791416
              ],
              [
                12.64076833,
                55.6787951
              ],
              [
                12.64466829,
                55.67916175
              ],
              [
                12.64812195,
                55.67607736
              ],
              [
                12.6476655,
                55.67587504
              ],
              [
                12.6482007,
                55.67545555
              ],
              [
                12.64817439,
                55.67514413
              ],
              [
                12.64655957,
                55.6743444
              ],
              [
                12.6448438,
                55.67197746
              ],
              [
                12.6458347,
                55.67140784
              ],
              [
                12.64590465,
                55.67115947
              ],
              [
                12.64573024,
                55.67089939
              ],
              [
                12.64560958,
                55.67092609
              ],
              [
                12.64576335,
                55.67115243
              ],
              [
                12.64565014,
                55.67140793
              ],
              [
                12.64464946,
                55.67183657
              ],
              [
                12.64384543,
                55.67146176
              ],
              [
                12.64317876,
                55.67133519
              ],
              [
                12.64174803,
                55.67136241
              ],
              [
                12.64127083,
                55.67061433
              ],
              [
                12.63655096,
                55.67039357
              ],
              [
                12.63681176,
                55.67027226
              ],
              [
                12.64129093,
                55.67049171
              ],
              [
                12.6434735,
                55.66999192
              ],
              [
                12.64366065,
                55.67015136
              ],
              [
                12.64441116,
                55.6700028
              ],
              [
                12.64492919,
                55.67058034
              ],
              [
                12.64409566,
                55.66925739
              ],
              [
                12.64320822,
                55.6690729
              ],
              [
                12.64194349,
                55.66712737
              ],
              [
                12.64143893,
                55.66712312
              ],
              [
                12.64188888,
                55.66723123
              ],
              [
                12.64309082,
                55.66911245
              ],
              [
                12.6429521,
                55.669193
              ],
              [
                12.64342409,
                55.66991399
              ],
              [
                12.64311469,
                55.66995564
              ],
              [
                12.64270044,
                55.66951502
              ],
              [
                12.64183076,
                55.67014764
              ],
              [
                12.64027994,
                55.67007546
              ],
              [
                12.64001348,
                55.66966344
              ],
              [
                12.63967716,
                55.66973043
              ],
              [
                12.63937235,
                55.66924969
              ],
              [
                12.63971392,
                55.66915187
              ],
              [
                12.63926166,
                55.66847633
              ],
              [
                12.63877942,
                55.66816459
              ],
              [
                12.63950737,
                55.66778879
              ],
              [
                12.64006521,
                55.66732721
              ],
              [
                12.64026425,
                55.66736671
              ],
              [
                12.64057493,
                55.6671183
              ],
              [
                12.64091262,
                55.66704235
              ],
              [
                12.63688343,
                55.66680731
              ],
              [
                12.63668284,
                55.66688978
              ],
              [
                12.63763074,
                55.66697918
              ],
              [
                12.63845,
                55.66794786
              ],
              [
                12.63870706,
                55.66806387
              ],
              [
                12.63824288,
                55.66843787
              ],
              [
                12.63804768,
                55.66839861
              ],
              [
                12.63675067,
                55.66946201
              ],
              [
                12.63654855,
                55.67022882
              ],
              [
                12.63627361,
                55.67034353
              ],
              [
                12.63397851,
                55.67022346
              ],
              [
                12.63296793,
                55.6710163
              ],
              [
                12.63077776,
                55.67067942
              ],
              [
                12.63086685,
                55.67057463
              ],
              [
                12.63060249,
                55.67050333
              ],
              [
                12.62610866,
                55.67006111
              ],
              [
                12.62574242,
                55.67024863
              ],
              [
                12.6250639,
                55.67010486
              ],
              [
                12.62513428,
                55.66999721
              ],
              [
                12.62474083,
                55.67002314
              ],
              [
                12.61974483,
                55.66895414
              ],
              [
                12.62007359,
                55.66891521
              ],
              [
                12.6191181,
                55.66882625
              ],
              [
                12.61914876,
                55.66871735
              ],
              [
                12.60045813,
                55.66474997
              ],
              [
                12.59681241,
                55.66842146
              ],
              [
                12.59747443,
                55.66909037
              ],
              [
                12.5967828,
                55.6690363
              ],
              [
                12.59609346,
                55.6692913
              ],
              [
                12.59536678,
                55.67025388
              ],
              [
                12.59480349,
                55.67073672
              ],
              [
                12.59129317,
                55.67260163
              ],
              [
                12.59623296,
                55.6756352
              ],
              [
                12.59903239,
                55.67751293
              ],
              [
                12.60082587,
                55.67692184
              ],
              [
                12.60093036,
                55.67663058
              ],
              [
                12.60108234,
                55.6766602
              ],
              [
                12.60110871,
                55.67718383
              ],
              [
                12.60098229,
                55.67731109
              ],
              [
                12.59769546,
                55.67842483
              ],
              [
                12.59781498,
                55.6785375
              ],
              [
                12.59675887,
                55.67889857
              ],
              [
                12.59795601,
                55.68022779
              ],
              [
                12.60033844,
                55.6796419
              ],
              [
                12.60043778,
                55.67951247
              ],
              [
                12.5991938,
                55.67815741
              ],
              [
                12.59946225,
                55.67803263
              ],
              [
                12.60056029,
                55.6793115
              ],
              [
                12.60072707,
                55.67935471
              ],
              [
                12.60724539,
                55.67767559
              ],
              [
                12.60637374,
                55.67653111
              ],
              [
                12.60382157,
                55.67484311
              ],
              [
                12.60209904,
                55.67486864
              ],
              [
                12.60149628,
                55.67650669
              ],
              [
                12.60132986,
                55.67653118
              ],
              [
                12.60122767,
                55.67639076
              ],
              [
                12.6018045,
                55.67483737
              ],
              [
                12.60246783,
                55.6744841
              ],
              [
                12.60395418,
                55.67461558
              ],
              [
                12.60521614,
                55.67531177
              ],
              [
                12.60747381,
                55.67684908
              ],
              [
                12.60892679,
                55.67861981
              ],
              [
                12.60961334,
                55.68011654
              ],
              [
                12.60984049,
                55.68135622
              ],
              [
                12.60978738,
                55.68380898
              ],
              [
                12.60888987,
                55.68392271
              ],
              [
                12.60708678,
                55.6838693
              ],
              [
                12.60683524,
                55.68353869
              ],
              [
                12.60655261,
                55.68361166
              ],
              [
                12.60662089,
                55.68375154
              ],
              [
                12.60462458,
                55.68399179
              ],
              [
                12.60533063,
                55.68496481
              ],
              [
                12.60518534,
                55.68500316
              ],
              [
                12.60557119,
                55.68546488
              ],
              [
                12.60576957,
                55.68550176
              ],
              [
                12.60578932,
                55.68636746
              ],
              [
                12.60516129,
                55.68637145
              ],
              [
                12.60522896,
                55.68740488
              ],
              [
                12.60579062,
                55.6875753
              ],
              [
                12.60582097,
                55.68857665
              ],
              [
                12.60388643,
                55.68857957
              ],
              [
                12.60386891,
                55.68876091
              ],
              [
                12.60582216,
                55.68886948
              ],
              [
                12.60558762,
                55.68893959
              ],
              [
                12.60555708,
                55.68913327
              ],
              [
                12.60731366,
                55.68943068
              ],
              [
                12.60781799,
                55.68923601
              ],
              [
                12.60823224,
                55.68790219
              ],
              [
                12.60807505,
                55.68763022
              ],
              [
                12.60781424,
                55.68759824
              ],
              [
                12.60923707,
                55.6840391
              ],
              [
                12.60975253,
                55.68403337
              ],
              [
                12.60835012,
                55.68721264
              ],
              [
                12.60843765,
                55.6873765
              ],
              [
                12.60928989,
                55.68742686
              ],
              [
                12.60935324,
                55.68762012
              ],
              [
                12.60971191,
                55.68757935
              ],
              [
                12.60984888,
                55.68796323
              ],
              [
                12.61019004,
                55.68795346
              ],
              [
                12.61026215,
                55.68900249
              ],
              [
                12.61046559,
                55.68919064
              ],
              [
                12.61088696,
                55.68917185
              ],
              [
                12.61063755,
                55.68926704
              ],
              [
                12.61085851,
                55.68937249
              ],
              [
                12.61039936,
                55.68960289
              ],
              [
                12.61023514,
                55.68932403
              ],
              [
                12.60642051,
                55.69003702
              ],
              [
                12.60671461,
                55.69048525
              ],
              [
                12.61007272,
                55.68986347
              ],
              [
                12.61037404,
                55.69037226
              ],
              [
                12.60673313,
                55.69104373
              ],
              [
                12.60705511,
                55.69237279
              ],
              [
                12.61105916,
                55.69164171
              ],
              [
                12.61127836,
                55.69173129
              ],
              [
                12.61112609,
                55.69185285
              ],
              [
                12.60707389,
                55.69258517
              ],
              [
                12.60756446,
                55.69446641
              ],
              [
                12.60952727,
                55.69414556
              ],
              [
                12.61005526,
                55.69500052
              ],
              [
                12.60773359,
                55.6954822
              ],
              [
                12.60818206,
                55.69729805
              ],
              [
                12.60861708,
                55.69707933
              ],
              [
                12.60873939,
                55.69712636
              ],
              [
                12.60864874,
                55.69705844
              ],
              [
                12.61050361,
                55.69582204
              ],
              [
                12.61041295,
                55.69570746
              ],
              [
                12.61267769,
                55.69529728
              ],
              [
                12.61316888,
                55.69615628
              ],
              [
                12.61156851,
                55.69645456
              ],
              [
                12.61153284,
                55.69658555
              ],
              [
                12.60995592,
                55.69681738
              ],
              [
                12.60940272,
                55.69719424
              ],
              [
                12.60923086,
                55.69718824
              ],
              [
                12.60980463,
                55.69727764
              ],
              [
                12.60953072,
                55.69776533
              ],
              [
                12.60982966,
                55.69728149
              ],
              [
                12.61144152,
                55.69760387
              ],
              [
                12.61925053,
                55.6980461
              ]
            ]
          ],
          [
            [
              [
                12.59395312,
                55.67459434
              ],
              [
                12.59099155,
                55.67275317
              ],
              [
                12.5878424,
                55.67457989
              ],
              [
                12.58906641,
                55.67525406
              ],
              [
                12.59009943,
                55.67460329
              ],
              [
                12.59050645,
                55.67485834
              ],
              [
                12.58945686,
                55.67547247
              ],
              [
                12.59162577,
                55.67630922
              ],
              [
                12.59395312,
                55.67459434
              ]
            ]
          ],
          [
            [
              [
                12.59838432,
                55.67784442
              ],
              [
                12.59843601,
                55.67771081
              ],
              [
                12.5941883,
                55.67480928
              ],
              [
                12.59197338,
                55.67636728
              ],
              [
                12.59528389,
                55.67785444
              ],
              [
                12.5954301,
                55.67778128
              ],
              [
                12.59532145,
                55.67768636
              ],
              [
                12.5955946,
                55.67751047
              ],
              [
                12.59576234,
                55.67756436
              ],
              [
                12.59583797,
                55.67751287
              ],
              [
                12.59569843,
                55.67744206
              ],
              [
                12.59600303,
                55.67725689
              ],
              [
                12.59659363,
                55.677398
              ],
              [
                12.59572707,
                55.6779721
              ],
              [
                12.5966458,
                55.67838665
              ],
              [
                12.59838432,
                55.67784442
              ]
            ]
          ],
          [
            [
              [
                12.60059205,
                55.67996302
              ],
              [
                12.59847009,
                55.68054684
              ],
              [
                12.59939663,
                55.68167879
              ],
              [
                12.60157392,
                55.68109729
              ],
              [
                12.60059205,
                55.67996302
              ]
            ]
          ],
          [
            [
              [
                12.59989625,
                55.68272112
              ],
              [
                12.60211833,
                55.68212777
              ],
              [
                12.60239996,
                55.6820526
              ],
              [
                12.60168808,
                55.68122935
              ],
              [
                12.59920151,
                55.6818934
              ],
              [
                12.59989625,
                55.68272112
              ]
            ]
          ],
          [
            [
              [
                12.6058381,
                55.68283707
              ],
              [
                12.60644298,
                55.68350311
              ],
              [
                12.60673638,
                55.68342623
              ],
              [
                12.60661757,
                55.68327336
              ],
              [
                12.6079428,
                55.68290311
              ],
              [
                12.60814746,
                55.68152178
              ],
              [
                12.60737021,
                55.67937553
              ],
              [
                12.60692962,
                55.67896011
              ],
              [
                12.6071577,
                55.67887931
              ],
              [
                12.60672614,
                55.67834754
              ],
              [
                12.60596455,
                55.67854142
              ],
              [
                12.60586201,
                55.67841288
              ],
              [
                12.60655992,
                55.67818599
              ],
              [
                12.60582887,
                55.67837106
              ],
              [
                12.60573613,
                55.67825734
              ],
              [
                12.60073793,
                55.67956282
              ],
              [
                12.6042125,
                55.68373927
              ],
              [
                12.60559049,
                55.68356478
              ],
              [
                12.60521639,
                55.6830127
              ],
              [
                12.6058381,
                55.68283707
              ]
            ]
          ],
          [
            [
              [
                12.60360197,
                55.68344195
              ],
              [
                12.6025138,
                55.68218458
              ],
              [
                12.60025031,
                55.68278976
              ],
              [
                12.60076266,
                55.68337664
              ],
              [
                12.60222886,
                55.68299152
              ],
              [
                12.60250758,
                55.68302488
              ],
              [
                12.60240454,
                55.68318661
              ],
              [
                12.6009644,
                55.68360594
              ],
              [
                12.60136261,
                55.68406254
              ],
              [
                12.60360197,
                55.68344195
              ]
            ]
          ],
          [
            [
              [
                12.60170114,
                55.68705292
              ],
              [
                12.60164856,
                55.68707137
              ],
              [
                12.60170211,
                55.68707043
              ],
              [
                12.60170114,
                55.68705292
              ]
            ]
          ],
          [
            [
              [
                12.60199498,
                55.68899517
              ],
              [
                12.60223575,
                55.68900132
              ],
              [
                12.60308268,
                55.6889955
              ],
              [
                12.60233161,
                55.68899823
              ],
              [
                12.60199498,
                55.68899517
              ]
            ]
          ],
          [
            [
              [
                12.60438655,
                55.68899414
              ],
              [
                12.60382766,
                55.6889888
              ],
              [
                12.60438342,
                55.68899819
              ],
              [
                12.60506647,
                55.68928509
              ],
              [
                12.60438655,
                55.68899414
              ]
            ]
          ],
          [
            [
              [
                12.60733255,
                55.68946457
              ],
              [
                12.60786081,
                55.68926532
              ],
              [
                12.6078946,
                55.68922611
              ],
              [
                12.6073308,
                55.6894612
              ],
              [
                12.60665908,
                55.68955298
              ],
              [
                12.6052106,
                55.68934982
              ],
              [
                12.60666154,
                55.68955893
              ],
              [
                12.60733255,
                55.68946457
              ]
            ]
          ],
          [
            [
              [
                12.61280985,
                55.70390521
              ],
              [
                12.61473238,
                55.70371414
              ],
              [
                12.61533196,
                55.70312548
              ],
              [
                12.6145961,
                55.70200528
              ],
              [
                12.61620572,
                55.70173412
              ],
              [
                12.61635179,
                55.69874143
              ],
              [
                12.6160459,
                55.69848627
              ],
              [
                12.61595935,
                55.69851796
              ],
              [
                12.61620246,
                55.69873999
              ],
              [
                12.61608775,
                55.70168445
              ],
              [
                12.61451407,
                55.7019515
              ],
              [
                12.61400682,
                55.70161792
              ],
              [
                12.61375501,
                55.70161374
              ],
              [
                12.61164201,
                55.70365716
              ],
              [
                12.61176481,
                55.70379364
              ],
              [
                12.6127582,
                55.70390979
              ],
              [
                12.61324336,
                55.70493649
              ],
              [
                12.61285208,
                55.70563446
              ],
              [
                12.61255221,
                55.70659985
              ],
              [
                12.61261213,
                55.70750878
              ],
              [
                12.61275353,
                55.70781196
              ],
              [
                12.61284566,
                55.70776285
              ],
              [
                12.61268586,
                55.70734494
              ],
              [
                12.61274268,
                55.70629472
              ],
              [
                12.61328971,
                55.70495733
              ],
              [
                12.61280985,
                55.70390521
              ]
            ]
          ]
        ]
      }
    },
    {
      "type": "Feature",
      "properties": {
        "name": "Vor Frue",
        "code": "9174",
        "source": "Dataforsyningen sogne"
      },
      "geometry": {
        "type": "Polygon",
        "coordinates": [
          [
            [
              12.56926362,
              55.69171312
            ],
            [
              12.57057399,
              55.69094997
            ],
            [
              12.57082438,
              55.69061844
            ],
            [
              12.56928486,
              55.68950089
            ],
            [
              12.57002508,
              55.68955721
            ],
            [
              12.57266093,
              55.68832105
            ],
            [
              12.569278,
              55.68607486
            ],
            [
              12.56830711,
              55.68518119
            ],
            [
              12.56788372,
              55.68497492
            ],
            [
              12.56791779,
              55.68486504
            ],
            [
              12.56596368,
              55.68311526
            ],
            [
              12.56901859,
              55.68192273
            ],
            [
              12.56906329,
              55.68178287
            ],
            [
              12.56973064,
              55.68153388
            ],
            [
              12.57077081,
              55.68234496
            ],
            [
              12.57181276,
              55.6825716
            ],
            [
              12.5734723,
              55.67992255
            ],
            [
              12.57438259,
              55.6802556
            ],
            [
              12.5747826,
              55.67992024
            ],
            [
              12.573794,
              55.67909366
            ],
            [
              12.57136601,
              55.6781495
            ],
            [
              12.57222559,
              55.6778263
            ],
            [
              12.56932854,
              55.67651649
            ],
            [
              12.56087018,
              55.6735663
            ],
            [
              12.56024459,
              55.67448202
            ],
            [
              12.55517709,
              55.67354511
            ],
            [
              12.55734109,
              55.68174889
            ],
            [
              12.56222503,
              55.68679292
            ],
            [
              12.56278192,
              55.68693761
            ],
            [
              12.56314076,
              55.68725835
            ],
            [
              12.56309468,
              55.68753375
            ],
            [
              12.5656348,
              55.68945106
            ],
            [
              12.56850039,
              55.69141891
            ],
            [
              12.56926362,
              55.69171312
            ]
          ]
        ]
      }
    },
    {
      "type": "Feature",
      "properties": {
        "name": "V\u00e6rl\u00f8se",
        "code": "7154",
        "source": "Dataforsyningen sogne"
      },
      "geometry": {
        "type": "Polygon",
        "coordinates": [
          [
            [
              12.41513123225358,
              55.785131232253576
            ],
            [
              12.41503978,
              55.78352642
            ],
            [
              12.41613721,
              55.78111136
            ],
            [
              12.41524139,
              55.77979426
            ],
            [
              12.41471893,
              55.77825107
            ],
            [
              12.41335463,
              55.77733783
            ],
            [
              12.41437971,
              55.77678506
            ],
            [
              12.4132863,
              55.77567637
            ],
            [
              12.41567713,
              55.77478828
            ],
            [
              12.41651235,
              55.77452759
            ],
            [
              12.41728277,
              55.77447252
            ],
            [
              12.42048716,
              55.7755134
            ],
            [
              12.42135604,
              55.77565311
            ],
            [
              12.42314758,
              55.77555813
            ],
            [
              12.42465922,
              55.77499495
            ],
            [
              12.42696525,
              55.774928
            ],
            [
              12.42755928,
              55.77503137
            ],
            [
              12.42945057,
              55.77573939
            ],
            [
              12.43417353,
              55.77666144
            ],
            [
              12.43716112,
              55.77688032
            ],
            [
              12.4378575,
              55.77668352
            ],
            [
              12.43894605,
              55.77671749
            ],
            [
              12.43857957,
              55.77622264
            ],
            [
              12.43818388,
              55.77594852
            ],
            [
              12.42535202,
              55.77187744
            ],
            [
              12.42388558,
              55.77239074
            ],
            [
              12.42200901,
              55.77284954
            ],
            [
              12.41930603,
              55.77298139
            ],
            [
              12.41728463,
              55.77037979
            ],
            [
              12.4169289,
              55.76116826
            ],
            [
              12.41451779,
              55.76190959
            ],
            [
              12.40940803,
              55.76439738
            ],
            [
              12.40719333,
              55.76534638
            ],
            [
              12.40732857,
              55.76543595
            ],
            [
              12.40585216,
              55.7661454
            ],
            [
              12.4056383,
              55.76600478
            ],
            [
              12.40405236,
              55.76674458
            ],
            [
              12.40313694,
              55.76722383
            ],
            [
              12.40356034,
              55.76723817
            ],
            [
              12.40318108,
              55.76745206
            ],
            [
              12.399231399775212,
              55.769231399775215
            ],
            [
              12.41513123225358,
              55.785131232253576
            ]
          ]
        ]
      }
    },
    {
      "type": "Feature",
      "properties": {
        "name": "\u00d8restad",
        "code": "9352",
        "source": "Dataforsyningen sogne"
      },
      "geometry": {
        "type": "Polygon",
        "coordinates": [
          [
            [
              12.58615328,
              55.64141106
            ],
            [
              12.58290037,
              55.63051616
            ],
            [
              12.58259936,
              55.63055994
            ],
            [
              12.5825642,
              55.630443
            ],
            [
              12.58282772,
              55.63041686
            ],
            [
              12.58228783,
              55.62861269
            ],
            [
              12.58212717,
              55.62861289
            ],
            [
              12.58183588,
              55.6276439
            ],
            [
              12.58199497,
              55.62764042
            ],
            [
              12.58110534,
              55.62468688
            ],
            [
              12.5812852,
              55.62467083
            ],
            [
              12.57932553,
              55.61832661
            ],
            [
              12.57269552,
              55.6159516
            ],
            [
              12.57184012,
              55.61575094
            ],
            [
              12.56929851,
              55.61549771
            ],
            [
              12.52353003,
              55.61548801
            ],
            [
              12.52057335,
              55.61435892
            ],
            [
              12.51634255,
              55.61343293
            ],
            [
              12.51608563,
              55.61287453
            ],
            [
              12.51598131,
              55.61288392
            ],
            [
              12.51617266,
              55.61347159
            ],
            [
              12.51300282,
              55.61336715
            ],
            [
              12.51352292,
              55.61377853
            ],
            [
              12.51333767,
              55.61378196
            ],
            [
              12.51066238,
              55.6137949
            ],
            [
              12.50991718,
              55.61328565
            ],
            [
              12.50886211,
              55.61285335
            ],
            [
              12.50905334,
              55.61299497
            ],
            [
              12.50878593,
              55.6131545
            ],
            [
              12.50711937,
              55.61340795
            ],
            [
              12.5060858,
              55.61340453
            ],
            [
              12.50597858,
              55.61332991
            ],
            [
              12.50604367,
              55.61302719
            ],
            [
              12.50551972,
              55.61375261
            ],
            [
              12.50556219,
              55.61409298
            ],
            [
              12.5047451,
              55.61414954
            ],
            [
              12.50494064,
              55.61447475
            ],
            [
              12.5056472,
              55.61442396
            ],
            [
              12.50584958,
              55.61478296
            ],
            [
              12.50650905,
              55.61525764
            ],
            [
              12.50636131,
              55.61503375
            ],
            [
              12.50670068,
              55.61487208
            ],
            [
              12.50845,
              55.61495723
            ],
            [
              12.50962852,
              55.61469257
            ],
            [
              12.51075093,
              55.61477946
            ],
            [
              12.51098262,
              55.61487775
            ],
            [
              12.51110141,
              55.61510804
            ],
            [
              12.51105321,
              55.61411998
            ],
            [
              12.51336125,
              55.6141182
            ],
            [
              12.51382116,
              55.61433627
            ],
            [
              12.53480457,
              55.63093504
            ],
            [
              12.53895744,
              55.63326137
            ],
            [
              12.55190019,
              55.6401233
            ],
            [
              12.55204299,
              55.64081683
            ],
            [
              12.55133357,
              55.64119706
            ],
            [
              12.55156193,
              55.64149607
            ],
            [
              12.55362162,
              55.64117938
            ],
            [
              12.55500598,
              55.64186157
            ],
            [
              12.55664571,
              55.64099881
            ],
            [
              12.56346679,
              55.64169384
            ],
            [
              12.58198924,
              55.64085801
            ],
            [
              12.58428075,
              55.64101094
            ],
            [
              12.58615328,
              55.64141106
            ]
          ]
        ]
      }
    },
    {
      "type": "Feature",
      "properties": {
        "name": "\u00d8stervold",
        "code": "7040",
        "source": "Dataforsyningen sogne"
      },
      "geometry": {
        "type": "Polygon",
        "coordinates": [
          [
            [
              12.57908235,
              55.69789468
            ],
            [
              12.58040659,
              55.69595561
            ],
            [
              12.58746229,
              55.69222976
            ],
            [
              12.58456456,
              55.69041236
            ],
            [
              12.58470974,
              55.69033591
            ],
            [
              12.58449236,
              55.6902028
            ],
            [
              12.5822973,
              55.68951145
            ],
            [
              12.57867552,
              55.68771381
            ],
            [
              12.57898029,
              55.68752876
            ],
            [
              12.57898602,
              55.68740523
            ],
            [
              12.57819536,
              55.68716961
            ],
            [
              12.57422302,
              55.68900369
            ],
            [
              12.57292622,
              55.68814607
            ],
            [
              12.57002508,
              55.68955721
            ],
            [
              12.56928486,
              55.68950089
            ],
            [
              12.57042129,
              55.69023948
            ],
            [
              12.57082374,
              55.69067771
            ],
            [
              12.57042357,
              55.69106171
            ],
            [
              12.56926362,
              55.69171312
            ],
            [
              12.56850039,
              55.69141891
            ],
            [
              12.57235804,
              55.6938626
            ],
            [
              12.57338495,
              55.69508551
            ],
            [
              12.57387543,
              55.69545643
            ],
            [
              12.57908235,
              55.69789468
            ]
          ]
        ]
      }
    }
  ]
}
